2026-02-17 08:44:46 DEBUG [main.services.graph_client] Graph request: GET https://graph.microsoft.com/v1.0/me/onenote/notebooks?$filter=displayName eq 'OHNO_Notes_to_OneNote'&$select=id,displayName headers={'Authorization': '***REDACTED***'} kwargs={}
2026-02-17 08:44:46 DEBUG [urllib3.connectionpool] Starting new HTTPS connection (1): graph.microsoft.com:443
2026-02-17 08:44:54 DEBUG [urllib3.connectionpool] https://graph.microsoft.com:443 "GET /v1.0/me/onenote/notebooks?$filter=displayName%20eq%20'OHNO_Notes_to_OneNote'&$select=id,displayName HTTP/1.1" 200 None
2026-02-17 08:44:54 INFO [main.services.graph_client] Graph request success: GET https://graph.microsoft.com/v1.0/me/onenote/notebooks?$filter=displayName eq 'OHNO_Notes_to_OneNote'&$select=id,displayName status=200 elapsed=8064ms
2026-02-17 08:44:54 DEBUG [main.services.graph_client] Graph request: GET https://graph.microsoft.com/v1.0/me/onenote/notebooks/1-2c806da6-c7ba-4813-8ea0-7de5801ec332/sections?$filter=displayName eq 'CallDB2024'&$select=id,displayName headers={'Authorization': '***REDACTED***'} kwargs={}
2026-02-17 08:44:55 DEBUG [urllib3.connectionpool] https://graph.microsoft.com:443 "GET /v1.0/me/onenote/notebooks/1-2c806da6-c7ba-4813-8ea0-7de5801ec332/sections?$filter=displayName%20eq%20'CallDB2024'&$select=id,displayName HTTP/1.1" 200 None
2026-02-17 08:44:55 INFO [main.services.graph_client] Graph request success: GET https://graph.microsoft.com/v1.0/me/onenote/notebooks/1-2c806da6-c7ba-4813-8ea0-7de5801ec332/sections?$filter=displayName eq 'CallDB2024'&$select=id,displayName status=200 elapsed=1084ms
2026-02-17 08:44:55 INFO [main.services.graph_client] Create OneNote page XHTML:
<!DOCTYPE html>
        <html>
        <head>
        <title>【ﾒｰﾙ対応】【Prisma】Global Protect接続不良についてのご相談【NHフーズ・チリ 柴田】</title>
        </head>
        <body>
        <!-- source_dxl: C:\Users\SLY\Documents\Python実験\Python - OneNote\Git\Notes_to_OneNote_python\scripts\target_form\FORM_Call2024.nsf_Call4.dxl -->

<style>
.notes-form{font-family:MS PGothic,Meiryo,'Segoe UI',Arial,sans-serif;font-size:11pt;line-height:1.45;color:#222;}
.notes-form table{border-collapse:collapse; width:800px; table-layout:fixed;}
.notes-form td,.notes-form th{border:1px solid #808080; padding:3px 6px; vertical-align:top;}
.notes-form th{background:#efefef;font-weight:normal;}
.notes-form .notes-par{margin:2px 0;font-weight:bold;}
.notes-form .notes-unit{font-weight:normal;}
.notes-form .notes-field{display:inline-block;min-width:6em;min-height:1.2em;border:1px solid #666;background:#fff;padding:1px 4px;border-radius:2px;}
.notes-form .notes-field[data-kind='computed'],
.notes-form .notes-field[data-kind='computedfordisplay'],
.notes-form .notes-field[data-kind='computedwhencomposed']{background:#f7f7f7;color:#555;}
.notes-form .notes-link{color:#0645ad;text-decoration:underline;}
.notes-form .notes-subform{border:1px dashed #aaa;padding:6px;margin:6px 0;background:#fafafa;}
.notes-form .notes-subform-title{font-weight:bold;margin-bottom:4px;}
.notes-form .notes-section{border:1px solid #a0a0a0;margin:6px 0;}
.notes-form .notes-section-title{background:#d9d9d9;padding:2px 6px;font-weight:bold;}
.notes-form .notes-section-body{padding:4px 6px;}
.notes-form .notes-textlist{display:block;margin-left:1em;}

</style>
<div class='notes-form' data-design='コール受付(改4) (Call4)'>
	<div class='notes-section' data-hidewhen='@IsNewDoc'>
		<div class='notes-section-body'>

			<table style='margin-top:1em; border-collapse:collapse; width:800px;'>
				<tr>
					<td style='background:#d9d9d9; padding:2px 6px; font-weight:bold;'>一次対応</td>
				</tr>
			</table>
			<br/>
			<div class='notes-par'>
				<span class='notes-field-wrap'>
					<span class='notes-field' data-field='Title' data-type='text' data-kind='computedwhencomposed' style='font-weight:bold;'>新規コール受付（問題番号：409276083108）</span>
				</span>
			</div>
			<table style='border-collapse:collapse; width:800px; table-layout:fixed;' width='800' border='1' cellspacing='0' cellpadding='0'>
				<tr>
					<td style='border:1px solid #808080; padding:3px 6px; vertical-align:top; background:#e9f3ff; font-weight:bold; width:120px;'>
						<div class='notes-par'><span style='font-weight:bold;'>ユーザー番号</span>
						</div>
					</td>
					<td style='border:1px solid #808080; padding:3px 6px; vertical-align:top;'>
						<div class='notes-par'>
							<span class='notes-field-wrap'>
								<span class='notes-field' data-field='outline' data-type='text' data-kind='editable'>0828</span>
							</span>
						</div>
					</td>
					<td style='border:1px solid #808080; padding:3px 6px; vertical-align:top; background:#e9f3ff; font-weight:bold; width:120px;'>
						<div class='notes-par'><span style='font-weight:bold;'>会社CD</span>
						</div>
					</td>
					<td style='border:1px solid #808080; padding:3px 6px; vertical-align:top;'>
						<div class='notes-par'><span class='notes-field-wrap'><span class='notes-field' data-field='customercompanycd' data-type='text' data-kind='editable'>0828</span></span>
						</div>
					</td>
				</tr>
			</table>
			<table style= border-collapse:collapse; width:800px; table-layout:fixed;' width='800' border='1' cellspacing='0' cellpadding='0'>
				<tr>
					<td style='border:1px solid #808080; padding:3px 6px; vertical-align:top; background:#e9f3ff; font-weight:bold; width:120px;'>
						<div class='notes-par'><span style='font-weight:bold;'>問合せ発生時間</span>
						</div>
					</td>
					<td style='border:1px solid #808080; padding:3px 6px; vertical-align:top;' colspan='3'>
						<div class='notes-par'>
							<span class='notes-field-wrap'>
								<span class='notes-field' data-field='SDATE_Y' data-type='number' data-kind='editable'>2024</span>
							</span>
							<span style='font-weight:bold;'> 年</span>
							<span class='notes-field-wrap'>
								<span class='notes-field' data-field='SDATE_M' data-type='number' data-kind='editable'>9</span>
							</span>
							<span style='font-weight:bold;'> 月</span>
							<span class='notes-field-wrap'>
								<span class='notes-field' data-field='SDATE_D' data-type='number' data-kind='editable'>27</span>
							</span>
							<span style='font-weight:bold;'> 日（</span>
							<span class='notes-field-wrap'>
								<span class='notes-field' data-field='STIME_H' data-type='text' data-kind='editable'>7</span>
							</span>
							<span style='font-weight:bold;'> 時</span>
							<span class='notes-field-wrap'>
								<span class='notes-field' data-field='STIME_M' data-type='text' data-kind='editable'>48</span>
							</span>
							<span style='font-weight:bold;'> 分）</span>
						</div>
					</td>
				</tr>
				<tr>
					<td style='border:1px solid #808080; padding:3px 6px; vertical-align:top; background:#e9f3ff; font-weight:bold; width:120px;'>
						<div class='notes-par'><span style='font-weight:bold;'>対応開始時間</span>
						</div>
					</td>
					<td style='border:1px solid #808080; padding:3px 6px; vertical-align:top;' colspan='3'>
						<div class='notes-par'>
							<span class='notes-field-wrap'>
								<span class='notes-field' data-field='TDATE_Y' data-type='number' data-kind='editable'>2024</span>
							</span>
							<span style='font-weight:bold;'> 年</span>
							<span class='notes-field-wrap'>
								<span class='notes-field' data-field='TDATE_M' data-type='number' data-kind='editable'>9</span>
							</span>
							<span style='font-weight:bold;'> 月</span>
							<span class='notes-field-wrap'>
								<span class='notes-field' data-field='TDATE_D' data-type='number' data-kind='editable'>27</span>
							</span>
							<span style='font-weight:bold;'> 日（</span><span class='notes-field-wrap'>
								<span class='notes-field' data-field='TTIME_H' data-type='text' data-kind='editable'>8</span>
							</span>
							<span style='font-weight:bold;'> 時</span>
							<span class='notes-field-wrap'>
								<span class='notes-field' data-field='TTIME_M' data-type='text' data-kind='editable'>31</span>
							</span>
							<span style='font-weight:bold;'> 分）</span>
						</div>
					</td>
				</tr>
			</table>

			<table style='border-collapse:collapse; width:800px; table-layout:fixed;' width='800' border='1' cellspacing='0' cellpadding='0'>
				<tr>
					<td style='border:1px solid #808080; padding:3px 6px; vertical-align:top; background:#e9f3ff; font-weight:bold; width:120px;'>
						<div class='notes-par'><span style='font-weight:bold;'>事業所名</span>
						</div>
					</td>
					<td style='border:1px solid #808080; padding:3px 6px; vertical-align:top;'>
						<div class='notes-par'><span class='notes-field-wrap'><span class='notes-field' data-field='customername' data-type='text' data-kind='editable' data-allowmultivalues='true'>ＮＨフーズ・チリ</span></span>
						</div>
					</td>
					<td style='border:1px solid #808080; padding:3px 6px; vertical-align:top; background:#e9f3ff; font-weight:bold; width:120px;'>
						<div class='notes-par'><span style='font-weight:bold;'>事業所名（カナ）</span>
						</div>
					</td>
					<td style='border:1px solid #808080; padding:3px 6px; vertical-align:top;'>
						<div class='notes-par'><span class='notes-field-wrap'><span class='notes-field' data-field='kana' data-type='text' data-kind='editable'>NHﾌ-ｽﾞ･ﾁﾘ</span></span>
						</div>
					</td>
				</tr>
				<tr>
					<td style='border:1px solid #808080; padding:3px 6px; vertical-align:top; background:#e9f3ff; font-weight:bold; width:120px;'>
						<div class='notes-par'><span style='font-weight:bold;'>所属</span>
						</div>
					</td>
					<td style='border:1px solid #808080; padding:3px 6px; vertical-align:top;'>
						<div class='notes-par'><span class='notes-field-wrap'><span class='notes-field' data-field='SEC1' data-type='text' data-kind='editable'></span></span>
						</div>
					</td>
					<td style='border:1px solid #808080; padding:3px 6px; vertical-align:top;'>
						<div class='notes-par'><span class='notes-field-wrap'><span class='notes-field' data-field='SEC2' data-type='text' data-kind='editable'>海外事業本部</span></span>
						</div>
					</td>
					<td style='border:1px solid #808080; padding:3px 6px; vertical-align:top;'>
						<div class='notes-par'><span class='notes-field-wrap'><span class='notes-field' data-field='SEC3' data-type='text' data-kind='editable'>ＮＨフーズ・チリ</span></span>
						</div>
					</td>
				</tr>
				<tr>
					<td style='border:1px solid #808080; padding:3px 6px; vertical-align:top; background:#e9f3ff; font-weight:bold; width:120px;'>
						<div class='notes-par'><span style='font-weight:bold;'>住所</span>
						</div>
					</td>
					<td style='border:1px solid #808080; padding:3px 6px; vertical-align:top;'>
						<div class='notes-par'><span class='notes-field-wrap'><span class='notes-field' data-field='ADDRESS1' data-type='text' data-kind='editable'>－－</span></span>
						</div>
					</td>
					<td style='border:1px solid #808080; padding:3px 6px; vertical-align:top;'>
						<div class='notes-par'><span class='notes-field-wrap'><span class='notes-field' data-field='ADDRESS2' data-type='text' data-kind='editable'>－－－－－－</span></span>
						</div>
					</td>
					<td style='border:1px solid #808080; padding:3px 6px; vertical-align:top;'>
						<div class='notes-par'><span class='notes-field-wrap'><span class='notes-field' data-field='ADDRESS3' data-type='text' data-kind='editable'>－－－－－－ＡＶ．ＡＮＤＥＲＳＢＥＬＬＯ２６８７，ＯＦＩＣＩ</span></span>
						</div>
					</td>
				</tr>
				<tr>
					<td style='border:1px solid #808080; padding:3px 6px; vertical-align:top; background:#e9f3ff; font-weight:bold; width:120px;'>
						<div class='notes-par'><span style='font-weight:bold;'>電話</span>
						</div>
					</td>
					<td style='border:1px solid #808080; padding:3px 6px; vertical-align:top;'>
						<div class='notes-par'><span class='notes-field-wrap'><span class='notes-field' data-field='tel' data-type='text' data-kind='editable'>56-2-2438-68</span></span>
						</div>
					</td>
					<td style='border:1px solid #808080; padding:3px 6px; vertical-align:top; background:#e9f3ff; font-weight:bold; width:120px;'>
						<div class='notes-par'><span style='font-weight:bold;'>部門名</span>
						</div>
					</td>
					<td style='border:1px solid #808080; padding:3px 6px; vertical-align:top;'>
						<div class='notes-par'><span class='notes-field-wrap'><span class='notes-field' data-field='BUMON' data-type='text' data-kind='editable'>直轄</span></span>
						</div>
					</td>
				</tr>
				<tr>
					<td style='border:1px solid #808080; padding:3px 6px; vertical-align:top; background:#e9f3ff; font-weight:bold; width:120px;'>
						<div class='notes-par'><span style='font-weight:bold;'>ＦＡＸ</span>
						</div>
					</td>
					<td style='border:1px solid #808080; padding:3px 6px; vertical-align:top;'>
						<div class='notes-par'><span class='notes-field-wrap'><span class='notes-field' data-field='fax' data-type='text' data-kind='editable'></span></span>
						</div>
					</td>
					<td style='border:1px solid #808080; padding:3px 6px; vertical-align:top; background:#e9f3ff; font-weight:bold; width:120px;'>
						<div class='notes-par'><span style='font-weight:bold;'>会社区分</span>
						</div>
					</td>
					<td style='border:1px solid #808080; padding:3px 6px; vertical-align:top;'>
						<div class='notes-par'><span class='notes-field-wrap'><span class='notes-field' data-field='KAISHA' data-type='text' data-kind='editable'>商事会社（ＪＦ，イースタン）</span></span>
						</div>
					</td>
				</tr>
			</table><br/>
			<table style='margin-top:1em; border-collapse:collapse; width:800px; table-layout:fixed;' width='800' border='1' cellspacing='0' cellpadding='0' data-hidewhen='@Contains(@UserRoles;&quot;[JSOX]&quot;)'>
				<tr>
					<td style='border:1px solid #808080; padding:3px 6px; vertical-align:top; background:#e9f3ff; font-weight:bold; width:120px;'>
						<div class='notes-par'><span style='font-weight:bold;'>問合せ者氏名（漢字）</span>
						</div>
					</td>
					<td style='border:1px solid #808080; padding:3px 6px; vertical-align:top;'>
						<div class='notes-par'><span class='notes-field-wrap'><span class='notes-field' data-field='customername_1' data-type='text' data-kind='editable' data-allowmultivalues='true'>柴田.峻介</span></span>
						</div>
					</td>
					<td style='border:1px solid #808080; padding:3px 6px; vertical-align:top; background:#e9f3ff; font-weight:bold; width:120px;'>
						<div class='notes-par'><span style='font-weight:bold;'>問合せ者氏名（カナ）</span>
						</div>
					</td>
					<td style='border:1px solid #808080; padding:3px 6px; vertical-align:top;'>
						<div class='notes-par'><span class='notes-field-wrap'><span class='notes-field' data-field='customername_2' data-type='text' data-kind='editable' data-allowmultivalues='true'>ｼﾊﾞﾀ ｼｭﾝｽｹ</span></span>
						</div>
					</td>
				</tr>
				<tr data-hidewhen='@Contains(@UserRoles;&quot;[JSOX]&quot;)'>
					<td style='border:1px solid #808080; padding:3px 6px; vertical-align:top; background:#e9f3ff; font-weight:bold; width:120px;'>
						<div class='notes-par'><span style='font-weight:bold;'>問合せ者ユーザーID</span>
						</div>
					</td>
					<td style='border:1px solid #808080; padding:3px 6px; vertical-align:top;' data-hidewhen='@Contains(@UserRoles;&quot;[JSOX]&quot;)'>
						<div class='notes-par'><span class='notes-field-wrap'><span class='notes-field' data-field='customerID' data-type='text' data-kind='editable'>US0000443</span></span>
						</div>
					</td>
					<td style='border:1px solid #808080; padding:3px 6px; vertical-align:top; background:#e9f3ff; font-weight:bold; width:120px;'>
						<div class='notes-par'><span style='font-weight:bold;'>連絡先（携帯電話/内線番号）</span>
						</div>
					</td>
					<td style='border:1px solid #808080; padding:3px 6px; vertical-align:top;'>
						<div class='notes-par'><span class='notes-field-wrap'><span class='notes-field' data-field='customerkeitai' data-type='text' data-kind='editable' data-allowmultivalues='true'>+56-9-4075-1595</span></span>
						</div>
					</td>
				</tr>
			</table><br/>
			<div class='notes-par'><span style='font-weight:bold;'>一次　問い合わせ内容</span>
			</div>
			<table style='margin-top:1em; border-collapse:collapse; width:800px; table-layout:fixed;' width='800' border='1' cellspacing='0' cellpadding='0' data-hidewhen='!(@Contains(@UserRoles;&quot;[HELP]&quot;) | @Contains(@UserRoles;&quot;[二次]&quot;) | @Contains(@UserRoles;&quot;[関連]&quot;) | @Contains(@UserRoles;&quot;[携帯他]&quot;))'>
				<tr>
					<td style='border:1px solid #808080; padding:3px 6px; vertical-align:top; background:#e9f3ff; font-weight:bold; width:120px;'>
						<div class='notes-par'><span style='font-weight:bold;'>質問概要</span>
						</div>
					</td>
					<td style='border:1px solid #808080; padding:3px 6px; vertical-align:top;'>
						<div class='notes-par'><span class='notes-field-wrap'><span class='notes-field' data-field='outline' data-type='text' data-kind='editable'>【ﾒｰﾙ対応】【Prisma】Global Protect接続不良についてのご相談【NHフーズ・チリ 柴田】</span></span>
						</div>
					</td>
				</tr>
				<tr>
					<td style='border:1px solid #808080; padding:3px 6px; vertical-align:top; background:#e9f3ff; font-weight:bold; width:120px;'>
						<div class='notes-par'><span style='font-weight:bold;'>問合せ内容</span>
						</div>
						<div class='notes-par'><span style='font-weight:bold;'>（詳細）</span>
						</div>
					</td>
					<td style='border:1px solid #808080; padding:3px 6px; vertical-align:top;'>
						<div class='notes-par'><span class='notes-field-wrap'><span class='notes-field' data-field='inquiry' data-type='text' data-kind='editable'></span></span>
						</div>
					</td>
				</tr>
				<tr data-hidewhen='!(@Contains(@UserRoles;&quot;[HELP]&quot;) | @Contains(@UserRoles;&quot;[二次]&quot;) | @Contains(@UserRoles;&quot;[関連]&quot;) | @Contains(@UserRoles;&quot;[携帯他]&quot;))'>
					<td style='border:1px solid #808080; padding:3px 6px; vertical-align:top; background:#e9f3ff; font-weight:bold; width:120px;'>
						<div class='notes-par'><span style='font-weight:bold;'>対応内容</span>
						</div>
						<div class='notes-par'><span style='font-weight:bold;'>最終回答</span>
						</div>
					</td>
					<td style='border:1px solid #808080; padding:3px 6px; vertical-align:top;' data-hidewhen='!(@Contains(@UserRoles;&quot;[HELP]&quot;) | @Contains(@UserRoles;&quot;[二次]&quot;) | @Contains(@UserRoles;&quot;[関連]&quot;) | @Contains(@UserRoles;&quot;[携帯他]&quot;))'>
						<div class='notes-par'><span class='notes-field-wrap'><span class='notes-field' data-field='answer' data-type='text' data-kind='editable'></span></span>
						</div>
						<div class='notes-par'><span style='font-weight:bold;'>処理件数：</span><span class='notes-field-wrap'><span class='notes-field' data-field='Processing_number' data-type='text' data-kind='editable'></span></span>
						</div>
						<div class='notes-par'><span style='font-weight:bold;'>ﾊﾟｽﾜｰﾄﾞ</span><span style='font-weight:bold;'>ﾉｰﾂ：</span><span class='notes-field-wrap'><span class='notes-field' data-field='pass' data-type='text' data-kind='editable'></span></span><span style='font-weight:bold;'>AD：</span><span class='notes-field-wrap'><span class='notes-field' data-field='pass_1' data-type='text' data-kind='editable'></span></span><span style='font-weight:bold;'>その他：</span><span class='notes-field-wrap'><span class='notes-field' data-field='pass_2' data-type='text' data-kind='editable'></span></span>
						</div>
					</td>
				</tr>
				<tr>
					<td style='border:1px solid #808080; padding:3px 6px; vertical-align:top; background:#e9f3ff; font-weight:bold; width:120px;'>
						<div class='notes-par'><span style='font-weight:bold;'>対応時間</span>
						</div>
						<div class='notes-par'><span style='font-weight:bold;'>調査時間</span>
						</div>
					</td>
					<td style='border:1px solid #808080; padding:3px 6px; vertical-align:top;'>
						<div class='notes-par'><span class='notes-field-wrap'><span class='notes-field' data-field='JIKAN' data-type='number' data-kind='editable'>60</span></span><span style='font-weight:bold;'>分　【ログ送信日時</span><span style='font-weight:bold;'>】：</span><span class='notes-field-wrap'><span class='notes-field' data-field='JDATE_Y' data-type='text' data-kind='editable'></span></span><span style='font-weight:bold;'>年</span><span class='notes-field-wrap'><span class='notes-field' data-field='JDATE_M' data-type='text' data-kind='editable'></span></span><span style='font-weight:bold;'> 月</span><span class='notes-field-wrap'><span class='notes-field' data-field='JDATE_D' data-type='text' data-kind='editable'></span></span><span style='font-weight:bold;'>日（</span><span class='notes-field-wrap'><span class='notes-field' data-field='JTIME_H' data-type='text' data-kind='editable'></span></span><span style='font-weight:bold;'>時</span><span class='notes-field-wrap'><span class='notes-field' data-field='JTIME_M' data-type='text' data-kind='editable'></span></span><span style='font-weight:bold;'>分）</span>
						</div>
						<div class='notes-par'><span class='notes-field-wrap'><span class='notes-field' data-field='JIKAN2' data-type='number' data-kind='editable'>40</span></span><span style='font-weight:bold;'>分</span>
						</div>
						<div class='notes-par'><span style='font-weight:bold;'>追加対応者</span><span style='font-weight:bold;'>対応時間：</span><span class='notes-field-wrap'><span class='notes-field' data-field='JIKAN_3' data-type='number' data-kind='editable'></span></span><span style='font-weight:bold;'>分</span><span style='font-weight:bold;'>調査時間：</span><span class='notes-field-wrap'><span class='notes-field' data-field='JIKAN_4' data-type='number' data-kind='editable'></span></span><span style='font-weight:bold;'>分　　ログチェック：</span><span class='notes-field-wrap'><span class='notes-field' data-field='JIKAN_5' data-type='number' data-kind='editable'>1</span></span><span style='font-weight:bold;'> 分</span>
						</div>
					</td>
				</tr>
				<tr>
					<td style='border:1px solid #808080; padding:3px 6px; vertical-align:top; background:#e9f3ff; font-weight:bold; width:120px;'>
						<div class='notes-par'><span style='font-weight:bold;'>対応完了日時</span>
						</div>
					</td>
					<td style='border:1px solid #808080; padding:3px 6px; vertical-align:top;'>
						<div class='notes-par'><span class='notes-field-wrap'><span class='notes-field' data-field='EDATE_Y' data-type='number' data-kind='editable'>2024</span></span><span style='font-weight:bold;'> 年</span><span class='notes-field-wrap'><span class='notes-field' data-field='EDATE_M' data-type='number' data-kind='editable'>9</span></span><span style='font-weight:bold;'> 月</span><span class='notes-field-wrap'><span class='notes-field' data-field='EDATE_D' data-type='number' data-kind='editable'>27</span></span><span style='font-weight:bold;'> 日（</span><span class='notes-field-wrap'><span class='notes-field' data-field='ETIME_H' data-type='text' data-kind='editable'>11</span></span><span style='font-weight:bold;'> 時</span><span class='notes-field-wrap'><span class='notes-field' data-field='ETIME_M' data-type='text' data-kind='editable'>17</span></span><span style='font-weight:bold;'> 分）</span>
						</div>
					</td>
				</tr>
			</table><br/>
			<div class='notes-par'><span style='font-weight:bold;'>＜対象者情報＞</span>
			</div>
			<table style='margin-top:1em; border-collapse:collapse; width:800px; table-layout:fixed;' width='800' border='1' cellspacing='0' cellpadding='0' data-hidewhen='@Contains(@UserRoles;&quot;[JSOX]&quot;)'>
				<tr data-hidewhen='@Contains(@UserRoles;&quot;[JSOX]&quot;)'>
					<td style='border:1px solid #808080; padding:3px 6px; vertical-align:top; background:#e9f3ff; font-weight:bold; width:120px;' data-hidewhen='@Contains(@UserRoles;&quot;[JSOX]&quot;)'>
						<div class='notes-par'><span style='font-weight:bold;'>対象者氏名</span>
						</div>
					</td>
					<td style='border:1px solid #808080; padding:3px 6px; vertical-align:top;' data-hidewhen='@Contains(@UserRoles;&quot;[JSOX]&quot;)'>
						<div class='notes-par'><span class='notes-field-wrap'><span class='notes-field' data-field='name' data-type='text' data-kind='editable'></span></span>
						</div>
					</td>
					<td style='border:1px solid #808080; padding:3px 6px; vertical-align:top; background:#e9f3ff; font-weight:bold; width:120px;' data-hidewhen='@Contains(@UserRoles;&quot;[JSOX]&quot;)'>
						<div class='notes-par'><span style='font-weight:bold;'>ADユーザーID</span>
						</div>
					</td>
					<td style='border:1px solid #808080; padding:3px 6px; vertical-align:top;' data-hidewhen='@Contains(@UserRoles;&quot;[JSOX]&quot;)'>
						<div class='notes-par'><span class='notes-field-wrap'><span class='notes-field' data-field='ADID' data-type='text' data-kind='editable'></span></span>
						</div>
					</td>
				</tr>
				<tr>
					<td style='border:1px solid #808080; padding:3px 6px; vertical-align:top; background:#e9f3ff; font-weight:bold; width:120px;'>
						<div class='notes-par'><span style='font-weight:bold;'>コンピューター名</span>
						</div>
					</td>
					<td style='border:1px solid #808080; padding:3px 6px; vertical-align:top;'>
						<div class='notes-par'><span class='notes-field-wrap'><span class='notes-field' data-field='pc_name' data-type='text' data-kind='editable'></span></span>
						</div>
					</td>
					<td style='border:1px solid #808080; padding:3px 6px; vertical-align:top; background:#e9f3ff; font-weight:bold; width:120px;'>
						<div class='notes-par'><span style='font-weight:bold;'>メールアドレス</span>
						</div>
					</td>
					<td style='border:1px solid #808080; padding:3px 6px; vertical-align:top;'>
						<div class='notes-par'><span class='notes-field-wrap'><span class='notes-field' data-field='MailAddress' data-type='text' data-kind='editable'></span></span>
						</div>
					</td>
				</tr>
			</table><br/>
			<div class='notes-par'><span style='font-weight:bold;'>＜Office365情報＞</span>
			</div>
			<table style='margin-top:1em; border-collapse:collapse; width:800px; table-layout:fixed;' width='800' border='1' cellspacing='0' cellpadding='0' data-hidewhen='@Contains(@UserRoles;&quot;[JSOX]&quot;)'>
				<tr>
					<td style='border:1px solid #808080; padding:3px 6px; vertical-align:top; background:#e9f3ff; font-weight:bold; width:120px;'>
						<div class='notes-par'><span style='font-weight:bold;'>Offife365ライセンス</span>
						</div>
					</td>
					<td style='border:1px solid #808080; padding:3px 6px; vertical-align:top;'>
						<div class='notes-par'><span class='notes-field-wrap'><span class='notes-field' data-field='O365License' data-type='keyword' data-kind='editable'></span></span>
						</div>
					</td>
					<td style='border:1px solid #808080; padding:3px 6px; vertical-align:top; background:#e9f3ff; font-weight:bold; width:120px;'>
						<div class='notes-par'><span style='font-weight:bold;'>Outlook使用アプリ</span>
						</div>
					</td>
					<td style='border:1px solid #808080; padding:3px 6px; vertical-align:top;'>
						<div class='notes-par'><span class='notes-field-wrap'><span class='notes-field' data-field='OutlookApri' data-type='keyword' data-kind='editable'></span></span>
						</div>
					</td>
				</tr>
				<tr>
					<td style='border:1px solid #808080; padding:3px 6px; vertical-align:top; background:#e9f3ff; font-weight:bold; width:120px;'>
						<div class='notes-par'><span style='font-weight:bold;'>利用環境_端末</span>
						</div>
					</td>
					<td style='border:1px solid #808080; padding:3px 6px; vertical-align:top;'>
						<div class='notes-par'><span class='notes-field-wrap'><span class='notes-field' data-field='plathome' data-type='keyword' data-kind='editable'></span></span>
						</div>
					</td>
					<td style='border:1px solid #808080; padding:3px 6px; vertical-align:top; background:#e9f3ff; font-weight:bold; width:120px;'>
						<div class='notes-par'><span style='font-weight:bold;'>スマートデバイス回線番号</span>
						</div>
					</td>
					<td style='border:1px solid #808080; padding:3px 6px; vertical-align:top;'>
						<div class='notes-par'><span class='notes-field-wrap'><span class='notes-field' data-field='mobile_tel_no' data-type='text' data-kind='editable'></span></span>
						</div>
					</td>
				</tr>
			</table>

			<table style='border-collapse:collapse; width:800px; table-layout:fixed;' width='800' border='1' cellspacing='0' cellpadding='0' data-hidewhen='@Contains(@UserRoles;&quot;[JSOX]&quot;)'>
				<tr data-hidewhen='@Contains(@UserRoles;&quot;[JSOX]&quot;)'>
					<td style='border:1px solid #808080; padding:3px 6px; vertical-align:top; background:#e9f3ff; font-weight:bold; width:120px;' data-hidewhen='@Contains(@UserRoles;&quot;[JSOX]&quot;)'>
						<div class='notes-par'><span style='font-weight:bold;'>利用環境_種類</span>
						</div>
					</td>
					<td style='border:1px solid #808080; padding:3px 6px; vertical-align:top;' colspan='3' data-hidewhen='@Contains(@UserRoles;&quot;[JSOX]&quot;)'>
						<div class='notes-par'><span class='notes-field-wrap'><span class='notes-field' data-field='O365SYURUI' data-type='keyword' data-kind='editable' data-allowmultivalues='true'></span></span><span style='font-weight:bold;'>　(：</span><span class='notes-field-wrap'><span class='notes-field' data-field='BROWSER' data-type='keyword' data-kind='editable' data-allowmultivalues='true'></span></span><span style='font-weight:bold;'>)</span>
						</div>
					</td>
				</tr>
				<tr data-hidewhen='@Contains(@UserRoles;&quot;[JSOX]&quot;)'>
					<td style='border:1px solid #808080; padding:3px 6px; vertical-align:top; background:#e9f3ff; font-weight:bold; width:120px;'>
						<div class='notes-par'><span style='font-weight:bold;'>実施作業</span>
						</div>
					</td>
					<td style='border:1px solid #808080; padding:3px 6px; vertical-align:top;' colspan='3' data-hidewhen='@Contains(@UserRoles;&quot;[JSOX]&quot;)'>
						<div class='notes-par'><span class='notes-field-wrap'><span class='notes-field' data-field='SAGYO' data-type='keyword' data-kind='editable' data-allowmultivalues='true'></span></span>
						</div>
					</td>
				</tr>
			</table><br/>
			<table style='margin-top:1em; border-collapse:collapse; width:800px; table-layout:fixed;' width='800' border='1' cellspacing='0' cellpadding='0' data-hidewhen='@Contains(@UserRoles;&quot;[JSOX]&quot;)'>
				<tr>
					<td style='border:1px solid #808080; padding:3px 6px; vertical-align:top; background:#e9f3ff; font-weight:bold; width:120px;'>
						<div class='notes-par'><span style='font-weight:bold;'>問合せ種別</span>
						</div>
					</td>
					<td style='border:1px solid #808080; padding:3px 6px; vertical-align:top;'>
						<div class='notes-par'><span class='notes-field-wrap'><span class='notes-field' data-field='category1' data-type='keyword' data-kind='editable'>トラブル</span></span>
						</div>
					</td>
					<td style='border:1px solid #808080; padding:3px 6px; vertical-align:top; background:#e9f3ff; font-weight:bold; width:120px;'>
						<div class='notes-par'><span style='font-weight:bold;'>問合せチャネル</span>
						</div>
					</td>
					<td style='border:1px solid #808080; padding:3px 6px; vertical-align:top;'>
						<div class='notes-par'><span class='notes-field-wrap'><span class='notes-field' data-field='category5' data-type='keyword' data-kind='editable'>メール</span></span>
						</div>
					</td>
				</tr>
			</table>
			<table style='border-collapse:collapse; width:800px; table-layout:fixed;' width='800' border='1' cellspacing='0' cellpadding='0'>
				<tr>
					<td style='border:1px solid #808080; padding:3px 6px; vertical-align:top; background:#e9f3ff; font-weight:bold; width:120px;'>
						<div class='notes-par'><span style='font-weight:bold;'>問合せ内容</span>
						</div>
					</td>
					<td style='border:1px solid #808080; padding:3px 6px; vertical-align:top;'>
						<div class='notes-par'>
							<span class='notes-field-wrap'>
								<span class='notes-field' data-field='category3' data-type='text' data-kind='editable'>06.ネットワーク関連</span>
							</span>
						</div>
						<div class='notes-par'><span class='notes-field-wrap'><span class='notes-field' data-field='category4' data-type='text' data-kind='editable'>06.Prismaﾘﾓｰﾄｱｸｾｽ</span></span>
						</div>
						<div class='notes-par'><span class='notes-field-wrap'><span class='notes-field' data-field='category6' data-type='text' data-kind='editable'></span></span>
						</div>
					</td>
				</tr>
				<tr data-hidewhen='@Contains(@UserRoles;&quot;[JSOX]&quot;)'>
					<td style='border:1px solid #808080; padding:3px 6px; vertical-align:top; background:#e9f3ff; font-weight:bold; width:120px;' data-hidewhen='@Contains(@UserRoles;&quot;[JSOX]&quot;)'>
						<div class='notes-par'><span style='font-weight:bold;'>サポートデスクＤＢ</span>
						</div>
					</td>
					<td style='border:1px solid #808080; padding:3px 6px; vertical-align:top;' colspan='3' data-hidewhen='@Contains(@UserRoles;&quot;[JSOX]&quot;)'>
						<div class='notes-par'><span style='font-weight:bold;'>カテゴリ１：</span><span class='notes-field-wrap'><span class='notes-field' data-field='S_Category1' data-type='text' data-kind='editable'></span></span>
						</div>
						<div class='notes-par'><span style='font-weight:bold;'>カテゴリ２：</span><span class='notes-field-wrap'><span class='notes-field' data-field='S_Category2' data-type='text' data-kind='editable'></span></span>
						</div>
						<div class='notes-par'><span style='font-weight:bold;'>カテゴリ３：</span><span class='notes-field-wrap'><span class='notes-field' data-field='S_Category3' data-type='text' data-kind='editable'></span></span>
						</div>
						<div class='notes-par'><span style='font-weight:bold;'>件名：</span><span class='notes-field-wrap'><span class='notes-field' data-field='S_Outline' data-type='text' data-kind='editable'></span></span>
						</div>
					</td>
				</tr>
				<tr>
					<td style='border:1px solid #808080; padding:3px 6px; vertical-align:top; background:#e9f3ff; font-weight:bold; width:120px;'>
						<div class='notes-par'><span style='font-weight:bold;'>ヘルプマニュアル</span>
						</div>
					</td>
					<td style='border:1px solid #808080; padding:3px 6px; vertical-align:top;' colspan='3'>
						<div class='notes-par'><span style='font-weight:bold;'>カテゴリ１：</span><span class='notes-field-wrap'><span class='notes-field' data-field='H_Category1' data-type='text' data-kind='editable'></span></span>
						</div>
						<div class='notes-par'><span style='font-weight:bold;'>カテゴリ２：</span><span class='notes-field-wrap'><span class='notes-field' data-field='H_Category2' data-type='text' data-kind='editable'></span></span>
						</div>
						<div class='notes-par'><span style='font-weight:bold;'>件名：</span><span class='notes-field-wrap'><span class='notes-field' data-field='H_Outline' data-type='text' data-kind='editable'></span></span>
						</div>
					</td>
				</tr>
				<tr data-hidewhen='@Contains(@UserRoles;&quot;[JSOX]&quot;)'>
					<td style='border:1px solid #808080; padding:3px 6px; vertical-align:top; background:#e9f3ff; font-weight:bold; width:120px;' data-hidewhen='@Contains(@UserRoles;&quot;[JSOX]&quot;)'>
						<div class='notes-par'><span style='font-weight:bold;'>関連部門の</span>
						</div>
						<div class='notes-par'><span style='font-weight:bold;'>ｴｽｶﾚｰｼｮﾝ先</span>
						</div>
					</td>
					<td style='border:1px solid #808080; padding:3px 6px; vertical-align:top;' colspan='3' data-hidewhen='@Contains(@UserRoles;&quot;[JSOX]&quot;)'>
						<div class='notes-par'><span class='notes-field-wrap'><span class='notes-field' data-field='Escalation_1' data-type='text' data-kind='editable'></span></span><span style='font-weight:bold;'>※システム名</span>
						</div>
						<div class='notes-par'><span class='notes-field-wrap'><span class='notes-field' data-field='SSendTo_1' data-type='text' data-kind='editable'></span></span><span style='font-weight:bold;'>※送信先の宛先</span>
						</div>
						<div class='notes-par'><span class='notes-field-wrap'><span class='notes-field' data-field='SCC_1' data-type='text' data-kind='editable'></span></span><span style='font-weight:bold;'>※送信先のCC</span>
						</div>
					</td>
				</tr>
				<tr data-hidewhen='@Contains(@UserRoles;&quot;[JSOX]&quot;)'>
					<td style='border:1px solid #808080; padding:3px 6px; vertical-align:top; background:#e9f3ff; font-weight:bold; width:120px;' data-hidewhen='@Contains(@UserRoles;&quot;[JSOX]&quot;)'>
						<div class='notes-par'><span style='font-weight:bold;'>対応依頼先</span>
						</div>
					</td>
					<td style='border:1px solid #808080; padding:3px 6px; vertical-align:top;' colspan='3'>
						<div class='notes-par'><span class='notes-field-wrap'><span class='notes-field' data-field='Escalation_0_1' data-type='text' data-kind='editable'></span></span>
						</div>
					</td>
				</tr>
			</table><br/>
			<table style='margin-top:1em; border-collapse:collapse; width:800px; table-layout:fixed;' width='800' border='1' cellspacing='0' cellpadding='0' data-hidewhen='@Contains(@UserRoles;&quot;[JSOX]&quot;)'>
				<tr data-hidewhen='@Contains(@UserRoles;&quot;[JSOX]&quot;)'>
					<td style='border:1px solid #808080; padding:3px 6px; vertical-align:top; background:#f2f2f2; font-weight:bold; width:120px;' data-hidewhen='@Contains(@UserRoles;&quot;[JSOX]&quot;)'>
						<div class='notes-par'><span style='font-weight:bold;'>Hardware</span>
						</div>
					</td>
				</tr>
				<tr data-hidewhen='@Contains(@UserRoles;&quot;[JSOX]&quot;)'>
					<td style='border:1px solid #808080; padding:3px 6px; vertical-align:top; background:#e9f3ff; font-weight:bold; width:120px;' data-hidewhen='@Contains(@UserRoles;&quot;[JSOX]&quot;)'>
						<div class='notes-par'><span style='font-weight:bold;'>メーカー</span>
						</div>
					</td>
					<td style='border:1px solid #808080; padding:3px 6px; vertical-align:top;'>
						<div class='notes-par'><span class='notes-field-wrap'><span class='notes-field' data-field='HW' data-type='text' data-kind='editable'></span></span>
						</div>
					</td>
				</tr>
				<tr>
					<td style='border:1px solid #808080; padding:3px 6px; vertical-align:top; background:#e9f3ff; font-weight:bold; width:120px;'>
						<div class='notes-par'><span style='font-weight:bold;'>製品名</span>
						</div>
					</td>
					<td style='border:1px solid #808080; padding:3px 6px; vertical-align:top;'>
						<div class='notes-par'><span class='notes-field-wrap'><span class='notes-field' data-field='SEIHIN' data-type='text' data-kind='editable'></span></span>
						</div>
					</td>
				</tr>
				<tr>
					<td style='border:1px solid #808080; padding:3px 6px; vertical-align:top; background:#e9f3ff; font-weight:bold; width:120px;'>
						<div class='notes-par'><span style='font-weight:bold;'>製造番号</span>
						</div>
					</td>
					<td style='border:1px solid #808080; padding:3px 6px; vertical-align:top;'>
						<div class='notes-par'><span class='notes-field-wrap'><span class='notes-field' data-field='PCSN' data-type='text' data-kind='editable'></span></span>
						</div>
					</td>
				</tr>
			</table><br/>
			<div class='notes-par'><span class='notes-field-wrap'><span class='notes-field' data-field='TRWORK' data-type='text' data-kind='computed'>0</span></span>
			</div>
			<table style='margin-top:1em; border-collapse:collapse; width:800px; table-layout:fixed;' width='800' border='1' cellspacing='0' cellpadding='0' data-hidewhen='@Contains(@UserRoles;&quot;[JSOX]&quot;)'>
				<tr data-hidewhen='@Contains(@UserRoles;&quot;[JSOX]&quot;)'>
					<td style='border:1px solid #808080; padding:3px 6px; vertical-align:top; background:#e9f3ff; font-weight:bold; width:120px;' data-hidewhen='@Contains(@UserRoles;&quot;[JSOX]&quot;)'>
						<div class='notes-par'><span style='font-weight:bold;'>再ｲﾝｽﾄｰﾙ</span>
						</div>
					</td>
					<td style='border:1px solid #808080; padding:3px 6px; vertical-align:top;' data-hidewhen='@Contains(@UserRoles;&quot;[JSOX]&quot;)'>
						<div class='notes-par'>
							<span style='font-weight:bold;'>送付到着確認日：</span>
							<span class='notes-field-wrap'>
								<span class='notes-field' data-field='PCYY' data-type='number' data-kind='editable'></span>
							</span>
							<span style='font-weight:bold;'>年</span>
							<span class='notes-field-wrap'>
								<span class='notes-field' data-field='PCMY' data-type='number' data-kind='editable'></span>
							</span>
							<span style='font-weight:bold;'>月</span>
							<span class='notes-field-wrap'>
								<span class='notes-field' data-field='PCDY' data-type='number' data-kind='editable'></span>
							</span>
							<span style='font-weight:bold;'>日</span>
						</div>
						<div class='notes-par'>
							<span style='font-weight:bold;'>作業者：</span>
							<span class='notes-field' data-field='saitan' data-type='text' data-kind='editable'></span>
						</div>
					</td>
				</tr>
				<tr>
					<td style='border:1px solid #808080; padding:3px 6px; vertical-align:top; background:#e9f3ff; font-weight:bold; width:120px;'>
						<div class='notes-par'><span style='font-weight:bold;'>完了ﾀｲﾌﾟ</span>
						</div>
					</td>
					<td style='border:1px solid #808080; padding:3px 6px; vertical-align:top;'>
						<div class='notes-par'><span class='notes-field-wrap'><span class='notes-field' data-field='statusTYPE' data-type='keyword' data-kind='editable' data-allowmultivalues='true'>自己解決</span></span>
						</div>
						<div class='notes-par'><span class='notes-field-wrap'><span class='notes-field' data-field='MEKER_K' data-type='text' data-kind='editable'></span></span>
						</div>
					</td>
				</tr>
				<tr data-hidewhen='status!=&quot;引継ぎ依頼中&quot;'>
					<td style='border:1px solid #808080; padding:3px 6px; vertical-align:top; background:#e9f3ff; font-weight:bold; width:120px;'>
						<div class='notes-par'><span style='font-weight:bold;'>対応状況</span>
						</div>
					</td>
					<td style='border:1px solid #808080; padding:3px 6px; vertical-align:top;' data-hidewhen='status!=&quot;引継ぎ依頼中&quot;'>
						<div class='notes-par'><span class='notes-field-wrap'><span class='notes-field' data-field='status' data-type='keyword' data-kind='editable'>CLOSE</span></span>
						</div>
						<div class='notes-par'><span class='notes-field-wrap'><span class='notes-field' data-field='dispach' data-type='text' data-kind='computed'>引き継ぎ依頼先：</span></span>
						</div>
						<div class='notes-par'><span class='notes-field-wrap'><span class='notes-field' data-field='dispach_1' data-type='text' data-kind='computed'>調査依頼：　 -</span></span>
						</div>
						<div class='notes-par'><span style='font-weight:bold;'>依頼先担当者：</span><span class='notes-field-wrap'><span class='notes-field' data-field='SecondLineName' data-type='text' data-kind='editable'></span></span>
						</div>
					</td>
				</tr>
				<tr>
					<td style='border:1px solid #808080; padding:3px 6px; vertical-align:top; background:#e9f3ff; font-weight:bold; width:120px;'>
						<div class='notes-par'><span style='font-weight:bold;'>担当者</span>
						</div>
					</td>
					<td style='border:1px solid #808080; padding:3px 6px; vertical-align:top;'>
						<div class='notes-par'>
							<span class='notes-field-wrap'>
								<span class='notes-field' data-field='acc_main' data-type='keyword' data-kind='editable'>渡部 真由美</span>
							</span>
						</div>
						<div class='notes-par'>
							<span style='font-weight:bold;'>受付：</span>
							<span class='notes-field-wrap'>
								<span class='notes-field' data-field='create_name' data-type='text' data-kind='computedwhencomposed'>渡部 真由美</span>
							</span>
						</div>
						<div class='notes-par'>							
							<span style='font-weight:bold;'>前回対応：</span>
							<span class='notes-field-wrap'>
								<span class='notes-field' data-field='acc_name' data-type='text' data-kind='computed' data-allowmultivalues='true'>平田 幸恵</span>
							</span>
						</div>
					</td>
				</tr>
				<tr data-hidewhen='@Contains(@UserRoles;&quot;[JSOX]&quot;)'>
					<td style='border:1px solid #808080; padding:3px 6px; vertical-align:top; background:#e9f3ff; font-weight:bold; width:120px;' data-hidewhen='@Contains(@UserRoles;&quot;[JSOX]&quot;)'>
						<div class='notes-par'><span style='font-weight:bold;'>承認者</span>
						</div>
					</td>
					<td style='border:1px solid #808080; padding:3px 6px; vertical-align:top;' data-hidewhen='@Contains(@UserRoles;&quot;[JSOX]&quot;)'>
						<div class='notes-par'><span class='notes-field-wrap'><span class='notes-field' data-field='Escalation_Approve_1' data-type='text' data-kind='editable'></span></span>&nbsp;<span class='notes-field-wrap'><span class='notes-field' data-field='ESDATE_Y_1' data-type='number' data-kind='editable'></span></span><span style='font-weight:bold;'> 年</span><span class='notes-field-wrap'><span class='notes-field' data-field='ESDATE_M_1' data-type='number' data-kind='editable'></span></span><span style='font-weight:bold;'> 月</span><span class='notes-field-wrap'><span class='notes-field' data-field='ESDATE_D_1' data-type='number' data-kind='editable'></span></span><span style='font-weight:bold;'> 日（</span><span class='notes-field-wrap'><span class='notes-field' data-field='ESTIME_H_1' data-type='text' data-kind='editable'></span></span><span style='font-weight:bold;'>時</span><span class='notes-field-wrap'><span class='notes-field' data-field='ESTIME_M_1' data-type='text' data-kind='editable'></span></span><span style='font-weight:bold;'> 分）</span>
						</div>
					</td>
				</tr>
			</table>
		</div>
	</div><br/>
	<div class='notes-section' data-hidewhen='@Contains(@UserRoles;&quot;[JSOX]&quot;)'>
		<div class='notes-section-body'>
			<table style='margin-top:1em; border-collapse:collapse; width:800px;'>
				<tr>
					<td style='background:#d9d9d9; padding:2px 6px; font-weight:bold;'>関連部門
					</td>
				</tr>
			</table><br/>
			<div class='notes-par'><span style='font-weight:bold;'>区分：</span><span class='notes-field-wrap'><span class='notes-field' data-field='Third_Type' data-type='text' data-kind='editable'>不要</span></span>
			</div><br/>
			<div class='notes-par'><span style='font-weight:bold;'>関連部門　問い合わせ内容</span>
			</div>
			<table style='margin-top:1em; border-collapse:collapse; width:800px; table-layout:fixed;' width='800' border='1' cellspacing='0' cellpadding='0' data-hidewhen='@Contains(@UserRoles;&quot;[JSOX]&quot;)'>
				<tr data-hidewhen='Third_Type=&quot;不要&quot;'>
					<td style='border:1px solid #808080; padding:3px 6px; vertical-align:top; background:#e9f3ff; font-weight:bold; width:120px;' data-hidewhen='Third_Type=&quot;不要&quot;'>
						<div class='notes-par'><span style='font-weight:bold;'>担当者</span>
						</div>
					</td>
					<td style='border:1px solid #808080; padding:3px 6px; vertical-align:top;' data-hidewhen='Third_Type=&quot;不要&quot;'>
						<div class='notes-par'>
							<span class='notes-field-wrap'>
								<span class='notes-field' data-field='Third_Person' data-type='text' data-kind='editable'></span>
							</span>
						</div>
					</td>
				</tr>
				<tr data-hidewhen='Third_Type=&quot;不要&quot;'>
					<td style='border:1px solid #808080; padding:3px 6px; vertical-align:top; background:#e9f3ff; font-weight:bold; width:120px;'>
						<div class='notes-par'><span style='font-weight:bold;'>所属部署</span>
						</div>
					</td>
					<td style='border:1px solid #808080; padding:3px 6px; vertical-align:top;' data-hidewhen='Third_Type=&quot;不要&quot;'>
						<div class='notes-par'><span class='notes-field-wrap'><span class='notes-field' data-field='Third_Dept' data-type='text' data-kind='editable'></span></span>
						</div>
					</td>
				</tr>
				<tr data-hidewhen='Third_Type=&quot;不要&quot;'>
					<td style='border:1px solid #808080; padding:3px 6px; vertical-align:top; background:#e9f3ff; font-weight:bold; width:120px;' data-hidewhen='Third_Type=&quot;不要&quot;'>
						<div class='notes-par'><span style='font-weight:bold;'>連絡先</span>
						</div>
					</td>
					<td style='border:1px solid #808080; padding:3px 6px; vertical-align:top;' data-hidewhen='Third_Type=&quot;不要&quot;'>
						<div class='notes-par'><span class='notes-field-wrap'><span class='notes-field' data-field='Third_Contact' data-type='text' data-kind='editable'></span></span>
						</div>
					</td>
				</tr>
				<tr data-hidewhen='Third_Type=&quot;不要&quot;'>
					<td style='border:1px solid #808080; padding:3px 6px; vertical-align:top; background:#e9f3ff; font-weight:bold; width:120px;'>
						<div class='notes-par'><span style='font-weight:bold;'>受付日時</span>
						</div>
					</td>
					<td style='border:1px solid #808080; padding:3px 6px; vertical-align:top;' data-hidewhen='Third_Type=&quot;不要&quot;'>
						<div class='notes-par'><span class='notes-field-wrap'><span class='notes-field' data-field='SDATE_Y_2' data-type='number' data-kind='editable'></span></span><span style='font-weight:bold;'> 年</span><span class='notes-field-wrap'><span class='notes-field' data-field='SDATE_M_2' data-type='number' data-kind='editable'></span></span><span style='font-weight:bold;'> 月</span><span class='notes-field-wrap'><span class='notes-field' data-field='SDATE_D_2' data-type='number' data-kind='editable'></span></span><span style='font-weight:bold;'> 日（</span><span class='notes-field-wrap'><span class='notes-field' data-field='STIME_H_2' data-type='text' data-kind='editable'></span></span><span style='font-weight:bold;'> 時</span><span class='notes-field-wrap'><span class='notes-field' data-field='STIME_M_2' data-type='text' data-kind='editable'></span></span><span style='font-weight:bold;'> 分）</span>
						</div>
					</td>
				</tr>
				<tr>
					<td style='border:1px solid #808080; padding:3px 6px; vertical-align:top; background:#e9f3ff; font-weight:bold; width:120px;'>
						<div class='notes-par'><span style='font-weight:bold;'>中間回答日時</span>
						</div>
					</td>
					<td style='border:1px solid #808080; padding:3px 6px; vertical-align:top;' colspan='2'>
						<div class='notes-par'><span class='notes-field-wrap'><span class='notes-field' data-field='CDATE_Y_2' data-type='number' data-kind='editable'></span></span><span style='font-weight:bold;'> 年</span><span class='notes-field-wrap'><span class='notes-field' data-field='CDATE_M_2' data-type='number' data-kind='editable'></span></span><span style='font-weight:bold;'> 月</span><span class='notes-field-wrap'><span class='notes-field' data-field='CDATE_D_2' data-type='number' data-kind='editable'></span></span><span style='font-weight:bold;'> 日（</span><span class='notes-field-wrap'><span class='notes-field' data-field='CTIME_H_2' data-type='text' data-kind='editable'></span></span><span style='font-weight:bold;'> 時</span><span class='notes-field-wrap'><span class='notes-field' data-field='CTIME_M_2' data-type='text' data-kind='editable'></span></span><span style='font-weight:bold;'> 分）</span>
						</div>
					</td>
				</tr>
				<tr data-hidewhen='Third_Type=&quot;不要&quot;'>
					<td style='border:1px solid #808080; padding:3px 6px; vertical-align:top; background:#e9f3ff; font-weight:bold; width:120px;' data-hidewhen='Third_Type=&quot;不要&quot;'>
						<div class='notes-par'><span style='font-weight:bold;'>途中経過内容</span>
						</div>
						<div class='notes-par'><span style='font-weight:bold;'>（作業内容）</span>
						</div>
					</td>
					<td style='border:1px solid #808080; padding:3px 6px; vertical-align:top;' colspan='2'>
						<div class='notes-par'><span class='notes-field-wrap'><span class='notes-field' data-field='Third_half' data-type='text' data-kind='editable'></span></span>
						</div>
					</td>
				</tr>
				<tr>
					<td style='border:1px solid #808080; padding:3px 6px; vertical-align:top; background:#e9f3ff; font-weight:bold; width:120px;'>
						<div class='notes-par'><span style='font-weight:bold;'>最終回答日時</span>
						</div>
					</td>
					<td style='border:1px solid #808080; padding:3px 6px; vertical-align:top;' colspan='2'>
						<div class='notes-par'><span class='notes-field-wrap'><span class='notes-field' data-field='EDATE_Y_2' data-type='number' data-kind='editable'></span></span><span style='font-weight:bold;'> 年</span><span class='notes-field-wrap'><span class='notes-field' data-field='EDATE_M_2' data-type='number' data-kind='editable'></span></span><span style='font-weight:bold;'> 月</span><span class='notes-field-wrap'><span class='notes-field' data-field='EDATE_D_2' data-type='number' data-kind='editable'></span></span><span style='font-weight:bold;'> 日（</span><span class='notes-field-wrap'><span class='notes-field' data-field='ETIME_H_2' data-type='text' data-kind='editable'></span></span><span style='font-weight:bold;'> 時</span><span class='notes-field-wrap'><span class='notes-field' data-field='ETIME_M_2' data-type='text' data-kind='editable'></span></span><span style='font-weight:bold;'> 分）</span>
						</div>
					</td>
				</tr>
				<tr data-hidewhen='Third_Type=&quot;不要&quot; | (Third_Type=&quot;必要&quot; &amp; !(Escalation_1=&quot;UserID再作成&quot; | Escalation_1=&quot;ｾｷｭｱID PWﾘｾｯﾄ依頼&quot; | Escalation_1=&quot;ﾒｰﾙﾘｽﾄｱ依頼&quot;))'>
					<td style='border:1px solid #808080; padding:3px 6px; vertical-align:top; background:#e9f3ff; font-weight:bold; width:120px;'>
						<div class='notes-par'><span style='font-weight:bold;'>回答内容</span>
						</div>
					</td>
					<td style='border:1px solid #808080; padding:3px 6px; vertical-align:top;' data-hidewhen='Third_Type=&quot;不要&quot; | (Third_Type=&quot;必要&quot; &amp; !(Escalation_1=&quot;UserID再作成&quot; | Escalation_1=&quot;ｾｷｭｱID PWﾘｾｯﾄ依頼&quot; | Escalation_1=&quot;ﾒｰﾙﾘｽﾄｱ依頼&quot;))'>
						<div class='notes-par'><span class='notes-field-wrap'><span class='notes-field' data-field='Third_answer' data-type='text' data-kind='editable'></span></span>
						</div>
					</td>
				</tr>
				<tr>
					<td style='border:1px solid #808080; padding:3px 6px; vertical-align:top; background:#e9f3ff; font-weight:bold; width:120px;'>
						<div class='notes-par'><span style='font-weight:bold;'>問合せ種別</span>
						</div>
					</td>
					<td style='border:1px solid #808080; padding:3px 6px; vertical-align:top;' colspan='2'>
						<div class='notes-par'><span class='notes-field-wrap'><span class='notes-field' data-field='Second_category1' data-type='keyword' data-kind='editable'></span></span>
						</div>
					</td>
				</tr>
				<tr data-hidewhen='Third_Type=&quot;不要&quot;'>
					<td style='border:1px solid #808080; padding:3px 6px; vertical-align:top; background:#e9f3ff; font-weight:bold; width:120px;' data-hidewhen='Third_Type=&quot;不要&quot;'>
						<div class='notes-par'><span style='font-weight:bold;'>問合せ内容</span>
						</div>
					</td>
					<td style='border:1px solid #808080; padding:3px 6px; vertical-align:top;' data-hidewhen='Third_Type=&quot;不要&quot;'>
						<div class='notes-par'><span class='notes-field-wrap'><span class='notes-field' data-field='Second_category2' data-type='text' data-kind='computed'></span></span>
						</div>
						<div class='notes-par'><span class='notes-field-wrap'><span class='notes-field' data-field='Second_category3' data-type='text' data-kind='computed'></span></span>
						</div>
						<div class='notes-par'><span class='notes-field-wrap'><span class='notes-field' data-field='Second_category4' data-type='text' data-kind='computed'></span></span>
						</div>
					</td>
				</tr>
				<tr>
					<td style='border:1px solid #808080; padding:3px 6px; vertical-align:top; background:#e9f3ff; font-weight:bold; width:120px;'>
						<div class='notes-par'><span style='font-weight:bold;'>対応時間</span>
						</div>
						<div class='notes-par'><span style='font-weight:bold;'>調査時間</span>
						</div>
					</td>
					<td style='border:1px solid #808080; padding:3px 6px; vertical-align:top;' colspan='2'>
						<div class='notes-par'><span class='notes-field-wrap'><span class='notes-field' data-field='JIKAN_2_1' data-type='number' data-kind='editable'></span></span><span style='font-weight:bold;'>分</span>
						</div>
						<div class='notes-par'><span class='notes-field-wrap'><span class='notes-field' data-field='JIKAN_2_2' data-type='number' data-kind='editable'></span></span><span style='font-weight:bold;'>分</span>
						</div>
					</td>
				</tr>
				<tr>
					<td style='border:1px solid #808080; padding:3px 6px; vertical-align:top; background:#e9f3ff; font-weight:bold; width:120px;'>
						<div class='notes-par'><span style='font-weight:bold;'>障害</span>
						</div>
					</td>
					<td style='border:1px solid #808080; padding:3px 6px; vertical-align:top;' colspan='2'>
						<div class='notes-par'><span class='notes-field-wrap'><span class='notes-field' data-field='Trouble_2' data-type='keyword' data-kind='editable' data-allowmultivalues='true'></span></span>
						</div>
					</td>
				</tr>
				<tr>
					<td style='border:1px solid #808080; padding:3px 6px; vertical-align:top; background:#e9f3ff; font-weight:bold; width:120px;'>
						<div class='notes-par'><span style='font-weight:bold;'>上長コメント</span>
						</div>
					</td>
					<td style='border:1px solid #808080; padding:3px 6px; vertical-align:top;' colspan='2'>
						<div class='notes-par'><span class='notes-field-wrap'><span class='notes-field' data-field='Third_comment' data-type='text' data-kind='editable'></span></span>
						</div>
					</td>
				</tr>
				<tr>
					<td style='border:1px solid #808080; padding:3px 6px; vertical-align:top; background:#e9f3ff; font-weight:bold; width:120px;'>
						<div class='notes-par'><span style='font-weight:bold;'>上長承認</span>
						</div>
					</td>
					<td style='border:1px solid #808080; padding:3px 6px; vertical-align:top;' colspan='2'>
						<div class='notes-par'><span class='notes-field-wrap'><span class='notes-field' data-field='Trouble_Approve_2' data-type='text' data-kind='editable'></span></span>&nbsp;<span class='notes-field-wrap'><span class='notes-field' data-field='ADATE_Y_2' data-type='number' data-kind='editable'></span></span><span style='font-weight:bold;'> 年</span><span class='notes-field-wrap'><span class='notes-field' data-field='ADATE_M_2' data-type='number' data-kind='editable'></span></span><span style='font-weight:bold;'> 月</span><span class='notes-field-wrap'><span class='notes-field' data-field='ADATE_D_2' data-type='number' data-kind='editable'></span></span><span style='font-weight:bold;'> 日（</span><span class='notes-field-wrap'><span class='notes-field' data-field='ATIME_H_2' data-type='text' data-kind='editable'></span></span><span style='font-weight:bold;'> 時</span><span class='notes-field-wrap'><span class='notes-field' data-field='ATIME_M_2' data-type='text' data-kind='editable'></span></span><span style='font-weight:bold;'> 分）</span>
						</div>
					</td>
				</tr>
			</table>
		</div>
	</div><br/>
	<div class='notes-par'><span style='font-weight:bold;'>トラブルチケット</span><span style='font-weight:bold;'>(有無：</span><span class='notes-field-wrap'><span class='notes-field' data-field='TRUMU' data-type='keyword' data-kind='editable'>無</span></span><span style='font-weight:bold;'>）</span>
	</div>
	<table style='margin-top:1em; border-collapse:collapse; width:800px; table-layout:fixed;' width='800' border='1' cellspacing='0' cellpadding='0' data-hidewhen='@Contains(@UserRoles;&quot;[JSOX]&quot;)'>
		<tr data-hidewhen='@Contains(@UserRoles;&quot;[JSOX]&quot;)'>
			<td style='border:1px solid #808080; padding:3px 6px; vertical-align:top;' data-hidewhen='@Contains(@UserRoles;&quot;[JSOX]&quot;)'>
				<div class='notes-par'><span style='font-weight:bold;'>障害個所：</span><span class='notes-field-wrap'><span class='notes-field' data-field='KOSHO' data-type='keyword' data-kind='editable' data-allowmultivalues='true'></span></span>
				</div>
			</td>
		</tr>
	</table><br/>
	<div class='notes-section' data-hidewhen='@Contains(@UserRoles;&quot;[JSOX]&quot;)'>
		<div class='notes-section-body'>
			<div class='notes-par'><span style='font-weight:bold;'>（保守対応依頼）</span>
			</div>
			<table style='margin-top:1em; border-collapse:collapse; width:800px; table-layout:fixed;' width='800' border='1' cellspacing='0' cellpadding='0' data-hidewhen='@Contains(@UserRoles;&quot;[JSOX]&quot;)'>
				<tr data-hidewhen='@Contains(@UserRoles;&quot;[JSOX]&quot;)'>
					<td style='border:1px solid #808080; padding:3px 6px; vertical-align:top; background:#e9f3ff; font-weight:bold; width:120px;' data-hidewhen='@Contains(@UserRoles;&quot;[JSOX]&quot;)'>
						<div class='notes-par'><span style='font-weight:bold;'>会社名</span>
						</div>
					</td>
					<td style='border:1px solid #808080; padding:3px 6px; vertical-align:top;' data-hidewhen='@Contains(@UserRoles;&quot;[JSOX]&quot;)'>
						<div class='notes-par'><span class='notes-field-wrap'><span class='notes-field' data-field='TRMAKER' data-type='text' data-kind='editable'></span></span>
						</div>
					</td>
				</tr>
				<tr>
					<td style='border:1px solid #808080; padding:3px 6px; vertical-align:top; background:#e9f3ff; font-weight:bold; width:120px;'>
						<div class='notes-par'><span style='font-weight:bold;'>部署名</span>
						</div>
					</td>
					<td style='border:1px solid #808080; padding:3px 6px; vertical-align:top;'>
						<div class='notes-par'><span class='notes-field-wrap'><span class='notes-field' data-field='TRKBUSYO' data-type='text' data-kind='editable'></span></span>
						</div>
					</td>
				</tr>
				<tr>
					<td style='border:1px solid #808080; padding:3px 6px; vertical-align:top; background:#e9f3ff; font-weight:bold; width:120px;'>
						<div class='notes-par'><span style='font-weight:bold;'>担当者名</span>
						</div>
					</td>
					<td style='border:1px solid #808080; padding:3px 6px; vertical-align:top;'>
						<div class='notes-par'><span class='notes-field-wrap'><span class='notes-field' data-field='TRTANTO' data-type='text' data-kind='editable'></span></span><span style='font-weight:bold;'>　様</span>
						</div>
					</td>
				</tr>
				<tr>
					<td style='border:1px solid #808080; padding:3px 6px; vertical-align:top; background:#e9f3ff; font-weight:bold; width:120px;'>
						<div class='notes-par'><span style='font-weight:bold;'>ＦＡＸ</span>
						</div>
					</td>
					<td style='border:1px solid #808080; padding:3px 6px; vertical-align:top;'>
						<div class='notes-par'><span class='notes-field-wrap'><span class='notes-field' data-field='TRFAX' data-type='text' data-kind='editable'></span></span>
						</div>
					</td>
				</tr>
				<tr>
					<td style='border:1px solid #808080; padding:3px 6px; vertical-align:top; background:#e9f3ff; font-weight:bold; width:120px;'>
						<div class='notes-par'><span style='font-weight:bold;'>ＴＥＬ</span>
						</div>
					</td>
					<td style='border:1px solid #808080; padding:3px 6px; vertical-align:top;'>
						<div class='notes-par'><span class='notes-field-wrap'><span class='notes-field' data-field='TRTEL' data-type='text' data-kind='editable'></span></span>
						</div>
					</td>
				</tr>
			</table><br/>
			<table style='margin-top:1em; border-collapse:collapse; width:800px; table-layout:fixed;' width='800' border='1' cellspacing='0' cellpadding='0' data-hidewhen='@Contains(@UserRoles;&quot;[JSOX]&quot;)'>
				<tr data-hidewhen='@Contains(@UserRoles;&quot;[JSOX]&quot;)'>
					<td style='border:1px solid #808080; padding:3px 6px; vertical-align:top; background:#e9f3ff; font-weight:bold; width:120px;'>
						<div class='notes-par'><span style='font-weight:bold;'>チケット№</span>
						</div>
					</td>
					<td style='border:1px solid #808080; padding:3px 6px; vertical-align:top;'>
						<div class='notes-par'><span class='notes-field-wrap'><span class='notes-field' data-field='TRNO' data-type='text' data-kind='editable'></span></span>
						</div>
					</td>
					<td style='border:1px solid #808080; padding:3px 6px; vertical-align:top; background:#e9f3ff; font-weight:bold; width:120px;' data-hidewhen='@Contains(@UserRoles;&quot;[JSOX]&quot;)'>
						<div class='notes-par'><span style='font-weight:bold;'>ＯＳ</span>
						</div>
					</td>
					<td style='border:1px solid #808080; padding:3px 6px; vertical-align:top;' data-hidewhen='@Contains(@UserRoles;&quot;[JSOX]&quot;)'>
						<div class='notes-par'><span class='notes-field-wrap'><span class='notes-field' data-field='TROS' data-type='text' data-kind='editable'></span></span>
						</div>
					</td>
				</tr>
				<tr>
					<td style='border:1px solid #808080; padding:3px 6px; vertical-align:top; background:#e9f3ff; font-weight:bold; width:120px;'>
						<div class='notes-par'><span style='font-weight:bold;'>対象機種名</span>
						</div>
					</td>
					<td style='border:1px solid #808080; padding:3px 6px; vertical-align:top;'>
						<div class='notes-par'><span class='notes-field-wrap'><span class='notes-field' data-field='TRKISYU' data-type='text' data-kind='editable'></span></span>
						</div>
					</td>
					<td style='border:1px solid #808080; padding:3px 6px; vertical-align:top; background:#e9f3ff; font-weight:bold; width:120px;'>
						<div class='notes-par'><span style='font-weight:bold;'>品番(S/N)</span>
						</div>
					</td>
					<td style='border:1px solid #808080; padding:3px 6px; vertical-align:top;'>
						<div class='notes-par'><span class='notes-field-wrap'><span class='notes-field' data-field='TRSN' data-type='text' data-kind='editable'></span></span>
						</div>
					</td>
				</tr>
				<tr>
					<td style='border:1px solid #808080; padding:3px 6px; vertical-align:top; background:#e9f3ff; font-weight:bold; width:120px;'>
						<div class='notes-par'><span style='font-weight:bold;'>導入時期</span>
						</div>
					</td>
					<td style='border:1px solid #808080; padding:3px 6px; vertical-align:top;'>
						<div class='notes-par'><span class='notes-field-wrap'><span class='notes-field' data-field='TRJIKI' data-type='text' data-kind='editable'></span></span>
						</div>
					</td>
					<td style='border:1px solid #808080; padding:3px 6px; vertical-align:top; background:#e9f3ff; font-weight:bold; width:120px;'>
						<div class='notes-par'><span style='font-weight:bold;'>備考</span>
						</div>
					</td>
					<td style='border:1px solid #808080; padding:3px 6px; vertical-align:top;'>
						<div class='notes-par'><span class='notes-field-wrap'><span class='notes-field' data-field='TRBIKOU' data-type='text' data-kind='editable'></span></span>
						</div>
					</td>
				</tr>
			</table><br/>
			<div class='notes-par'><span style='font-weight:bold;'>（ユーザー情報）</span>
			</div>
			<table style='margin-top:1em; border-collapse:collapse; width:800px; table-layout:fixed;' width='800' border='1' cellspacing='0' cellpadding='0' data-hidewhen='@Contains(@UserRoles;&quot;[JSOX]&quot;)'>
				<tr data-hidewhen='@Contains(@UserRoles;&quot;[JSOX]&quot;)'>
					<td style='border:1px solid #808080; padding:3px 6px; vertical-align:top; background:#e9f3ff; font-weight:bold; width:120px;' data-hidewhen='@Contains(@UserRoles;&quot;[JSOX]&quot;)'>
						<div class='notes-par'><span style='font-weight:bold;'>氏名</span>
						</div>
					</td>
					<td style='border:1px solid #808080; padding:3px 6px; vertical-align:top;' data-hidewhen='@Contains(@UserRoles;&quot;[JSOX]&quot;)'>
						<div class='notes-par'><span class='notes-field-wrap'><span class='notes-field' data-field='TRYNAME' data-type='text' data-kind='editable'></span></span>
						</div>
					</td>
				</tr>
				<tr>
					<td style='border:1px solid #808080; padding:3px 6px; vertical-align:top; background:#e9f3ff; font-weight:bold; width:120px;'>
						<div class='notes-par'><span style='font-weight:bold;'>ＴＥＬ</span>
						</div>
					</td>
					<td style='border:1px solid #808080; padding:3px 6px; vertical-align:top;'>
						<div class='notes-par'><span class='notes-field-wrap'><span class='notes-field' data-field='TRYTEL' data-type='text' data-kind='editable'></span></span>
						</div>
					</td>
				</tr>
				<tr>
					<td style='border:1px solid #808080; padding:3px 6px; vertical-align:top; background:#e9f3ff; font-weight:bold; width:120px;'>
						<div class='notes-par'><span style='font-weight:bold;'>会社名</span>
						</div>
					</td>
					<td style='border:1px solid #808080; padding:3px 6px; vertical-align:top;'>
						<div class='notes-par'><span class='notes-field-wrap'><span class='notes-field' data-field='TRYKAISHA' data-type='text' data-kind='editable'></span></span>
						</div>
					</td>
				</tr>
				<tr>
					<td style='border:1px solid #808080; padding:3px 6px; vertical-align:top; background:#e9f3ff; font-weight:bold; width:120px;'>
						<div class='notes-par'><span style='font-weight:bold;'>事業所名</span>
						</div>
					</td>
					<td style='border:1px solid #808080; padding:3px 6px; vertical-align:top;'>
						<div class='notes-par'><span class='notes-field-wrap'><span class='notes-field' data-field='TRYJIGYOU' data-type='text' data-kind='editable'></span></span>
						</div>
					</td>
				</tr>
				<tr>
					<td style='border:1px solid #808080; padding:3px 6px; vertical-align:top; background:#e9f3ff; font-weight:bold; width:120px;'>
						<div class='notes-par'><span style='font-weight:bold;'>住所</span>
						</div>
					</td>
					<td style='border:1px solid #808080; padding:3px 6px; vertical-align:top;'>
						<div class='notes-par'><span class='notes-field-wrap'><span class='notes-field' data-field='TRYADDRESS' data-type='text' data-kind='editable'></span></span>
						</div>
					</td>
				</tr>
				<tr>
					<td style='border:1px solid #808080; padding:3px 6px; vertical-align:top; background:#e9f3ff; font-weight:bold; width:120px;'>
						<div class='notes-par'><span style='font-weight:bold;'>障害内容</span>
						</div>
					</td>
					<td style='border:1px solid #808080; padding:3px 6px; vertical-align:top;'>
						<div class='notes-par'><span class='notes-field-wrap'><span class='notes-field' data-field='TRYNAIYO' data-type='text' data-kind='editable'></span></span>
						</div>
					</td>
				</tr>
				<tr>
					<td style='border:1px solid #808080; padding:3px 6px; vertical-align:top; background:#e9f3ff; font-weight:bold; width:120px;'>
						<div class='notes-par'><span style='font-weight:bold;'>備考</span>
						</div>
					</td>
					<td style='border:1px solid #808080; padding:3px 6px; vertical-align:top;'>
						<div class='notes-par'><span class='notes-field-wrap'><span class='notes-field' data-field='TRYBIKOU' data-type='text' data-kind='editable'></span></span>
						</div>
					</td>
				</tr>
			</table>
		</div>
	</div><br/>
	<div class='notes-par'><span style='font-weight:bold;'>ＰＣ再セットアップ</span><span style='font-weight:bold;'>(</span><span style='font-weight:bold;'>有無：</span><span class='notes-field-wrap'><span class='notes-field' data-field='PCUMU' data-type='keyword' data-kind='editable'>無</span></span><span style='font-weight:bold;'>）</span>
	</div>
	<div class='notes-section' data-hidewhen='@Contains(@UserRoles;&quot;[JSOX]&quot;)'>
		<div class='notes-section-body'>
			<div class='notes-par'><span style='font-weight:bold;'>（ＰＣユーザー）</span>
			</div>
			<table style='margin-top:1em; border-collapse:collapse; width:800px; table-layout:fixed;' width='800' border='1' cellspacing='0' cellpadding='0'>
				<tr>
					<td style='border:1px solid #808080; padding:3px 6px; vertical-align:top; background:#e9f3ff; font-weight:bold; width:120px;'>
						<div class='notes-par'><span style='font-weight:bold;'>氏名</span>
						</div>
					</td>
					<td style='border:1px solid #808080; padding:3px 6px; vertical-align:top;'>
						<div class='notes-par'><span class='notes-field-wrap'><span class='notes-field' data-field='PCNAME' data-type='text' data-kind='editable'></span></span><span style='font-weight:bold;'>様</span>
						</div>
					</td>
				</tr>
				<tr>
					<td style='border:1px solid #808080; padding:3px 6px; vertical-align:top; background:#e9f3ff; font-weight:bold; width:120px;'>
						<div class='notes-par'><span style='font-weight:bold;'>会社名</span>
						</div>
					</td>
					<td style='border:1px solid #808080; padding:3px 6px; vertical-align:top;'>
						<div class='notes-par'><span class='notes-field-wrap'><span class='notes-field' data-field='PCKAISHA' data-type='text' data-kind='editable'></span></span>
						</div>
					</td>
				</tr>
				<tr>
					<td style='border:1px solid #808080; padding:3px 6px; vertical-align:top; background:#e9f3ff; font-weight:bold; width:120px;'>
						<div class='notes-par'><span style='font-weight:bold;'>事業所名</span>
						</div>
					</td>
					<td style='border:1px solid #808080; padding:3px 6px; vertical-align:top;'>
						<div class='notes-par'><span class='notes-field-wrap'><span class='notes-field' data-field='PCJIGYOU' data-type='text' data-kind='editable'></span></span>
						</div>
					</td>
				</tr>
				<tr>
					<td style='border:1px solid #808080; padding:3px 6px; vertical-align:top; background:#e9f3ff; font-weight:bold; width:120px;'>
						<div class='notes-par'><span style='font-weight:bold;'>住所</span>
						</div>
					</td>
					<td style='border:1px solid #808080; padding:3px 6px; vertical-align:top;'>
						<div class='notes-par'><span class='notes-field-wrap'><span class='notes-field' data-field='PCADDRESS' data-type='text' data-kind='editable'></span></span>
						</div>
					</td>
				</tr>
				<tr>
					<td style='border:1px solid #808080; padding:3px 6px; vertical-align:top; background:#e9f3ff; font-weight:bold; width:120px;'>
						<div class='notes-par'><span style='font-weight:bold;'>ＴＥＬ</span>
						</div>
					</td>
					<td style='border:1px solid #808080; padding:3px 6px; vertical-align:top;'>
						<div class='notes-par'><span class='notes-field-wrap'><span class='notes-field' data-field='PCTEL' data-type='text' data-kind='editable'></span></span>
						</div>
					</td>
				</tr>
				<tr>
					<td style='border:1px solid #808080; padding:3px 6px; vertical-align:top; background:#e9f3ff; font-weight:bold; width:120px;'>
						<div class='notes-par'><span style='font-weight:bold;'>ＦＡＸ</span>
						</div>
					</td>
					<td style='border:1px solid #808080; padding:3px 6px; vertical-align:top;'>
						<div class='notes-par'><span class='notes-field-wrap'><span class='notes-field' data-field='PCFAX' data-type='text' data-kind='editable'></span></span>
						</div>
					</td>
				</tr>
			</table><br/>
			<div class='notes-par'><span style='font-weight:bold;'>（使用ツール）</span>
			</div>
			<table style='margin-top:1em; border-collapse:collapse; width:800px; table-layout:fixed;' width='800' border='1' cellspacing='0' cellpadding='0' data-hidewhen='@Contains(@UserRoles;&quot;[JSOX]&quot;)'>
				<tr data-hidewhen='@Contains(@UserRoles;&quot;[JSOX]&quot;)'>
					<td style='border:1px solid #808080; padding:3px 6px; vertical-align:top;' data-hidewhen='@Contains(@UserRoles;&quot;[JSOX]&quot;)'>
						<div class='notes-par'><span class='notes-field-wrap'><span class='notes-field' data-field='TOOL' data-type='keyword' data-kind='editable' data-allowmultivalues='true'></span></span>
						</div>
					</td>
				</tr>
			</table><br/>
			<div class='notes-par'><span style='font-weight:bold;'>備考：</span><span class='notes-field-wrap'><span class='notes-field' data-field='BIKOU' data-type='text' data-kind='editable'></span></span>
			</div>
			<table style='margin-top:1em; border-collapse:collapse; width:800px; table-layout:fixed;' width='800' border='1' cellspacing='0' cellpadding='0' data-hidewhen='@Contains(@UserRoles;&quot;[JSOX]&quot;)'>
				<tr data-hidewhen='@Contains(@UserRoles;&quot;[JSOX]&quot;)'>
					<td style='border:1px solid #808080; padding:3px 6px; vertical-align:top; background:#e9f3ff; font-weight:bold; width:120px;' data-hidewhen='@Contains(@UserRoles;&quot;[JSOX]&quot;)'>
						<div class='notes-par'><span style='font-weight:bold;'>パソコン返送日</span>
						</div>
					</td>
					<td style='border:1px solid #808080; padding:3px 6px; vertical-align:top;' data-hidewhen='@Contains(@UserRoles;&quot;[JSOX]&quot;)'>
						<div class='notes-par'><span class='notes-field-wrap'><span class='notes-field' data-field='PCYH' data-type='number' data-kind='editable'></span></span><span style='font-weight:bold;'>年</span><span class='notes-field-wrap'><span class='notes-field' data-field='PCMH' data-type='number' data-kind='editable'></span></span><span style='font-weight:bold;'>月</span><span class='notes-field-wrap'><span class='notes-field' data-field='PCDH' data-type='number' data-kind='editable'></span></span><span style='font-weight:bold;'>日</span>
						</div>
					</td>
				</tr>
			</table><br/>
			<div class='notes-par'><span style='font-weight:bold;'>（再セットアップ関係者)</span>
			</div>
			<table style='margin-top:1em; border-collapse:collapse; width:800px; table-layout:fixed;' width='800' border='1' cellspacing='0' cellpadding='0' data-hidewhen='@Contains(@UserRoles;&quot;[JSOX]&quot;)'>
				<tr data-hidewhen='@Contains(@UserRoles;&quot;[JSOX]&quot;)'>
					<td style='border:1px solid #808080; padding:3px 6px; vertical-align:top; background:#e9f3ff; font-weight:bold; width:120px;' data-hidewhen='@Contains(@UserRoles;&quot;[JSOX]&quot;)'>
						<div class='notes-par'><span style='font-weight:bold;'>１</span>
						</div>
					</td>
					<td style='border:1px solid #808080; padding:3px 6px; vertical-align:top;' data-hidewhen='@Contains(@UserRoles;&quot;[JSOX]&quot;)'>
						<div class='notes-par'><span class='notes-field-wrap'><span class='notes-field' data-field='KANKEI1' data-type='text' data-kind='editable'></span></span>
						</div>
					</td>
					<td style='border:1px solid #808080; padding:3px 6px; vertical-align:top;' data-hidewhen='@Contains(@UserRoles;&quot;[JSOX]&quot;)'>
						<div class='notes-par'><span class='notes-field-wrap'><span class='notes-field' data-field='KANJIKAN1' data-type='text' data-kind='editable'></span></span><span style='font-weight:bold;'>分：</span><span class='notes-field-wrap'><span class='notes-field' data-field='HDATE1' data-type='datetime' data-kind='editable'></span></span>
						</div>
					</td>
				</tr>
				<tr>
					<td style='border:1px solid #808080; padding:3px 6px; vertical-align:top; background:#e9f3ff; font-weight:bold; width:120px;'>
						<div class='notes-par'><span style='font-weight:bold;'>２</span>
						</div>
					</td>
					<td style='border:1px solid #808080; padding:3px 6px; vertical-align:top;'>
						<div class='notes-par'><span class='notes-field-wrap'><span class='notes-field' data-field='KANKEI2' data-type='text' data-kind='editable'></span></span>
						</div>
					</td>
					<td style='border:1px solid #808080; padding:3px 6px; vertical-align:top;'>
						<div class='notes-par'><span class='notes-field-wrap'><span class='notes-field' data-field='KANJIKAN2' data-type='text' data-kind='editable'></span></span><span style='font-weight:bold;'>分：</span><span class='notes-field-wrap'><span class='notes-field' data-field='HDATE2' data-type='datetime' data-kind='editable'></span></span>
						</div>
					</td>
				</tr>
				<tr>
					<td style='border:1px solid #808080; padding:3px 6px; vertical-align:top; background:#e9f3ff; font-weight:bold; width:120px;'>
						<div class='notes-par'><span style='font-weight:bold;'>３</span>
						</div>
					</td>
					<td style='border:1px solid #808080; padding:3px 6px; vertical-align:top;'>
						<div class='notes-par'><span class='notes-field-wrap'><span class='notes-field' data-field='KANKEI3' data-type='text' data-kind='editable'></span></span>
						</div>
					</td>
					<td style='border:1px solid #808080; padding:3px 6px; vertical-align:top;'>
						<div class='notes-par'><span class='notes-field-wrap'><span class='notes-field' data-field='KANJIKAN3' data-type='text' data-kind='editable'></span></span><span style='font-weight:bold;'>分：</span><span class='notes-field-wrap'><span class='notes-field' data-field='HDATE3' data-type='datetime' data-kind='editable'></span></span>
						</div>
					</td>
				</tr>
			</table>
		</div>
	</div><br/>
	<div class='notes-section'>
		<div class='notes-section-body'>
			<table style='margin-top:1em; border-collapse:collapse; width:800px;'>
				<tr>
					<td style='background:#d9d9d9; padding:2px 6px; font-weight:bold;'>対応ﾒﾓ
					</td>
				</tr>
			</table><br/>
			<div class='notes-par'><span class='notes-field-wrap'><span class='notes-field' data-field='Memo' data-type='text' data-kind='editable'></span></span>
			</div>
		</div>
	</div><br/>
	<div class='notes-section' data-hidewhen='@Contains(@UserRoles;&quot;[JSOX]&quot;)'>
		<div class='notes-section-body'>
			<table style='margin-top:1em; border-collapse:collapse; width:800px;'>
				<tr>
					<td style='background:#d9d9d9; padding:2px 6px; font-weight:bold;'>添付資料
					</td>
				</tr>
			</table><br/>
			<div class='notes-par'><span style='font-weight:bold;'>PC修理 ・・・・：</span><span class='notes-field-wrap'><span class='notes-field' data-field='body_1' data-type='richtext' data-kind='editable'><p></p></span></span>
			</div><br/>
			<div class='notes-par'><span style='font-weight:bold;'>関連ｺｰﾙ</span><span style='font-weight:bold;'>・・・・：</span><span class='notes-field-wrap'><span class='notes-field' data-field='body' data-type='richtext' data-kind='editable'><div id='seg-001' data-id='seg-001'><div style='margin:8px 0; padding:10px; border:1px solid #e3e3e3; border-radius:10px;'><object data='name:p1' data-attachment='①.png' type='image/png'></object></div></div>
<div id='seg-002' data-id='seg-002'><div style='margin:8px 0; padding:10px; border:1px solid #e3e3e3; border-radius:10px;'><object data='name:p2' data-attachment='②.png' type='image/png'></object></div></div>
<div id='seg-003' data-id='seg-003'><div style='margin:8px 0; padding:10px; border:1px solid #e3e3e3; border-radius:10px;'><object data='name:p3' data-attachment='③.png' type='image/png'></object></div></div></span></span>
			</div>
		</div>
	</div><br/>
	<div class='notes-section' data-hidewhen='@Contains(@UserRoles;&quot;[JSOX]&quot;)'>
		<div class='notes-section-body'>
			<table style='margin-top:1em; border-collapse:collapse; width:800px;'>
				<tr>
					<td style='background:#d9d9d9; padding:2px 6px; font-weight:bold;'>履歴情報
					</td>
				</tr>
			</table><br/>
			<div class='notes-par'><span class='notes-field-wrap'><span class='notes-field' data-field='history' data-type='text' data-kind='computed' data-allowmultivalues='true'>2024/09/30 19:25 渡部 真由美 CLOSE<br/>2024/09/27 18:08 渡部 真由美 OPEN<br/>2024/09/27 17:21 渡部 真由美 CLOSE<br/>2024/09/27 12:52 渡部 真由美 CLOSE<br/>2024/09/27 9:13 渡部 真由美 CLOSE<br/>2024/09/27 8:35 渡部 真由美 OPEN<br/>2024/09/27 8:32 渡部 真由美 OPEN</span></span>
			</div>
		</div>
	</div>
</div>

        </body>
        </html>
2026-02-17 08:44:55 INFO [main.services.graph_client] Create OneNote page parts: count=3 parts=[{'part_name': 'p1', 'filename': '①.png', 'content_type': 'image/png', 'size': 414638}, {'part_name': 'p2', 'filename': '②.png', 'content_type': 'image/png', 'size': 421450}, {'part_name': 'p3', 'filename': '③.png', 'content_type': 'image/png', 'size': 399916}]
2026-02-17 08:44:55 DEBUG [main.services.graph_client] Graph request: POST https://graph.microsoft.com/v1.0/me/onenote/sections/1-44fb02cf-3b28-43ab-8129-5c7e65e3213f/pages headers={'Authorization': '***REDACTED***'} kwargs={'multipart_parts': [{'part': 'Presentation', 'filename': 'presentation.html', 'content_type': 'text/html', 'size': 82986}, {'part': 'p1', 'filename': '①.png', 'content_type': 'image/png', 'size': 414638}, {'part': 'p2', 'filename': '②.png', 'content_type': 'image/png', 'size': 421450}, {'part': 'p3', 'filename': '③.png', 'content_type': 'image/png', 'size': 399916}]}
2026-02-17 08:45:10 DEBUG [urllib3.connectionpool] https://graph.microsoft.com:443 "POST /v1.0/me/onenote/sections/1-44fb02cf-3b28-43ab-8129-5c7e65e3213f/pages HTTP/1.1" 201 None
2026-02-17 08:45:10 INFO [main.services.graph_client] Graph request success: POST https://graph.microsoft.com/v1.0/me/onenote/sections/1-44fb02cf-3b28-43ab-8129-5c7e65e3213f/pages status=201 elapsed=14542ms
2026-02-17 08:45:45 DEBUG [main.services.graph_client] Graph request: GET https://graph.microsoft.com/v1.0/me/onenote/notebooks?$filter=displayName eq 'OHNO_Notes_to_OneNote'&$select=id,displayName headers={'Authorization': '***REDACTED***'} kwargs={}
2026-02-17 08:45:45 DEBUG [urllib3.connectionpool] Starting new HTTPS connection (1): graph.microsoft.com:443
2026-02-17 08:45:54 DEBUG [urllib3.connectionpool] https://graph.microsoft.com:443 "GET /v1.0/me/onenote/notebooks?$filter=displayName%20eq%20'OHNO_Notes_to_OneNote'&$select=id,displayName HTTP/1.1" 200 None
2026-02-17 08:45:54 INFO [main.services.graph_client] Graph request success: GET https://graph.microsoft.com/v1.0/me/onenote/notebooks?$filter=displayName eq 'OHNO_Notes_to_OneNote'&$select=id,displayName status=200 elapsed=8895ms
2026-02-17 08:45:54 DEBUG [main.services.graph_client] Graph request: GET https://graph.microsoft.com/v1.0/me/onenote/notebooks/1-2c806da6-c7ba-4813-8ea0-7de5801ec332/sections?$filter=displayName eq 'CallDB2024'&$select=id,displayName headers={'Authorization': '***REDACTED***'} kwargs={}
2026-02-17 08:45:55 DEBUG [urllib3.connectionpool] https://graph.microsoft.com:443 "GET /v1.0/me/onenote/notebooks/1-2c806da6-c7ba-4813-8ea0-7de5801ec332/sections?$filter=displayName%20eq%20'CallDB2024'&$select=id,displayName HTTP/1.1" 200 None
2026-02-17 08:45:55 INFO [main.services.graph_client] Graph request success: GET https://graph.microsoft.com/v1.0/me/onenote/notebooks/1-2c806da6-c7ba-4813-8ea0-7de5801ec332/sections?$filter=displayName eq 'CallDB2024'&$select=id,displayName status=200 elapsed=895ms
2026-02-17 08:45:55 INFO [main.services.graph_client] Create OneNote page XHTML:
<!DOCTYPE html>
        <html>
        <head>
        <title>【ﾒｰﾙ対応】【Prisma】Global Protect接続不良についてのご相談【NHフーズ・チリ 柴田】</title>
        </head>
        <body>
        <!-- source_dxl: C:\Users\SLY\Documents\Python実験\Python - OneNote\Git\Notes_to_OneNote_python\scripts\target_form\FORM_Call2024.nsf_Call4.dxl -->

<style>
.notes-form{font-family:MS PGothic,Meiryo,'Segoe UI',Arial,sans-serif;font-size:11pt;line-height:1.45;color:#222;}
.notes-form table{border-collapse:collapse; width:800px; table-layout:fixed;}
.notes-form td,.notes-form th{border:1px solid #808080; padding:3px 6px; vertical-align:top;}
.notes-form th{background:#efefef;font-weight:normal;}
.notes-form .notes-par{margin:2px 0;font-weight:bold;}
.notes-form .notes-unit{font-weight:normal;}
.notes-form .notes-field{display:inline-block;min-width:6em;min-height:1.2em;border:1px solid #666;background:#fff;padding:1px 4px;border-radius:2px;}
.notes-form .notes-field[data-kind='computed'],
.notes-form .notes-field[data-kind='computedfordisplay'],
.notes-form .notes-field[data-kind='computedwhencomposed']{background:#f7f7f7;color:#555;}
.notes-form .notes-link{color:#0645ad;text-decoration:underline;}
.notes-form .notes-subform{border:1px dashed #aaa;padding:6px;margin:6px 0;background:#fafafa;}
.notes-form .notes-subform-title{font-weight:bold;margin-bottom:4px;}
.notes-form .notes-section{border:1px solid #a0a0a0;margin:6px 0;}
.notes-form .notes-section-title{background:#d9d9d9;padding:2px 6px;font-weight:bold;}
.notes-form .notes-section-body{padding:4px 6px;}
.notes-form .notes-textlist{display:block;margin-left:1em;}

</style>
<div class='notes-form' data-design='コール受付(改4) (Call4)'>
	<div class='notes-section' data-hidewhen='@IsNewDoc'>
		<div class='notes-section-body'>

			<table style='margin-top:1em; border-collapse:collapse; width:800px;'>
				<tr>
					<td style='background:#d9d9d9; padding:2px 6px; font-weight:bold;'>一次対応</td>
				</tr>
			</table>
			<br/>
			<div class='notes-par'>
				<span class='notes-field-wrap'>
					<span class='notes-field' data-field='Title' data-type='text' data-kind='computedwhencomposed' style='font-weight:bold;'>新規コール受付（問題番号：409276083108）</span>
				</span>
			</div>
			<table style='border-collapse:collapse; width:800px; table-layout:fixed;' width='800' border='1' cellspacing='0' cellpadding='0'>
				<tr>
					<td style='border:1px solid #808080; padding:3px 6px; vertical-align:top; background:#e9f3ff; font-weight:bold; width:120px;'>
						<div class='notes-par'><span style='font-weight:bold;'>ユーザー番号</span>
						</div>
					</td>
					<td style='border:1px solid #808080; padding:3px 6px; vertical-align:top;'>
						<div class='notes-par'>
							<span class='notes-field-wrap'>
								<span class='notes-field' data-field='outline' data-type='text' data-kind='editable'>0828</span>
							</span>
						</div>
					</td>
					<td style='border:1px solid #808080; padding:3px 6px; vertical-align:top; background:#e9f3ff; font-weight:bold; width:120px;'>
						<div class='notes-par'><span style='font-weight:bold;'>会社CD</span>
						</div>
					</td>
					<td style='border:1px solid #808080; padding:3px 6px; vertical-align:top;'>
						<div class='notes-par'><span class='notes-field-wrap'><span class='notes-field' data-field='customercompanycd' data-type='text' data-kind='editable'>0828</span></span>
						</div>
					</td>
				</tr>
			</table>
			<table style= border-collapse:collapse; width:800px; table-layout:fixed;' width='800' border='1' cellspacing='0' cellpadding='0'>
				<tr>
					<td style='border:1px solid #808080; padding:3px 6px; vertical-align:top; background:#e9f3ff; font-weight:bold; width:120px;'>
						<div class='notes-par'><span style='font-weight:bold;'>問合せ発生時間</span>
						</div>
					</td>
					<td style='border:1px solid #808080; padding:3px 6px; vertical-align:top;' colspan='3'>
						<div class='notes-par'>
							<span class='notes-field-wrap'>
								<span class='notes-field' data-field='SDATE_Y' data-type='number' data-kind='editable'>2024</span>
							</span>
							<span style='font-weight:bold;'> 年</span>
							<span class='notes-field-wrap'>
								<span class='notes-field' data-field='SDATE_M' data-type='number' data-kind='editable'>9</span>
							</span>
							<span style='font-weight:bold;'> 月</span>
							<span class='notes-field-wrap'>
								<span class='notes-field' data-field='SDATE_D' data-type='number' data-kind='editable'>27</span>
							</span>
							<span style='font-weight:bold;'> 日（</span>
							<span class='notes-field-wrap'>
								<span class='notes-field' data-field='STIME_H' data-type='text' data-kind='editable'>7</span>
							</span>
							<span style='font-weight:bold;'> 時</span>
							<span class='notes-field-wrap'>
								<span class='notes-field' data-field='STIME_M' data-type='text' data-kind='editable'>48</span>
							</span>
							<span style='font-weight:bold;'> 分）</span>
						</div>
					</td>
				</tr>
				<tr>
					<td style='border:1px solid #808080; padding:3px 6px; vertical-align:top; background:#e9f3ff; font-weight:bold; width:120px;'>
						<div class='notes-par'><span style='font-weight:bold;'>対応開始時間</span>
						</div>
					</td>
					<td style='border:1px solid #808080; padding:3px 6px; vertical-align:top;' colspan='3'>
						<div class='notes-par'>
							<span class='notes-field-wrap'>
								<span class='notes-field' data-field='TDATE_Y' data-type='number' data-kind='editable'>2024</span>
							</span>
							<span style='font-weight:bold;'> 年</span>
							<span class='notes-field-wrap'>
								<span class='notes-field' data-field='TDATE_M' data-type='number' data-kind='editable'>9</span>
							</span>
							<span style='font-weight:bold;'> 月</span>
							<span class='notes-field-wrap'>
								<span class='notes-field' data-field='TDATE_D' data-type='number' data-kind='editable'>27</span>
							</span>
							<span style='font-weight:bold;'> 日（</span><span class='notes-field-wrap'>
								<span class='notes-field' data-field='TTIME_H' data-type='text' data-kind='editable'>8</span>
							</span>
							<span style='font-weight:bold;'> 時</span>
							<span class='notes-field-wrap'>
								<span class='notes-field' data-field='TTIME_M' data-type='text' data-kind='editable'>31</span>
							</span>
							<span style='font-weight:bold;'> 分）</span>
						</div>
					</td>
				</tr>
			</table>

			<table style='border-collapse:collapse; width:800px; table-layout:fixed;' width='800' border='1' cellspacing='0' cellpadding='0'>
				<tr>
					<td style='border:1px solid #808080; padding:3px 6px; vertical-align:top; background:#e9f3ff; font-weight:bold; width:120px;'>
						<div class='notes-par'><span style='font-weight:bold;'>事業所名</span>
						</div>
					</td>
					<td style='border:1px solid #808080; padding:3px 6px; vertical-align:top;'>
						<div class='notes-par'><span class='notes-field-wrap'><span class='notes-field' data-field='customername' data-type='text' data-kind='editable' data-allowmultivalues='true'>ＮＨフーズ・チリ</span></span>
						</div>
					</td>
					<td style='border:1px solid #808080; padding:3px 6px; vertical-align:top; background:#e9f3ff; font-weight:bold; width:120px;'>
						<div class='notes-par'><span style='font-weight:bold;'>事業所名（カナ）</span>
						</div>
					</td>
					<td style='border:1px solid #808080; padding:3px 6px; vertical-align:top;'>
						<div class='notes-par'><span class='notes-field-wrap'><span class='notes-field' data-field='kana' data-type='text' data-kind='editable'>NHﾌ-ｽﾞ･ﾁﾘ</span></span>
						</div>
					</td>
				</tr>
				<tr>
					<td style='border:1px solid #808080; padding:3px 6px; vertical-align:top; background:#e9f3ff; font-weight:bold; width:120px;'>
						<div class='notes-par'><span style='font-weight:bold;'>所属</span>
						</div>
					</td>
					<td style='border:1px solid #808080; padding:3px 6px; vertical-align:top;'>
						<div class='notes-par'><span class='notes-field-wrap'><span class='notes-field' data-field='SEC1' data-type='text' data-kind='editable'></span></span>
						</div>
					</td>
					<td style='border:1px solid #808080; padding:3px 6px; vertical-align:top;'>
						<div class='notes-par'><span class='notes-field-wrap'><span class='notes-field' data-field='SEC2' data-type='text' data-kind='editable'>海外事業本部</span></span>
						</div>
					</td>
					<td style='border:1px solid #808080; padding:3px 6px; vertical-align:top;'>
						<div class='notes-par'><span class='notes-field-wrap'><span class='notes-field' data-field='SEC3' data-type='text' data-kind='editable'>ＮＨフーズ・チリ</span></span>
						</div>
					</td>
				</tr>
				<tr>
					<td style='border:1px solid #808080; padding:3px 6px; vertical-align:top; background:#e9f3ff; font-weight:bold; width:120px;'>
						<div class='notes-par'><span style='font-weight:bold;'>住所</span>
						</div>
					</td>
					<td style='border:1px solid #808080; padding:3px 6px; vertical-align:top;'>
						<div class='notes-par'><span class='notes-field-wrap'><span class='notes-field' data-field='ADDRESS1' data-type='text' data-kind='editable'>－－</span></span>
						</div>
					</td>
					<td style='border:1px solid #808080; padding:3px 6px; vertical-align:top;'>
						<div class='notes-par'><span class='notes-field-wrap'><span class='notes-field' data-field='ADDRESS2' data-type='text' data-kind='editable'>－－－－－－</span></span>
						</div>
					</td>
					<td style='border:1px solid #808080; padding:3px 6px; vertical-align:top;'>
						<div class='notes-par'><span class='notes-field-wrap'><span class='notes-field' data-field='ADDRESS3' data-type='text' data-kind='editable'>－－－－－－ＡＶ．ＡＮＤＥＲＳＢＥＬＬＯ２６８７，ＯＦＩＣＩ</span></span>
						</div>
					</td>
				</tr>
				<tr>
					<td style='border:1px solid #808080; padding:3px 6px; vertical-align:top; background:#e9f3ff; font-weight:bold; width:120px;'>
						<div class='notes-par'><span style='font-weight:bold;'>電話</span>
						</div>
					</td>
					<td style='border:1px solid #808080; padding:3px 6px; vertical-align:top;'>
						<div class='notes-par'><span class='notes-field-wrap'><span class='notes-field' data-field='tel' data-type='text' data-kind='editable'>56-2-2438-68</span></span>
						</div>
					</td>
					<td style='border:1px solid #808080; padding:3px 6px; vertical-align:top; background:#e9f3ff; font-weight:bold; width:120px;'>
						<div class='notes-par'><span style='font-weight:bold;'>部門名</span>
						</div>
					</td>
					<td style='border:1px solid #808080; padding:3px 6px; vertical-align:top;'>
						<div class='notes-par'><span class='notes-field-wrap'><span class='notes-field' data-field='BUMON' data-type='text' data-kind='editable'>直轄</span></span>
						</div>
					</td>
				</tr>
				<tr>
					<td style='border:1px solid #808080; padding:3px 6px; vertical-align:top; background:#e9f3ff; font-weight:bold; width:120px;'>
						<div class='notes-par'><span style='font-weight:bold;'>ＦＡＸ</span>
						</div>
					</td>
					<td style='border:1px solid #808080; padding:3px 6px; vertical-align:top;'>
						<div class='notes-par'><span class='notes-field-wrap'><span class='notes-field' data-field='fax' data-type='text' data-kind='editable'></span></span>
						</div>
					</td>
					<td style='border:1px solid #808080; padding:3px 6px; vertical-align:top; background:#e9f3ff; font-weight:bold; width:120px;'>
						<div class='notes-par'><span style='font-weight:bold;'>会社区分</span>
						</div>
					</td>
					<td style='border:1px solid #808080; padding:3px 6px; vertical-align:top;'>
						<div class='notes-par'><span class='notes-field-wrap'><span class='notes-field' data-field='KAISHA' data-type='text' data-kind='editable'>商事会社（ＪＦ，イースタン）</span></span>
						</div>
					</td>
				</tr>
			</table><br/>
			<table style='margin-top:1em; border-collapse:collapse; width:800px; table-layout:fixed;' width='800' border='1' cellspacing='0' cellpadding='0' data-hidewhen='@Contains(@UserRoles;&quot;[JSOX]&quot;)'>
				<tr>
					<td style='border:1px solid #808080; padding:3px 6px; vertical-align:top; background:#e9f3ff; font-weight:bold; width:120px;'>
						<div class='notes-par'><span style='font-weight:bold;'>問合せ者氏名（漢字）</span>
						</div>
					</td>
					<td style='border:1px solid #808080; padding:3px 6px; vertical-align:top;'>
						<div class='notes-par'><span class='notes-field-wrap'><span class='notes-field' data-field='customername_1' data-type='text' data-kind='editable' data-allowmultivalues='true'>柴田.峻介</span></span>
						</div>
					</td>
					<td style='border:1px solid #808080; padding:3px 6px; vertical-align:top; background:#e9f3ff; font-weight:bold; width:120px;'>
						<div class='notes-par'><span style='font-weight:bold;'>問合せ者氏名（カナ）</span>
						</div>
					</td>
					<td style='border:1px solid #808080; padding:3px 6px; vertical-align:top;'>
						<div class='notes-par'><span class='notes-field-wrap'><span class='notes-field' data-field='customername_2' data-type='text' data-kind='editable' data-allowmultivalues='true'>ｼﾊﾞﾀ ｼｭﾝｽｹ</span></span>
						</div>
					</td>
				</tr>
				<tr data-hidewhen='@Contains(@UserRoles;&quot;[JSOX]&quot;)'>
					<td style='border:1px solid #808080; padding:3px 6px; vertical-align:top; background:#e9f3ff; font-weight:bold; width:120px;'>
						<div class='notes-par'><span style='font-weight:bold;'>問合せ者ユーザーID</span>
						</div>
					</td>
					<td style='border:1px solid #808080; padding:3px 6px; vertical-align:top;' data-hidewhen='@Contains(@UserRoles;&quot;[JSOX]&quot;)'>
						<div class='notes-par'><span class='notes-field-wrap'><span class='notes-field' data-field='customerID' data-type='text' data-kind='editable'>US0000443</span></span>
						</div>
					</td>
					<td style='border:1px solid #808080; padding:3px 6px; vertical-align:top; background:#e9f3ff; font-weight:bold; width:120px;'>
						<div class='notes-par'><span style='font-weight:bold;'>連絡先（携帯電話/内線番号）</span>
						</div>
					</td>
					<td style='border:1px solid #808080; padding:3px 6px; vertical-align:top;'>
						<div class='notes-par'><span class='notes-field-wrap'><span class='notes-field' data-field='customerkeitai' data-type='text' data-kind='editable' data-allowmultivalues='true'>+56-9-4075-1595</span></span>
						</div>
					</td>
				</tr>
			</table><br/>
			<div class='notes-par'><span style='font-weight:bold;'>一次　問い合わせ内容</span>
			</div>
			<table style='margin-top:1em; border-collapse:collapse; width:800px; table-layout:fixed;' width='800' border='1' cellspacing='0' cellpadding='0' data-hidewhen='!(@Contains(@UserRoles;&quot;[HELP]&quot;) | @Contains(@UserRoles;&quot;[二次]&quot;) | @Contains(@UserRoles;&quot;[関連]&quot;) | @Contains(@UserRoles;&quot;[携帯他]&quot;))'>
				<tr>
					<td style='border:1px solid #808080; padding:3px 6px; vertical-align:top; background:#e9f3ff; font-weight:bold; width:120px;'>
						<div class='notes-par'><span style='font-weight:bold;'>質問概要</span>
						</div>
					</td>
					<td style='border:1px solid #808080; padding:3px 6px; vertical-align:top;'>
						<div class='notes-par'><span class='notes-field-wrap'><span class='notes-field' data-field='outline' data-type='text' data-kind='editable'>【ﾒｰﾙ対応】【Prisma】Global Protect接続不良についてのご相談【NHフーズ・チリ 柴田】</span></span>
						</div>
					</td>
				</tr>
				<tr>
					<td style='border:1px solid #808080; padding:3px 6px; vertical-align:top; background:#e9f3ff; font-weight:bold; width:120px;'>
						<div class='notes-par'><span style='font-weight:bold;'>問合せ内容</span>
						</div>
						<div class='notes-par'><span style='font-weight:bold;'>（詳細）</span>
						</div>
					</td>
					<td style='border:1px solid #808080; padding:3px 6px; vertical-align:top;'>
						<div class='notes-par'><span class='notes-field-wrap'><span class='notes-field' data-field='inquiry' data-type='text' data-kind='editable'></span></span>
						</div>
					</td>
				</tr>
				<tr data-hidewhen='!(@Contains(@UserRoles;&quot;[HELP]&quot;) | @Contains(@UserRoles;&quot;[二次]&quot;) | @Contains(@UserRoles;&quot;[関連]&quot;) | @Contains(@UserRoles;&quot;[携帯他]&quot;))'>
					<td style='border:1px solid #808080; padding:3px 6px; vertical-align:top; background:#e9f3ff; font-weight:bold; width:120px;'>
						<div class='notes-par'><span style='font-weight:bold;'>対応内容</span>
						</div>
						<div class='notes-par'><span style='font-weight:bold;'>最終回答</span>
						</div>
					</td>
					<td style='border:1px solid #808080; padding:3px 6px; vertical-align:top;' data-hidewhen='!(@Contains(@UserRoles;&quot;[HELP]&quot;) | @Contains(@UserRoles;&quot;[二次]&quot;) | @Contains(@UserRoles;&quot;[関連]&quot;) | @Contains(@UserRoles;&quot;[携帯他]&quot;))'>
						<div class='notes-par'><span class='notes-field-wrap'><span class='notes-field' data-field='answer' data-type='text' data-kind='editable'></span></span>
						</div>
						<div class='notes-par'><span style='font-weight:bold;'>処理件数：</span><span class='notes-field-wrap'><span class='notes-field' data-field='Processing_number' data-type='text' data-kind='editable'></span></span>
						</div>
						<div class='notes-par'><span style='font-weight:bold;'>ﾊﾟｽﾜｰﾄﾞ</span><span style='font-weight:bold;'>ﾉｰﾂ：</span><span class='notes-field-wrap'><span class='notes-field' data-field='pass' data-type='text' data-kind='editable'></span></span><span style='font-weight:bold;'>AD：</span><span class='notes-field-wrap'><span class='notes-field' data-field='pass_1' data-type='text' data-kind='editable'></span></span><span style='font-weight:bold;'>その他：</span><span class='notes-field-wrap'><span class='notes-field' data-field='pass_2' data-type='text' data-kind='editable'></span></span>
						</div>
					</td>
				</tr>
				<tr>
					<td style='border:1px solid #808080; padding:3px 6px; vertical-align:top; background:#e9f3ff; font-weight:bold; width:120px;'>
						<div class='notes-par'><span style='font-weight:bold;'>対応時間</span>
						</div>
						<div class='notes-par'><span style='font-weight:bold;'>調査時間</span>
						</div>
					</td>
					<td style='border:1px solid #808080; padding:3px 6px; vertical-align:top;'>
						<div class='notes-par'><span class='notes-field-wrap'><span class='notes-field' data-field='JIKAN' data-type='number' data-kind='editable'>60</span></span><span style='font-weight:bold;'>分　【ログ送信日時</span><span style='font-weight:bold;'>】：</span><span class='notes-field-wrap'><span class='notes-field' data-field='JDATE_Y' data-type='text' data-kind='editable'></span></span><span style='font-weight:bold;'>年</span><span class='notes-field-wrap'><span class='notes-field' data-field='JDATE_M' data-type='text' data-kind='editable'></span></span><span style='font-weight:bold;'> 月</span><span class='notes-field-wrap'><span class='notes-field' data-field='JDATE_D' data-type='text' data-kind='editable'></span></span><span style='font-weight:bold;'>日（</span><span class='notes-field-wrap'><span class='notes-field' data-field='JTIME_H' data-type='text' data-kind='editable'></span></span><span style='font-weight:bold;'>時</span><span class='notes-field-wrap'><span class='notes-field' data-field='JTIME_M' data-type='text' data-kind='editable'></span></span><span style='font-weight:bold;'>分）</span>
						</div>
						<div class='notes-par'><span class='notes-field-wrap'><span class='notes-field' data-field='JIKAN2' data-type='number' data-kind='editable'>40</span></span><span style='font-weight:bold;'>分</span>
						</div>
						<div class='notes-par'><span style='font-weight:bold;'>追加対応者</span><span style='font-weight:bold;'>対応時間：</span><span class='notes-field-wrap'><span class='notes-field' data-field='JIKAN_3' data-type='number' data-kind='editable'></span></span><span style='font-weight:bold;'>分</span><span style='font-weight:bold;'>調査時間：</span><span class='notes-field-wrap'><span class='notes-field' data-field='JIKAN_4' data-type='number' data-kind='editable'></span></span><span style='font-weight:bold;'>分　　ログチェック：</span><span class='notes-field-wrap'><span class='notes-field' data-field='JIKAN_5' data-type='number' data-kind='editable'>1</span></span><span style='font-weight:bold;'> 分</span>
						</div>
					</td>
				</tr>
				<tr>
					<td style='border:1px solid #808080; padding:3px 6px; vertical-align:top; background:#e9f3ff; font-weight:bold; width:120px;'>
						<div class='notes-par'><span style='font-weight:bold;'>対応完了日時</span>
						</div>
					</td>
					<td style='border:1px solid #808080; padding:3px 6px; vertical-align:top;'>
						<div class='notes-par'><span class='notes-field-wrap'><span class='notes-field' data-field='EDATE_Y' data-type='number' data-kind='editable'>2024</span></span><span style='font-weight:bold;'> 年</span><span class='notes-field-wrap'><span class='notes-field' data-field='EDATE_M' data-type='number' data-kind='editable'>9</span></span><span style='font-weight:bold;'> 月</span><span class='notes-field-wrap'><span class='notes-field' data-field='EDATE_D' data-type='number' data-kind='editable'>27</span></span><span style='font-weight:bold;'> 日（</span><span class='notes-field-wrap'><span class='notes-field' data-field='ETIME_H' data-type='text' data-kind='editable'>11</span></span><span style='font-weight:bold;'> 時</span><span class='notes-field-wrap'><span class='notes-field' data-field='ETIME_M' data-type='text' data-kind='editable'>17</span></span><span style='font-weight:bold;'> 分）</span>
						</div>
					</td>
				</tr>
			</table><br/>
			<div class='notes-par'><span style='font-weight:bold;'>＜対象者情報＞</span>
			</div>
			<table style='margin-top:1em; border-collapse:collapse; width:800px; table-layout:fixed;' width='800' border='1' cellspacing='0' cellpadding='0' data-hidewhen='@Contains(@UserRoles;&quot;[JSOX]&quot;)'>
				<tr data-hidewhen='@Contains(@UserRoles;&quot;[JSOX]&quot;)'>
					<td style='border:1px solid #808080; padding:3px 6px; vertical-align:top; background:#e9f3ff; font-weight:bold; width:120px;' data-hidewhen='@Contains(@UserRoles;&quot;[JSOX]&quot;)'>
						<div class='notes-par'><span style='font-weight:bold;'>対象者氏名</span>
						</div>
					</td>
					<td style='border:1px solid #808080; padding:3px 6px; vertical-align:top;' data-hidewhen='@Contains(@UserRoles;&quot;[JSOX]&quot;)'>
						<div class='notes-par'><span class='notes-field-wrap'><span class='notes-field' data-field='name' data-type='text' data-kind='editable'></span></span>
						</div>
					</td>
					<td style='border:1px solid #808080; padding:3px 6px; vertical-align:top; background:#e9f3ff; font-weight:bold; width:120px;' data-hidewhen='@Contains(@UserRoles;&quot;[JSOX]&quot;)'>
						<div class='notes-par'><span style='font-weight:bold;'>ADユーザーID</span>
						</div>
					</td>
					<td style='border:1px solid #808080; padding:3px 6px; vertical-align:top;' data-hidewhen='@Contains(@UserRoles;&quot;[JSOX]&quot;)'>
						<div class='notes-par'><span class='notes-field-wrap'><span class='notes-field' data-field='ADID' data-type='text' data-kind='editable'></span></span>
						</div>
					</td>
				</tr>
				<tr>
					<td style='border:1px solid #808080; padding:3px 6px; vertical-align:top; background:#e9f3ff; font-weight:bold; width:120px;'>
						<div class='notes-par'><span style='font-weight:bold;'>コンピューター名</span>
						</div>
					</td>
					<td style='border:1px solid #808080; padding:3px 6px; vertical-align:top;'>
						<div class='notes-par'><span class='notes-field-wrap'><span class='notes-field' data-field='pc_name' data-type='text' data-kind='editable'></span></span>
						</div>
					</td>
					<td style='border:1px solid #808080; padding:3px 6px; vertical-align:top; background:#e9f3ff; font-weight:bold; width:120px;'>
						<div class='notes-par'><span style='font-weight:bold;'>メールアドレス</span>
						</div>
					</td>
					<td style='border:1px solid #808080; padding:3px 6px; vertical-align:top;'>
						<div class='notes-par'><span class='notes-field-wrap'><span class='notes-field' data-field='MailAddress' data-type='text' data-kind='editable'></span></span>
						</div>
					</td>
				</tr>
			</table><br/>
			<div class='notes-par'><span style='font-weight:bold;'>＜Office365情報＞</span>
			</div>
			<table style='margin-top:1em; border-collapse:collapse; width:800px; table-layout:fixed;' width='800' border='1' cellspacing='0' cellpadding='0' data-hidewhen='@Contains(@UserRoles;&quot;[JSOX]&quot;)'>
				<tr>
					<td style='border:1px solid #808080; padding:3px 6px; vertical-align:top; background:#e9f3ff; font-weight:bold; width:120px;'>
						<div class='notes-par'><span style='font-weight:bold;'>Offife365ライセンス</span>
						</div>
					</td>
					<td style='border:1px solid #808080; padding:3px 6px; vertical-align:top;'>
						<div class='notes-par'><span class='notes-field-wrap'><span class='notes-field' data-field='O365License' data-type='keyword' data-kind='editable'></span></span>
						</div>
					</td>
					<td style='border:1px solid #808080; padding:3px 6px; vertical-align:top; background:#e9f3ff; font-weight:bold; width:120px;'>
						<div class='notes-par'><span style='font-weight:bold;'>Outlook使用アプリ</span>
						</div>
					</td>
					<td style='border:1px solid #808080; padding:3px 6px; vertical-align:top;'>
						<div class='notes-par'><span class='notes-field-wrap'><span class='notes-field' data-field='OutlookApri' data-type='keyword' data-kind='editable'></span></span>
						</div>
					</td>
				</tr>
				<tr>
					<td style='border:1px solid #808080; padding:3px 6px; vertical-align:top; background:#e9f3ff; font-weight:bold; width:120px;'>
						<div class='notes-par'><span style='font-weight:bold;'>利用環境_端末</span>
						</div>
					</td>
					<td style='border:1px solid #808080; padding:3px 6px; vertical-align:top;'>
						<div class='notes-par'><span class='notes-field-wrap'><span class='notes-field' data-field='plathome' data-type='keyword' data-kind='editable'></span></span>
						</div>
					</td>
					<td style='border:1px solid #808080; padding:3px 6px; vertical-align:top; background:#e9f3ff; font-weight:bold; width:120px;'>
						<div class='notes-par'><span style='font-weight:bold;'>スマートデバイス回線番号</span>
						</div>
					</td>
					<td style='border:1px solid #808080; padding:3px 6px; vertical-align:top;'>
						<div class='notes-par'><span class='notes-field-wrap'><span class='notes-field' data-field='mobile_tel_no' data-type='text' data-kind='editable'></span></span>
						</div>
					</td>
				</tr>
			</table>

			<table style='border-collapse:collapse; width:800px; table-layout:fixed;' width='800' border='1' cellspacing='0' cellpadding='0' data-hidewhen='@Contains(@UserRoles;&quot;[JSOX]&quot;)'>
				<tr data-hidewhen='@Contains(@UserRoles;&quot;[JSOX]&quot;)'>
					<td style='border:1px solid #808080; padding:3px 6px; vertical-align:top; background:#e9f3ff; font-weight:bold; width:120px;' data-hidewhen='@Contains(@UserRoles;&quot;[JSOX]&quot;)'>
						<div class='notes-par'><span style='font-weight:bold;'>利用環境_種類</span>
						</div>
					</td>
					<td style='border:1px solid #808080; padding:3px 6px; vertical-align:top;' colspan='3' data-hidewhen='@Contains(@UserRoles;&quot;[JSOX]&quot;)'>
						<div class='notes-par'><span class='notes-field-wrap'><span class='notes-field' data-field='O365SYURUI' data-type='keyword' data-kind='editable' data-allowmultivalues='true'></span></span><span style='font-weight:bold;'>　(：</span><span class='notes-field-wrap'><span class='notes-field' data-field='BROWSER' data-type='keyword' data-kind='editable' data-allowmultivalues='true'></span></span><span style='font-weight:bold;'>)</span>
						</div>
					</td>
				</tr>
				<tr data-hidewhen='@Contains(@UserRoles;&quot;[JSOX]&quot;)'>
					<td style='border:1px solid #808080; padding:3px 6px; vertical-align:top; background:#e9f3ff; font-weight:bold; width:120px;'>
						<div class='notes-par'><span style='font-weight:bold;'>実施作業</span>
						</div>
					</td>
					<td style='border:1px solid #808080; padding:3px 6px; vertical-align:top;' colspan='3' data-hidewhen='@Contains(@UserRoles;&quot;[JSOX]&quot;)'>
						<div class='notes-par'><span class='notes-field-wrap'><span class='notes-field' data-field='SAGYO' data-type='keyword' data-kind='editable' data-allowmultivalues='true'></span></span>
						</div>
					</td>
				</tr>
			</table><br/>
			<table style='margin-top:1em; border-collapse:collapse; width:800px; table-layout:fixed;' width='800' border='1' cellspacing='0' cellpadding='0' data-hidewhen='@Contains(@UserRoles;&quot;[JSOX]&quot;)'>
				<tr>
					<td style='border:1px solid #808080; padding:3px 6px; vertical-align:top; background:#e9f3ff; font-weight:bold; width:120px;'>
						<div class='notes-par'><span style='font-weight:bold;'>問合せ種別</span>
						</div>
					</td>
					<td style='border:1px solid #808080; padding:3px 6px; vertical-align:top;'>
						<div class='notes-par'><span class='notes-field-wrap'><span class='notes-field' data-field='category1' data-type='keyword' data-kind='editable'>トラブル</span></span>
						</div>
					</td>
					<td style='border:1px solid #808080; padding:3px 6px; vertical-align:top; background:#e9f3ff; font-weight:bold; width:120px;'>
						<div class='notes-par'><span style='font-weight:bold;'>問合せチャネル</span>
						</div>
					</td>
					<td style='border:1px solid #808080; padding:3px 6px; vertical-align:top;'>
						<div class='notes-par'><span class='notes-field-wrap'><span class='notes-field' data-field='category5' data-type='keyword' data-kind='editable'>メール</span></span>
						</div>
					</td>
				</tr>
			</table>
			<table style='border-collapse:collapse; width:800px; table-layout:fixed;' width='800' border='1' cellspacing='0' cellpadding='0'>
				<tr>
					<td style='border:1px solid #808080; padding:3px 6px; vertical-align:top; background:#e9f3ff; font-weight:bold; width:120px;'>
						<div class='notes-par'><span style='font-weight:bold;'>問合せ内容</span>
						</div>
					</td>
					<td style='border:1px solid #808080; padding:3px 6px; vertical-align:top;'>
						<div class='notes-par'>
							<span class='notes-field-wrap'>
								<span class='notes-field' data-field='category3' data-type='text' data-kind='editable'>06.ネットワーク関連</span>
							</span>
						</div>
						<div class='notes-par'><span class='notes-field-wrap'><span class='notes-field' data-field='category4' data-type='text' data-kind='editable'>06.Prismaﾘﾓｰﾄｱｸｾｽ</span></span>
						</div>
						<div class='notes-par'><span class='notes-field-wrap'><span class='notes-field' data-field='category6' data-type='text' data-kind='editable'></span></span>
						</div>
					</td>
				</tr>
				<tr data-hidewhen='@Contains(@UserRoles;&quot;[JSOX]&quot;)'>
					<td style='border:1px solid #808080; padding:3px 6px; vertical-align:top; background:#e9f3ff; font-weight:bold; width:120px;' data-hidewhen='@Contains(@UserRoles;&quot;[JSOX]&quot;)'>
						<div class='notes-par'><span style='font-weight:bold;'>サポートデスクＤＢ</span>
						</div>
					</td>
					<td style='border:1px solid #808080; padding:3px 6px; vertical-align:top;' colspan='3' data-hidewhen='@Contains(@UserRoles;&quot;[JSOX]&quot;)'>
						<div class='notes-par'><span style='font-weight:bold;'>カテゴリ１：</span><span class='notes-field-wrap'><span class='notes-field' data-field='S_Category1' data-type='text' data-kind='editable'></span></span>
						</div>
						<div class='notes-par'><span style='font-weight:bold;'>カテゴリ２：</span><span class='notes-field-wrap'><span class='notes-field' data-field='S_Category2' data-type='text' data-kind='editable'></span></span>
						</div>
						<div class='notes-par'><span style='font-weight:bold;'>カテゴリ３：</span><span class='notes-field-wrap'><span class='notes-field' data-field='S_Category3' data-type='text' data-kind='editable'></span></span>
						</div>
						<div class='notes-par'><span style='font-weight:bold;'>件名：</span><span class='notes-field-wrap'><span class='notes-field' data-field='S_Outline' data-type='text' data-kind='editable'></span></span>
						</div>
					</td>
				</tr>
				<tr>
					<td style='border:1px solid #808080; padding:3px 6px; vertical-align:top; background:#e9f3ff; font-weight:bold; width:120px;'>
						<div class='notes-par'><span style='font-weight:bold;'>ヘルプマニュアル</span>
						</div>
					</td>
					<td style='border:1px solid #808080; padding:3px 6px; vertical-align:top;' colspan='3'>
						<div class='notes-par'><span style='font-weight:bold;'>カテゴリ１：</span><span class='notes-field-wrap'><span class='notes-field' data-field='H_Category1' data-type='text' data-kind='editable'></span></span>
						</div>
						<div class='notes-par'><span style='font-weight:bold;'>カテゴリ２：</span><span class='notes-field-wrap'><span class='notes-field' data-field='H_Category2' data-type='text' data-kind='editable'></span></span>
						</div>
						<div class='notes-par'><span style='font-weight:bold;'>件名：</span><span class='notes-field-wrap'><span class='notes-field' data-field='H_Outline' data-type='text' data-kind='editable'></span></span>
						</div>
					</td>
				</tr>
				<tr data-hidewhen='@Contains(@UserRoles;&quot;[JSOX]&quot;)'>
					<td style='border:1px solid #808080; padding:3px 6px; vertical-align:top; background:#e9f3ff; font-weight:bold; width:120px;' data-hidewhen='@Contains(@UserRoles;&quot;[JSOX]&quot;)'>
						<div class='notes-par'><span style='font-weight:bold;'>関連部門の</span>
						</div>
						<div class='notes-par'><span style='font-weight:bold;'>ｴｽｶﾚｰｼｮﾝ先</span>
						</div>
					</td>
					<td style='border:1px solid #808080; padding:3px 6px; vertical-align:top;' colspan='3' data-hidewhen='@Contains(@UserRoles;&quot;[JSOX]&quot;)'>
						<div class='notes-par'><span class='notes-field-wrap'><span class='notes-field' data-field='Escalation_1' data-type='text' data-kind='editable'></span></span><span style='font-weight:bold;'>※システム名</span>
						</div>
						<div class='notes-par'><span class='notes-field-wrap'><span class='notes-field' data-field='SSendTo_1' data-type='text' data-kind='editable'></span></span><span style='font-weight:bold;'>※送信先の宛先</span>
						</div>
						<div class='notes-par'><span class='notes-field-wrap'><span class='notes-field' data-field='SCC_1' data-type='text' data-kind='editable'></span></span><span style='font-weight:bold;'>※送信先のCC</span>
						</div>
					</td>
				</tr>
				<tr data-hidewhen='@Contains(@UserRoles;&quot;[JSOX]&quot;)'>
					<td style='border:1px solid #808080; padding:3px 6px; vertical-align:top; background:#e9f3ff; font-weight:bold; width:120px;' data-hidewhen='@Contains(@UserRoles;&quot;[JSOX]&quot;)'>
						<div class='notes-par'><span style='font-weight:bold;'>対応依頼先</span>
						</div>
					</td>
					<td style='border:1px solid #808080; padding:3px 6px; vertical-align:top;' colspan='3'>
						<div class='notes-par'><span class='notes-field-wrap'><span class='notes-field' data-field='Escalation_0_1' data-type='text' data-kind='editable'></span></span>
						</div>
					</td>
				</tr>
			</table><br/>
			<table style='margin-top:1em; border-collapse:collapse; width:800px; table-layout:fixed;' width='800' border='1' cellspacing='0' cellpadding='0' data-hidewhen='@Contains(@UserRoles;&quot;[JSOX]&quot;)'>
				<tr data-hidewhen='@Contains(@UserRoles;&quot;[JSOX]&quot;)'>
					<td style='border:1px solid #808080; padding:3px 6px; vertical-align:top; background:#f2f2f2; font-weight:bold; width:120px;' data-hidewhen='@Contains(@UserRoles;&quot;[JSOX]&quot;)'>
						<div class='notes-par'><span style='font-weight:bold;'>Hardware</span>
						</div>
					</td>
				</tr>
				<tr data-hidewhen='@Contains(@UserRoles;&quot;[JSOX]&quot;)'>
					<td style='border:1px solid #808080; padding:3px 6px; vertical-align:top; background:#e9f3ff; font-weight:bold; width:120px;' data-hidewhen='@Contains(@UserRoles;&quot;[JSOX]&quot;)'>
						<div class='notes-par'><span style='font-weight:bold;'>メーカー</span>
						</div>
					</td>
					<td style='border:1px solid #808080; padding:3px 6px; vertical-align:top;'>
						<div class='notes-par'><span class='notes-field-wrap'><span class='notes-field' data-field='HW' data-type='text' data-kind='editable'></span></span>
						</div>
					</td>
				</tr>
				<tr>
					<td style='border:1px solid #808080; padding:3px 6px; vertical-align:top; background:#e9f3ff; font-weight:bold; width:120px;'>
						<div class='notes-par'><span style='font-weight:bold;'>製品名</span>
						</div>
					</td>
					<td style='border:1px solid #808080; padding:3px 6px; vertical-align:top;'>
						<div class='notes-par'><span class='notes-field-wrap'><span class='notes-field' data-field='SEIHIN' data-type='text' data-kind='editable'></span></span>
						</div>
					</td>
				</tr>
				<tr>
					<td style='border:1px solid #808080; padding:3px 6px; vertical-align:top; background:#e9f3ff; font-weight:bold; width:120px;'>
						<div class='notes-par'><span style='font-weight:bold;'>製造番号</span>
						</div>
					</td>
					<td style='border:1px solid #808080; padding:3px 6px; vertical-align:top;'>
						<div class='notes-par'><span class='notes-field-wrap'><span class='notes-field' data-field='PCSN' data-type='text' data-kind='editable'></span></span>
						</div>
					</td>
				</tr>
			</table><br/>
			<div class='notes-par'><span class='notes-field-wrap'><span class='notes-field' data-field='TRWORK' data-type='text' data-kind='computed'>0</span></span>
			</div>
			<table style='margin-top:1em; border-collapse:collapse; width:800px; table-layout:fixed;' width='800' border='1' cellspacing='0' cellpadding='0' data-hidewhen='@Contains(@UserRoles;&quot;[JSOX]&quot;)'>
				<tr data-hidewhen='@Contains(@UserRoles;&quot;[JSOX]&quot;)'>
					<td style='border:1px solid #808080; padding:3px 6px; vertical-align:top; background:#e9f3ff; font-weight:bold; width:120px;' data-hidewhen='@Contains(@UserRoles;&quot;[JSOX]&quot;)'>
						<div class='notes-par'><span style='font-weight:bold;'>再ｲﾝｽﾄｰﾙ</span>
						</div>
					</td>
					<td style='border:1px solid #808080; padding:3px 6px; vertical-align:top;' data-hidewhen='@Contains(@UserRoles;&quot;[JSOX]&quot;)'>
						<div class='notes-par'>
							<span style='font-weight:bold;'>送付到着確認日：</span>
							<span class='notes-field-wrap'>
								<span class='notes-field' data-field='PCYY' data-type='number' data-kind='editable'></span>
							</span>
							<span style='font-weight:bold;'>年</span>
							<span class='notes-field-wrap'>
								<span class='notes-field' data-field='PCMY' data-type='number' data-kind='editable'></span>
							</span>
							<span style='font-weight:bold;'>月</span>
							<span class='notes-field-wrap'>
								<span class='notes-field' data-field='PCDY' data-type='number' data-kind='editable'></span>
							</span>
							<span style='font-weight:bold;'>日</span>
						</div>
						<div class='notes-par'>
							<span style='font-weight:bold;'>作業者：</span>
							<span class='notes-field' data-field='saitan' data-type='text' data-kind='editable'></span>
						</div>
					</td>
				</tr>
				<tr>
					<td style='border:1px solid #808080; padding:3px 6px; vertical-align:top; background:#e9f3ff; font-weight:bold; width:120px;'>
						<div class='notes-par'><span style='font-weight:bold;'>完了ﾀｲﾌﾟ</span>
						</div>
					</td>
					<td style='border:1px solid #808080; padding:3px 6px; vertical-align:top;'>
						<div class='notes-par'><span class='notes-field-wrap'><span class='notes-field' data-field='statusTYPE' data-type='keyword' data-kind='editable' data-allowmultivalues='true'>自己解決</span></span>
						</div>
						<div class='notes-par'><span class='notes-field-wrap'><span class='notes-field' data-field='MEKER_K' data-type='text' data-kind='editable'></span></span>
						</div>
					</td>
				</tr>
				<tr data-hidewhen='status!=&quot;引継ぎ依頼中&quot;'>
					<td style='border:1px solid #808080; padding:3px 6px; vertical-align:top; background:#e9f3ff; font-weight:bold; width:120px;'>
						<div class='notes-par'><span style='font-weight:bold;'>対応状況</span>
						</div>
					</td>
					<td style='border:1px solid #808080; padding:3px 6px; vertical-align:top;' data-hidewhen='status!=&quot;引継ぎ依頼中&quot;'>
						<div class='notes-par'><span class='notes-field-wrap'><span class='notes-field' data-field='status' data-type='keyword' data-kind='editable'>CLOSE</span></span>
						</div>
						<div class='notes-par'><span class='notes-field-wrap'><span class='notes-field' data-field='dispach' data-type='text' data-kind='computed'>引き継ぎ依頼先：</span></span>
						</div>
						<div class='notes-par'><span class='notes-field-wrap'><span class='notes-field' data-field='dispach_1' data-type='text' data-kind='computed'>調査依頼：　 -</span></span>
						</div>
						<div class='notes-par'><span style='font-weight:bold;'>依頼先担当者：</span><span class='notes-field-wrap'><span class='notes-field' data-field='SecondLineName' data-type='text' data-kind='editable'></span></span>
						</div>
					</td>
				</tr>
				<tr>
					<td style='border:1px solid #808080; padding:3px 6px; vertical-align:top; background:#e9f3ff; font-weight:bold; width:120px;'>
						<div class='notes-par'><span style='font-weight:bold;'>担当者</span>
						</div>
					</td>
					<td style='border:1px solid #808080; padding:3px 6px; vertical-align:top;'>
						<div class='notes-par'>
							<span class='notes-field-wrap'>
								<span class='notes-field' data-field='acc_main' data-type='keyword' data-kind='editable'>渡部 真由美</span>
							</span>
						</div>
						<div class='notes-par'>
							<span style='font-weight:bold;'>受付：</span>
							<span class='notes-field-wrap'>
								<span class='notes-field' data-field='create_name' data-type='text' data-kind='computedwhencomposed'>渡部 真由美</span>
							</span>
						</div>
						<div class='notes-par'>							
							<span style='font-weight:bold;'>前回対応：</span>
							<span class='notes-field-wrap'>
								<span class='notes-field' data-field='acc_name' data-type='text' data-kind='computed' data-allowmultivalues='true'>平田 幸恵</span>
							</span>
						</div>
					</td>
				</tr>
				<tr data-hidewhen='@Contains(@UserRoles;&quot;[JSOX]&quot;)'>
					<td style='border:1px solid #808080; padding:3px 6px; vertical-align:top; background:#e9f3ff; font-weight:bold; width:120px;' data-hidewhen='@Contains(@UserRoles;&quot;[JSOX]&quot;)'>
						<div class='notes-par'><span style='font-weight:bold;'>承認者</span>
						</div>
					</td>
					<td style='border:1px solid #808080; padding:3px 6px; vertical-align:top;' data-hidewhen='@Contains(@UserRoles;&quot;[JSOX]&quot;)'>
						<div class='notes-par'><span class='notes-field-wrap'><span class='notes-field' data-field='Escalation_Approve_1' data-type='text' data-kind='editable'></span></span>&nbsp;<span class='notes-field-wrap'><span class='notes-field' data-field='ESDATE_Y_1' data-type='number' data-kind='editable'></span></span><span style='font-weight:bold;'> 年</span><span class='notes-field-wrap'><span class='notes-field' data-field='ESDATE_M_1' data-type='number' data-kind='editable'></span></span><span style='font-weight:bold;'> 月</span><span class='notes-field-wrap'><span class='notes-field' data-field='ESDATE_D_1' data-type='number' data-kind='editable'></span></span><span style='font-weight:bold;'> 日（</span><span class='notes-field-wrap'><span class='notes-field' data-field='ESTIME_H_1' data-type='text' data-kind='editable'></span></span><span style='font-weight:bold;'>時</span><span class='notes-field-wrap'><span class='notes-field' data-field='ESTIME_M_1' data-type='text' data-kind='editable'></span></span><span style='font-weight:bold;'> 分）</span>
						</div>
					</td>
				</tr>
			</table>
		</div>
	</div><br/>
	<div class='notes-section' data-hidewhen='@Contains(@UserRoles;&quot;[JSOX]&quot;)'>
		<div class='notes-section-body'>
			<table style='margin-top:1em; border-collapse:collapse; width:800px;'>
				<tr>
					<td style='background:#d9d9d9; padding:2px 6px; font-weight:bold;'>関連部門
					</td>
				</tr>
			</table><br/>
			<div class='notes-par'><span style='font-weight:bold;'>区分：</span><span class='notes-field-wrap'><span class='notes-field' data-field='Third_Type' data-type='text' data-kind='editable'>不要</span></span>
			</div><br/>
			<div class='notes-par'><span style='font-weight:bold;'>関連部門　問い合わせ内容</span>
			</div>
			<table style='margin-top:1em; border-collapse:collapse; width:800px; table-layout:fixed;' width='800' border='1' cellspacing='0' cellpadding='0' data-hidewhen='@Contains(@UserRoles;&quot;[JSOX]&quot;)'>
				<tr data-hidewhen='Third_Type=&quot;不要&quot;'>
					<td style='border:1px solid #808080; padding:3px 6px; vertical-align:top; background:#e9f3ff; font-weight:bold; width:120px;' data-hidewhen='Third_Type=&quot;不要&quot;'>
						<div class='notes-par'><span style='font-weight:bold;'>担当者</span>
						</div>
					</td>
					<td style='border:1px solid #808080; padding:3px 6px; vertical-align:top;' data-hidewhen='Third_Type=&quot;不要&quot;'>
						<div class='notes-par'>
							<span class='notes-field-wrap'>
								<span class='notes-field' data-field='Third_Person' data-type='text' data-kind='editable'></span>
							</span>
						</div>
					</td>
				</tr>
				<tr data-hidewhen='Third_Type=&quot;不要&quot;'>
					<td style='border:1px solid #808080; padding:3px 6px; vertical-align:top; background:#e9f3ff; font-weight:bold; width:120px;'>
						<div class='notes-par'><span style='font-weight:bold;'>所属部署</span>
						</div>
					</td>
					<td style='border:1px solid #808080; padding:3px 6px; vertical-align:top;' data-hidewhen='Third_Type=&quot;不要&quot;'>
						<div class='notes-par'><span class='notes-field-wrap'><span class='notes-field' data-field='Third_Dept' data-type='text' data-kind='editable'></span></span>
						</div>
					</td>
				</tr>
				<tr data-hidewhen='Third_Type=&quot;不要&quot;'>
					<td style='border:1px solid #808080; padding:3px 6px; vertical-align:top; background:#e9f3ff; font-weight:bold; width:120px;' data-hidewhen='Third_Type=&quot;不要&quot;'>
						<div class='notes-par'><span style='font-weight:bold;'>連絡先</span>
						</div>
					</td>
					<td style='border:1px solid #808080; padding:3px 6px; vertical-align:top;' data-hidewhen='Third_Type=&quot;不要&quot;'>
						<div class='notes-par'><span class='notes-field-wrap'><span class='notes-field' data-field='Third_Contact' data-type='text' data-kind='editable'></span></span>
						</div>
					</td>
				</tr>
				<tr data-hidewhen='Third_Type=&quot;不要&quot;'>
					<td style='border:1px solid #808080; padding:3px 6px; vertical-align:top; background:#e9f3ff; font-weight:bold; width:120px;'>
						<div class='notes-par'><span style='font-weight:bold;'>受付日時</span>
						</div>
					</td>
					<td style='border:1px solid #808080; padding:3px 6px; vertical-align:top;' data-hidewhen='Third_Type=&quot;不要&quot;'>
						<div class='notes-par'><span class='notes-field-wrap'><span class='notes-field' data-field='SDATE_Y_2' data-type='number' data-kind='editable'></span></span><span style='font-weight:bold;'> 年</span><span class='notes-field-wrap'><span class='notes-field' data-field='SDATE_M_2' data-type='number' data-kind='editable'></span></span><span style='font-weight:bold;'> 月</span><span class='notes-field-wrap'><span class='notes-field' data-field='SDATE_D_2' data-type='number' data-kind='editable'></span></span><span style='font-weight:bold;'> 日（</span><span class='notes-field-wrap'><span class='notes-field' data-field='STIME_H_2' data-type='text' data-kind='editable'></span></span><span style='font-weight:bold;'> 時</span><span class='notes-field-wrap'><span class='notes-field' data-field='STIME_M_2' data-type='text' data-kind='editable'></span></span><span style='font-weight:bold;'> 分）</span>
						</div>
					</td>
				</tr>
				<tr>
					<td style='border:1px solid #808080; padding:3px 6px; vertical-align:top; background:#e9f3ff; font-weight:bold; width:120px;'>
						<div class='notes-par'><span style='font-weight:bold;'>中間回答日時</span>
						</div>
					</td>
					<td style='border:1px solid #808080; padding:3px 6px; vertical-align:top;' colspan='2'>
						<div class='notes-par'><span class='notes-field-wrap'><span class='notes-field' data-field='CDATE_Y_2' data-type='number' data-kind='editable'></span></span><span style='font-weight:bold;'> 年</span><span class='notes-field-wrap'><span class='notes-field' data-field='CDATE_M_2' data-type='number' data-kind='editable'></span></span><span style='font-weight:bold;'> 月</span><span class='notes-field-wrap'><span class='notes-field' data-field='CDATE_D_2' data-type='number' data-kind='editable'></span></span><span style='font-weight:bold;'> 日（</span><span class='notes-field-wrap'><span class='notes-field' data-field='CTIME_H_2' data-type='text' data-kind='editable'></span></span><span style='font-weight:bold;'> 時</span><span class='notes-field-wrap'><span class='notes-field' data-field='CTIME_M_2' data-type='text' data-kind='editable'></span></span><span style='font-weight:bold;'> 分）</span>
						</div>
					</td>
				</tr>
				<tr data-hidewhen='Third_Type=&quot;不要&quot;'>
					<td style='border:1px solid #808080; padding:3px 6px; vertical-align:top; background:#e9f3ff; font-weight:bold; width:120px;' data-hidewhen='Third_Type=&quot;不要&quot;'>
						<div class='notes-par'><span style='font-weight:bold;'>途中経過内容</span>
						</div>
						<div class='notes-par'><span style='font-weight:bold;'>（作業内容）</span>
						</div>
					</td>
					<td style='border:1px solid #808080; padding:3px 6px; vertical-align:top;' colspan='2'>
						<div class='notes-par'><span class='notes-field-wrap'><span class='notes-field' data-field='Third_half' data-type='text' data-kind='editable'></span></span>
						</div>
					</td>
				</tr>
				<tr>
					<td style='border:1px solid #808080; padding:3px 6px; vertical-align:top; background:#e9f3ff; font-weight:bold; width:120px;'>
						<div class='notes-par'><span style='font-weight:bold;'>最終回答日時</span>
						</div>
					</td>
					<td style='border:1px solid #808080; padding:3px 6px; vertical-align:top;' colspan='2'>
						<div class='notes-par'><span class='notes-field-wrap'><span class='notes-field' data-field='EDATE_Y_2' data-type='number' data-kind='editable'></span></span><span style='font-weight:bold;'> 年</span><span class='notes-field-wrap'><span class='notes-field' data-field='EDATE_M_2' data-type='number' data-kind='editable'></span></span><span style='font-weight:bold;'> 月</span><span class='notes-field-wrap'><span class='notes-field' data-field='EDATE_D_2' data-type='number' data-kind='editable'></span></span><span style='font-weight:bold;'> 日（</span><span class='notes-field-wrap'><span class='notes-field' data-field='ETIME_H_2' data-type='text' data-kind='editable'></span></span><span style='font-weight:bold;'> 時</span><span class='notes-field-wrap'><span class='notes-field' data-field='ETIME_M_2' data-type='text' data-kind='editable'></span></span><span style='font-weight:bold;'> 分）</span>
						</div>
					</td>
				</tr>
				<tr data-hidewhen='Third_Type=&quot;不要&quot; | (Third_Type=&quot;必要&quot; &amp; !(Escalation_1=&quot;UserID再作成&quot; | Escalation_1=&quot;ｾｷｭｱID PWﾘｾｯﾄ依頼&quot; | Escalation_1=&quot;ﾒｰﾙﾘｽﾄｱ依頼&quot;))'>
					<td style='border:1px solid #808080; padding:3px 6px; vertical-align:top; background:#e9f3ff; font-weight:bold; width:120px;'>
						<div class='notes-par'><span style='font-weight:bold;'>回答内容</span>
						</div>
					</td>
					<td style='border:1px solid #808080; padding:3px 6px; vertical-align:top;' data-hidewhen='Third_Type=&quot;不要&quot; | (Third_Type=&quot;必要&quot; &amp; !(Escalation_1=&quot;UserID再作成&quot; | Escalation_1=&quot;ｾｷｭｱID PWﾘｾｯﾄ依頼&quot; | Escalation_1=&quot;ﾒｰﾙﾘｽﾄｱ依頼&quot;))'>
						<div class='notes-par'><span class='notes-field-wrap'><span class='notes-field' data-field='Third_answer' data-type='text' data-kind='editable'></span></span>
						</div>
					</td>
				</tr>
				<tr>
					<td style='border:1px solid #808080; padding:3px 6px; vertical-align:top; background:#e9f3ff; font-weight:bold; width:120px;'>
						<div class='notes-par'><span style='font-weight:bold;'>問合せ種別</span>
						</div>
					</td>
					<td style='border:1px solid #808080; padding:3px 6px; vertical-align:top;' colspan='2'>
						<div class='notes-par'><span class='notes-field-wrap'><span class='notes-field' data-field='Second_category1' data-type='keyword' data-kind='editable'></span></span>
						</div>
					</td>
				</tr>
				<tr data-hidewhen='Third_Type=&quot;不要&quot;'>
					<td style='border:1px solid #808080; padding:3px 6px; vertical-align:top; background:#e9f3ff; font-weight:bold; width:120px;' data-hidewhen='Third_Type=&quot;不要&quot;'>
						<div class='notes-par'><span style='font-weight:bold;'>問合せ内容</span>
						</div>
					</td>
					<td style='border:1px solid #808080; padding:3px 6px; vertical-align:top;' data-hidewhen='Third_Type=&quot;不要&quot;'>
						<div class='notes-par'><span class='notes-field-wrap'><span class='notes-field' data-field='Second_category2' data-type='text' data-kind='computed'></span></span>
						</div>
						<div class='notes-par'><span class='notes-field-wrap'><span class='notes-field' data-field='Second_category3' data-type='text' data-kind='computed'></span></span>
						</div>
						<div class='notes-par'><span class='notes-field-wrap'><span class='notes-field' data-field='Second_category4' data-type='text' data-kind='computed'></span></span>
						</div>
					</td>
				</tr>
				<tr>
					<td style='border:1px solid #808080; padding:3px 6px; vertical-align:top; background:#e9f3ff; font-weight:bold; width:120px;'>
						<div class='notes-par'><span style='font-weight:bold;'>対応時間</span>
						</div>
						<div class='notes-par'><span style='font-weight:bold;'>調査時間</span>
						</div>
					</td>
					<td style='border:1px solid #808080; padding:3px 6px; vertical-align:top;' colspan='2'>
						<div class='notes-par'><span class='notes-field-wrap'><span class='notes-field' data-field='JIKAN_2_1' data-type='number' data-kind='editable'></span></span><span style='font-weight:bold;'>分</span>
						</div>
						<div class='notes-par'><span class='notes-field-wrap'><span class='notes-field' data-field='JIKAN_2_2' data-type='number' data-kind='editable'></span></span><span style='font-weight:bold;'>分</span>
						</div>
					</td>
				</tr>
				<tr>
					<td style='border:1px solid #808080; padding:3px 6px; vertical-align:top; background:#e9f3ff; font-weight:bold; width:120px;'>
						<div class='notes-par'><span style='font-weight:bold;'>障害</span>
						</div>
					</td>
					<td style='border:1px solid #808080; padding:3px 6px; vertical-align:top;' colspan='2'>
						<div class='notes-par'><span class='notes-field-wrap'><span class='notes-field' data-field='Trouble_2' data-type='keyword' data-kind='editable' data-allowmultivalues='true'></span></span>
						</div>
					</td>
				</tr>
				<tr>
					<td style='border:1px solid #808080; padding:3px 6px; vertical-align:top; background:#e9f3ff; font-weight:bold; width:120px;'>
						<div class='notes-par'><span style='font-weight:bold;'>上長コメント</span>
						</div>
					</td>
					<td style='border:1px solid #808080; padding:3px 6px; vertical-align:top;' colspan='2'>
						<div class='notes-par'><span class='notes-field-wrap'><span class='notes-field' data-field='Third_comment' data-type='text' data-kind='editable'></span></span>
						</div>
					</td>
				</tr>
				<tr>
					<td style='border:1px solid #808080; padding:3px 6px; vertical-align:top; background:#e9f3ff; font-weight:bold; width:120px;'>
						<div class='notes-par'><span style='font-weight:bold;'>上長承認</span>
						</div>
					</td>
					<td style='border:1px solid #808080; padding:3px 6px; vertical-align:top;' colspan='2'>
						<div class='notes-par'><span class='notes-field-wrap'><span class='notes-field' data-field='Trouble_Approve_2' data-type='text' data-kind='editable'></span></span>&nbsp;<span class='notes-field-wrap'><span class='notes-field' data-field='ADATE_Y_2' data-type='number' data-kind='editable'></span></span><span style='font-weight:bold;'> 年</span><span class='notes-field-wrap'><span class='notes-field' data-field='ADATE_M_2' data-type='number' data-kind='editable'></span></span><span style='font-weight:bold;'> 月</span><span class='notes-field-wrap'><span class='notes-field' data-field='ADATE_D_2' data-type='number' data-kind='editable'></span></span><span style='font-weight:bold;'> 日（</span><span class='notes-field-wrap'><span class='notes-field' data-field='ATIME_H_2' data-type='text' data-kind='editable'></span></span><span style='font-weight:bold;'> 時</span><span class='notes-field-wrap'><span class='notes-field' data-field='ATIME_M_2' data-type='text' data-kind='editable'></span></span><span style='font-weight:bold;'> 分）</span>
						</div>
					</td>
				</tr>
			</table>
		</div>
	</div><br/>
	<div class='notes-par'><span style='font-weight:bold;'>トラブルチケット</span><span style='font-weight:bold;'>(有無：</span><span class='notes-field-wrap'><span class='notes-field' data-field='TRUMU' data-type='keyword' data-kind='editable'>無</span></span><span style='font-weight:bold;'>）</span>
	</div>
	<table style='margin-top:1em; border-collapse:collapse; width:800px; table-layout:fixed;' width='800' border='1' cellspacing='0' cellpadding='0' data-hidewhen='@Contains(@UserRoles;&quot;[JSOX]&quot;)'>
		<tr data-hidewhen='@Contains(@UserRoles;&quot;[JSOX]&quot;)'>
			<td style='border:1px solid #808080; padding:3px 6px; vertical-align:top;' data-hidewhen='@Contains(@UserRoles;&quot;[JSOX]&quot;)'>
				<div class='notes-par'><span style='font-weight:bold;'>障害個所：</span><span class='notes-field-wrap'><span class='notes-field' data-field='KOSHO' data-type='keyword' data-kind='editable' data-allowmultivalues='true'></span></span>
				</div>
			</td>
		</tr>
	</table><br/>
	<div class='notes-section' data-hidewhen='@Contains(@UserRoles;&quot;[JSOX]&quot;)'>
		<div class='notes-section-body'>
			<div class='notes-par'><span style='font-weight:bold;'>（保守対応依頼）</span>
			</div>
			<table style='margin-top:1em; border-collapse:collapse; width:800px; table-layout:fixed;' width='800' border='1' cellspacing='0' cellpadding='0' data-hidewhen='@Contains(@UserRoles;&quot;[JSOX]&quot;)'>
				<tr data-hidewhen='@Contains(@UserRoles;&quot;[JSOX]&quot;)'>
					<td style='border:1px solid #808080; padding:3px 6px; vertical-align:top; background:#e9f3ff; font-weight:bold; width:120px;' data-hidewhen='@Contains(@UserRoles;&quot;[JSOX]&quot;)'>
						<div class='notes-par'><span style='font-weight:bold;'>会社名</span>
						</div>
					</td>
					<td style='border:1px solid #808080; padding:3px 6px; vertical-align:top;' data-hidewhen='@Contains(@UserRoles;&quot;[JSOX]&quot;)'>
						<div class='notes-par'><span class='notes-field-wrap'><span class='notes-field' data-field='TRMAKER' data-type='text' data-kind='editable'></span></span>
						</div>
					</td>
				</tr>
				<tr>
					<td style='border:1px solid #808080; padding:3px 6px; vertical-align:top; background:#e9f3ff; font-weight:bold; width:120px;'>
						<div class='notes-par'><span style='font-weight:bold;'>部署名</span>
						</div>
					</td>
					<td style='border:1px solid #808080; padding:3px 6px; vertical-align:top;'>
						<div class='notes-par'><span class='notes-field-wrap'><span class='notes-field' data-field='TRKBUSYO' data-type='text' data-kind='editable'></span></span>
						</div>
					</td>
				</tr>
				<tr>
					<td style='border:1px solid #808080; padding:3px 6px; vertical-align:top; background:#e9f3ff; font-weight:bold; width:120px;'>
						<div class='notes-par'><span style='font-weight:bold;'>担当者名</span>
						</div>
					</td>
					<td style='border:1px solid #808080; padding:3px 6px; vertical-align:top;'>
						<div class='notes-par'><span class='notes-field-wrap'><span class='notes-field' data-field='TRTANTO' data-type='text' data-kind='editable'></span></span><span style='font-weight:bold;'>　様</span>
						</div>
					</td>
				</tr>
				<tr>
					<td style='border:1px solid #808080; padding:3px 6px; vertical-align:top; background:#e9f3ff; font-weight:bold; width:120px;'>
						<div class='notes-par'><span style='font-weight:bold;'>ＦＡＸ</span>
						</div>
					</td>
					<td style='border:1px solid #808080; padding:3px 6px; vertical-align:top;'>
						<div class='notes-par'><span class='notes-field-wrap'><span class='notes-field' data-field='TRFAX' data-type='text' data-kind='editable'></span></span>
						</div>
					</td>
				</tr>
				<tr>
					<td style='border:1px solid #808080; padding:3px 6px; vertical-align:top; background:#e9f3ff; font-weight:bold; width:120px;'>
						<div class='notes-par'><span style='font-weight:bold;'>ＴＥＬ</span>
						</div>
					</td>
					<td style='border:1px solid #808080; padding:3px 6px; vertical-align:top;'>
						<div class='notes-par'><span class='notes-field-wrap'><span class='notes-field' data-field='TRTEL' data-type='text' data-kind='editable'></span></span>
						</div>
					</td>
				</tr>
			</table><br/>
			<table style='margin-top:1em; border-collapse:collapse; width:800px; table-layout:fixed;' width='800' border='1' cellspacing='0' cellpadding='0' data-hidewhen='@Contains(@UserRoles;&quot;[JSOX]&quot;)'>
				<tr data-hidewhen='@Contains(@UserRoles;&quot;[JSOX]&quot;)'>
					<td style='border:1px solid #808080; padding:3px 6px; vertical-align:top; background:#e9f3ff; font-weight:bold; width:120px;'>
						<div class='notes-par'><span style='font-weight:bold;'>チケット№</span>
						</div>
					</td>
					<td style='border:1px solid #808080; padding:3px 6px; vertical-align:top;'>
						<div class='notes-par'><span class='notes-field-wrap'><span class='notes-field' data-field='TRNO' data-type='text' data-kind='editable'></span></span>
						</div>
					</td>
					<td style='border:1px solid #808080; padding:3px 6px; vertical-align:top; background:#e9f3ff; font-weight:bold; width:120px;' data-hidewhen='@Contains(@UserRoles;&quot;[JSOX]&quot;)'>
						<div class='notes-par'><span style='font-weight:bold;'>ＯＳ</span>
						</div>
					</td>
					<td style='border:1px solid #808080; padding:3px 6px; vertical-align:top;' data-hidewhen='@Contains(@UserRoles;&quot;[JSOX]&quot;)'>
						<div class='notes-par'><span class='notes-field-wrap'><span class='notes-field' data-field='TROS' data-type='text' data-kind='editable'></span></span>
						</div>
					</td>
				</tr>
				<tr>
					<td style='border:1px solid #808080; padding:3px 6px; vertical-align:top; background:#e9f3ff; font-weight:bold; width:120px;'>
						<div class='notes-par'><span style='font-weight:bold;'>対象機種名</span>
						</div>
					</td>
					<td style='border:1px solid #808080; padding:3px 6px; vertical-align:top;'>
						<div class='notes-par'><span class='notes-field-wrap'><span class='notes-field' data-field='TRKISYU' data-type='text' data-kind='editable'></span></span>
						</div>
					</td>
					<td style='border:1px solid #808080; padding:3px 6px; vertical-align:top; background:#e9f3ff; font-weight:bold; width:120px;'>
						<div class='notes-par'><span style='font-weight:bold;'>品番(S/N)</span>
						</div>
					</td>
					<td style='border:1px solid #808080; padding:3px 6px; vertical-align:top;'>
						<div class='notes-par'><span class='notes-field-wrap'><span class='notes-field' data-field='TRSN' data-type='text' data-kind='editable'></span></span>
						</div>
					</td>
				</tr>
				<tr>
					<td style='border:1px solid #808080; padding:3px 6px; vertical-align:top; background:#e9f3ff; font-weight:bold; width:120px;'>
						<div class='notes-par'><span style='font-weight:bold;'>導入時期</span>
						</div>
					</td>
					<td style='border:1px solid #808080; padding:3px 6px; vertical-align:top;'>
						<div class='notes-par'><span class='notes-field-wrap'><span class='notes-field' data-field='TRJIKI' data-type='text' data-kind='editable'></span></span>
						</div>
					</td>
					<td style='border:1px solid #808080; padding:3px 6px; vertical-align:top; background:#e9f3ff; font-weight:bold; width:120px;'>
						<div class='notes-par'><span style='font-weight:bold;'>備考</span>
						</div>
					</td>
					<td style='border:1px solid #808080; padding:3px 6px; vertical-align:top;'>
						<div class='notes-par'><span class='notes-field-wrap'><span class='notes-field' data-field='TRBIKOU' data-type='text' data-kind='editable'></span></span>
						</div>
					</td>
				</tr>
			</table><br/>
			<div class='notes-par'><span style='font-weight:bold;'>（ユーザー情報）</span>
			</div>
			<table style='margin-top:1em; border-collapse:collapse; width:800px; table-layout:fixed;' width='800' border='1' cellspacing='0' cellpadding='0' data-hidewhen='@Contains(@UserRoles;&quot;[JSOX]&quot;)'>
				<tr data-hidewhen='@Contains(@UserRoles;&quot;[JSOX]&quot;)'>
					<td style='border:1px solid #808080; padding:3px 6px; vertical-align:top; background:#e9f3ff; font-weight:bold; width:120px;' data-hidewhen='@Contains(@UserRoles;&quot;[JSOX]&quot;)'>
						<div class='notes-par'><span style='font-weight:bold;'>氏名</span>
						</div>
					</td>
					<td style='border:1px solid #808080; padding:3px 6px; vertical-align:top;' data-hidewhen='@Contains(@UserRoles;&quot;[JSOX]&quot;)'>
						<div class='notes-par'><span class='notes-field-wrap'><span class='notes-field' data-field='TRYNAME' data-type='text' data-kind='editable'></span></span>
						</div>
					</td>
				</tr>
				<tr>
					<td style='border:1px solid #808080; padding:3px 6px; vertical-align:top; background:#e9f3ff; font-weight:bold; width:120px;'>
						<div class='notes-par'><span style='font-weight:bold;'>ＴＥＬ</span>
						</div>
					</td>
					<td style='border:1px solid #808080; padding:3px 6px; vertical-align:top;'>
						<div class='notes-par'><span class='notes-field-wrap'><span class='notes-field' data-field='TRYTEL' data-type='text' data-kind='editable'></span></span>
						</div>
					</td>
				</tr>
				<tr>
					<td style='border:1px solid #808080; padding:3px 6px; vertical-align:top; background:#e9f3ff; font-weight:bold; width:120px;'>
						<div class='notes-par'><span style='font-weight:bold;'>会社名</span>
						</div>
					</td>
					<td style='border:1px solid #808080; padding:3px 6px; vertical-align:top;'>
						<div class='notes-par'><span class='notes-field-wrap'><span class='notes-field' data-field='TRYKAISHA' data-type='text' data-kind='editable'></span></span>
						</div>
					</td>
				</tr>
				<tr>
					<td style='border:1px solid #808080; padding:3px 6px; vertical-align:top; background:#e9f3ff; font-weight:bold; width:120px;'>
						<div class='notes-par'><span style='font-weight:bold;'>事業所名</span>
						</div>
					</td>
					<td style='border:1px solid #808080; padding:3px 6px; vertical-align:top;'>
						<div class='notes-par'><span class='notes-field-wrap'><span class='notes-field' data-field='TRYJIGYOU' data-type='text' data-kind='editable'></span></span>
						</div>
					</td>
				</tr>
				<tr>
					<td style='border:1px solid #808080; padding:3px 6px; vertical-align:top; background:#e9f3ff; font-weight:bold; width:120px;'>
						<div class='notes-par'><span style='font-weight:bold;'>住所</span>
						</div>
					</td>
					<td style='border:1px solid #808080; padding:3px 6px; vertical-align:top;'>
						<div class='notes-par'><span class='notes-field-wrap'><span class='notes-field' data-field='TRYADDRESS' data-type='text' data-kind='editable'></span></span>
						</div>
					</td>
				</tr>
				<tr>
					<td style='border:1px solid #808080; padding:3px 6px; vertical-align:top; background:#e9f3ff; font-weight:bold; width:120px;'>
						<div class='notes-par'><span style='font-weight:bold;'>障害内容</span>
						</div>
					</td>
					<td style='border:1px solid #808080; padding:3px 6px; vertical-align:top;'>
						<div class='notes-par'><span class='notes-field-wrap'><span class='notes-field' data-field='TRYNAIYO' data-type='text' data-kind='editable'></span></span>
						</div>
					</td>
				</tr>
				<tr>
					<td style='border:1px solid #808080; padding:3px 6px; vertical-align:top; background:#e9f3ff; font-weight:bold; width:120px;'>
						<div class='notes-par'><span style='font-weight:bold;'>備考</span>
						</div>
					</td>
					<td style='border:1px solid #808080; padding:3px 6px; vertical-align:top;'>
						<div class='notes-par'><span class='notes-field-wrap'><span class='notes-field' data-field='TRYBIKOU' data-type='text' data-kind='editable'></span></span>
						</div>
					</td>
				</tr>
			</table>
		</div>
	</div><br/>
	<div class='notes-par'><span style='font-weight:bold;'>ＰＣ再セットアップ</span><span style='font-weight:bold;'>(</span><span style='font-weight:bold;'>有無：</span><span class='notes-field-wrap'><span class='notes-field' data-field='PCUMU' data-type='keyword' data-kind='editable'>無</span></span><span style='font-weight:bold;'>）</span>
	</div>
	<div class='notes-section' data-hidewhen='@Contains(@UserRoles;&quot;[JSOX]&quot;)'>
		<div class='notes-section-body'>
			<div class='notes-par'><span style='font-weight:bold;'>（ＰＣユーザー）</span>
			</div>
			<table style='margin-top:1em; border-collapse:collapse; width:800px; table-layout:fixed;' width='800' border='1' cellspacing='0' cellpadding='0'>
				<tr>
					<td style='border:1px solid #808080; padding:3px 6px; vertical-align:top; background:#e9f3ff; font-weight:bold; width:120px;'>
						<div class='notes-par'><span style='font-weight:bold;'>氏名</span>
						</div>
					</td>
					<td style='border:1px solid #808080; padding:3px 6px; vertical-align:top;'>
						<div class='notes-par'><span class='notes-field-wrap'><span class='notes-field' data-field='PCNAME' data-type='text' data-kind='editable'></span></span><span style='font-weight:bold;'>様</span>
						</div>
					</td>
				</tr>
				<tr>
					<td style='border:1px solid #808080; padding:3px 6px; vertical-align:top; background:#e9f3ff; font-weight:bold; width:120px;'>
						<div class='notes-par'><span style='font-weight:bold;'>会社名</span>
						</div>
					</td>
					<td style='border:1px solid #808080; padding:3px 6px; vertical-align:top;'>
						<div class='notes-par'><span class='notes-field-wrap'><span class='notes-field' data-field='PCKAISHA' data-type='text' data-kind='editable'></span></span>
						</div>
					</td>
				</tr>
				<tr>
					<td style='border:1px solid #808080; padding:3px 6px; vertical-align:top; background:#e9f3ff; font-weight:bold; width:120px;'>
						<div class='notes-par'><span style='font-weight:bold;'>事業所名</span>
						</div>
					</td>
					<td style='border:1px solid #808080; padding:3px 6px; vertical-align:top;'>
						<div class='notes-par'><span class='notes-field-wrap'><span class='notes-field' data-field='PCJIGYOU' data-type='text' data-kind='editable'></span></span>
						</div>
					</td>
				</tr>
				<tr>
					<td style='border:1px solid #808080; padding:3px 6px; vertical-align:top; background:#e9f3ff; font-weight:bold; width:120px;'>
						<div class='notes-par'><span style='font-weight:bold;'>住所</span>
						</div>
					</td>
					<td style='border:1px solid #808080; padding:3px 6px; vertical-align:top;'>
						<div class='notes-par'><span class='notes-field-wrap'><span class='notes-field' data-field='PCADDRESS' data-type='text' data-kind='editable'></span></span>
						</div>
					</td>
				</tr>
				<tr>
					<td style='border:1px solid #808080; padding:3px 6px; vertical-align:top; background:#e9f3ff; font-weight:bold; width:120px;'>
						<div class='notes-par'><span style='font-weight:bold;'>ＴＥＬ</span>
						</div>
					</td>
					<td style='border:1px solid #808080; padding:3px 6px; vertical-align:top;'>
						<div class='notes-par'><span class='notes-field-wrap'><span class='notes-field' data-field='PCTEL' data-type='text' data-kind='editable'></span></span>
						</div>
					</td>
				</tr>
				<tr>
					<td style='border:1px solid #808080; padding:3px 6px; vertical-align:top; background:#e9f3ff; font-weight:bold; width:120px;'>
						<div class='notes-par'><span style='font-weight:bold;'>ＦＡＸ</span>
						</div>
					</td>
					<td style='border:1px solid #808080; padding:3px 6px; vertical-align:top;'>
						<div class='notes-par'><span class='notes-field-wrap'><span class='notes-field' data-field='PCFAX' data-type='text' data-kind='editable'></span></span>
						</div>
					</td>
				</tr>
			</table><br/>
			<div class='notes-par'><span style='font-weight:bold;'>（使用ツール）</span>
			</div>
			<table style='margin-top:1em; border-collapse:collapse; width:800px; table-layout:fixed;' width='800' border='1' cellspacing='0' cellpadding='0' data-hidewhen='@Contains(@UserRoles;&quot;[JSOX]&quot;)'>
				<tr data-hidewhen='@Contains(@UserRoles;&quot;[JSOX]&quot;)'>
					<td style='border:1px solid #808080; padding:3px 6px; vertical-align:top;' data-hidewhen='@Contains(@UserRoles;&quot;[JSOX]&quot;)'>
						<div class='notes-par'><span class='notes-field-wrap'><span class='notes-field' data-field='TOOL' data-type='keyword' data-kind='editable' data-allowmultivalues='true'></span></span>
						</div>
					</td>
				</tr>
			</table><br/>
			<div class='notes-par'><span style='font-weight:bold;'>備考：</span><span class='notes-field-wrap'><span class='notes-field' data-field='BIKOU' data-type='text' data-kind='editable'></span></span>
			</div>
			<table style='margin-top:1em; border-collapse:collapse; width:800px; table-layout:fixed;' width='800' border='1' cellspacing='0' cellpadding='0' data-hidewhen='@Contains(@UserRoles;&quot;[JSOX]&quot;)'>
				<tr data-hidewhen='@Contains(@UserRoles;&quot;[JSOX]&quot;)'>
					<td style='border:1px solid #808080; padding:3px 6px; vertical-align:top; background:#e9f3ff; font-weight:bold; width:120px;' data-hidewhen='@Contains(@UserRoles;&quot;[JSOX]&quot;)'>
						<div class='notes-par'><span style='font-weight:bold;'>パソコン返送日</span>
						</div>
					</td>
					<td style='border:1px solid #808080; padding:3px 6px; vertical-align:top;' data-hidewhen='@Contains(@UserRoles;&quot;[JSOX]&quot;)'>
						<div class='notes-par'><span class='notes-field-wrap'><span class='notes-field' data-field='PCYH' data-type='number' data-kind='editable'></span></span><span style='font-weight:bold;'>年</span><span class='notes-field-wrap'><span class='notes-field' data-field='PCMH' data-type='number' data-kind='editable'></span></span><span style='font-weight:bold;'>月</span><span class='notes-field-wrap'><span class='notes-field' data-field='PCDH' data-type='number' data-kind='editable'></span></span><span style='font-weight:bold;'>日</span>
						</div>
					</td>
				</tr>
			</table><br/>
			<div class='notes-par'><span style='font-weight:bold;'>（再セットアップ関係者)</span>
			</div>
			<table style='margin-top:1em; border-collapse:collapse; width:800px; table-layout:fixed;' width='800' border='1' cellspacing='0' cellpadding='0' data-hidewhen='@Contains(@UserRoles;&quot;[JSOX]&quot;)'>
				<tr data-hidewhen='@Contains(@UserRoles;&quot;[JSOX]&quot;)'>
					<td style='border:1px solid #808080; padding:3px 6px; vertical-align:top; background:#e9f3ff; font-weight:bold; width:120px;' data-hidewhen='@Contains(@UserRoles;&quot;[JSOX]&quot;)'>
						<div class='notes-par'><span style='font-weight:bold;'>１</span>
						</div>
					</td>
					<td style='border:1px solid #808080; padding:3px 6px; vertical-align:top;' data-hidewhen='@Contains(@UserRoles;&quot;[JSOX]&quot;)'>
						<div class='notes-par'><span class='notes-field-wrap'><span class='notes-field' data-field='KANKEI1' data-type='text' data-kind='editable'></span></span>
						</div>
					</td>
					<td style='border:1px solid #808080; padding:3px 6px; vertical-align:top;' data-hidewhen='@Contains(@UserRoles;&quot;[JSOX]&quot;)'>
						<div class='notes-par'><span class='notes-field-wrap'><span class='notes-field' data-field='KANJIKAN1' data-type='text' data-kind='editable'></span></span><span style='font-weight:bold;'>分：</span><span class='notes-field-wrap'><span class='notes-field' data-field='HDATE1' data-type='datetime' data-kind='editable'></span></span>
						</div>
					</td>
				</tr>
				<tr>
					<td style='border:1px solid #808080; padding:3px 6px; vertical-align:top; background:#e9f3ff; font-weight:bold; width:120px;'>
						<div class='notes-par'><span style='font-weight:bold;'>２</span>
						</div>
					</td>
					<td style='border:1px solid #808080; padding:3px 6px; vertical-align:top;'>
						<div class='notes-par'><span class='notes-field-wrap'><span class='notes-field' data-field='KANKEI2' data-type='text' data-kind='editable'></span></span>
						</div>
					</td>
					<td style='border:1px solid #808080; padding:3px 6px; vertical-align:top;'>
						<div class='notes-par'><span class='notes-field-wrap'><span class='notes-field' data-field='KANJIKAN2' data-type='text' data-kind='editable'></span></span><span style='font-weight:bold;'>分：</span><span class='notes-field-wrap'><span class='notes-field' data-field='HDATE2' data-type='datetime' data-kind='editable'></span></span>
						</div>
					</td>
				</tr>
				<tr>
					<td style='border:1px solid #808080; padding:3px 6px; vertical-align:top; background:#e9f3ff; font-weight:bold; width:120px;'>
						<div class='notes-par'><span style='font-weight:bold;'>３</span>
						</div>
					</td>
					<td style='border:1px solid #808080; padding:3px 6px; vertical-align:top;'>
						<div class='notes-par'><span class='notes-field-wrap'><span class='notes-field' data-field='KANKEI3' data-type='text' data-kind='editable'></span></span>
						</div>
					</td>
					<td style='border:1px solid #808080; padding:3px 6px; vertical-align:top;'>
						<div class='notes-par'><span class='notes-field-wrap'><span class='notes-field' data-field='KANJIKAN3' data-type='text' data-kind='editable'></span></span><span style='font-weight:bold;'>分：</span><span class='notes-field-wrap'><span class='notes-field' data-field='HDATE3' data-type='datetime' data-kind='editable'></span></span>
						</div>
					</td>
				</tr>
			</table>
		</div>
	</div><br/>
	<div class='notes-section'>
		<div class='notes-section-body'>
			<table style='margin-top:1em; border-collapse:collapse; width:800px;'>
				<tr>
					<td style='background:#d9d9d9; padding:2px 6px; font-weight:bold;'>対応ﾒﾓ
					</td>
				</tr>
			</table><br/>
			<div class='notes-par'><span class='notes-field-wrap'><span class='notes-field' data-field='Memo' data-type='text' data-kind='editable'></span></span>
			</div>
		</div>
	</div><br/>
	<div class='notes-section' data-hidewhen='@Contains(@UserRoles;&quot;[JSOX]&quot;)'>
		<div class='notes-section-body'>
			<table style='margin-top:1em; border-collapse:collapse; width:800px;'>
				<tr>
					<td style='background:#d9d9d9; padding:2px 6px; font-weight:bold;'>添付資料
					</td>
				</tr>
			</table><br/>
			<div class='notes-par'><span style='font-weight:bold;'>PC修理 ・・・・：</span><span class='notes-field-wrap'><span class='notes-field' data-field='body_1' data-type='richtext' data-kind='editable'><p></p></span></span>
			</div><br/>
			<div class='notes-par'><span style='font-weight:bold;'>関連ｺｰﾙ</span><span style='font-weight:bold;'>・・・・：</span><span class='notes-field-wrap'><span class='notes-field' data-field='body' data-type='richtext' data-kind='editable'><div id='seg-001' data-id='seg-001'><div style='margin:8px 0; padding:10px; border:1px solid #e3e3e3; border-radius:10px;'><object data='name:p1' data-attachment='①.png' type='image/png'></object></div></div>
<div id='seg-002' data-id='seg-002'><div style='margin:8px 0; padding:10px; border:1px solid #e3e3e3; border-radius:10px;'><object data='name:p2' data-attachment='②.png' type='image/png'></object></div></div>
<div id='seg-003' data-id='seg-003'>seg-003</div></span></span>
			</div>
		</div>
	</div><br/>
	<div class='notes-section' data-hidewhen='@Contains(@UserRoles;&quot;[JSOX]&quot;)'>
		<div class='notes-section-body'>
			<table style='margin-top:1em; border-collapse:collapse; width:800px;'>
				<tr>
					<td style='background:#d9d9d9; padding:2px 6px; font-weight:bold;'>履歴情報
					</td>
				</tr>
			</table><br/>
			<div class='notes-par'><span class='notes-field-wrap'><span class='notes-field' data-field='history' data-type='text' data-kind='computed' data-allowmultivalues='true'>2024/09/30 19:25 渡部 真由美 CLOSE<br/>2024/09/27 18:08 渡部 真由美 OPEN<br/>2024/09/27 17:21 渡部 真由美 CLOSE<br/>2024/09/27 12:52 渡部 真由美 CLOSE<br/>2024/09/27 9:13 渡部 真由美 CLOSE<br/>2024/09/27 8:35 渡部 真由美 OPEN<br/>2024/09/27 8:32 渡部 真由美 OPEN</span></span>
			</div>
		</div>
	</div>
</div>

        </body>
        </html>
2026-02-17 08:45:55 INFO [main.services.graph_client] Create OneNote page parts: count=2 parts=[{'part_name': 'p1', 'filename': '①.png', 'content_type': 'image/png', 'size': 414638}, {'part_name': 'p2', 'filename': '②.png', 'content_type': 'image/png', 'size': 421450}]
2026-02-17 08:45:55 DEBUG [main.services.graph_client] Graph request: POST https://graph.microsoft.com/v1.0/me/onenote/sections/1-44fb02cf-3b28-43ab-8129-5c7e65e3213f/pages headers={'Authorization': '***REDACTED***'} kwargs={'multipart_parts': [{'part': 'Presentation', 'filename': 'presentation.html', 'content_type': 'text/html', 'size': 82825}, {'part': 'p1', 'filename': '①.png', 'content_type': 'image/png', 'size': 414638}, {'part': 'p2', 'filename': '②.png', 'content_type': 'image/png', 'size': 421450}]}
2026-02-17 08:46:05 DEBUG [urllib3.connectionpool] https://graph.microsoft.com:443 "POST /v1.0/me/onenote/sections/1-44fb02cf-3b28-43ab-8129-5c7e65e3213f/pages HTTP/1.1" 201 None
2026-02-17 08:46:05 INFO [main.services.graph_client] Graph request success: POST https://graph.microsoft.com/v1.0/me/onenote/sections/1-44fb02cf-3b28-43ab-8129-5c7e65e3213f/pages status=201 elapsed=10165ms
2026-02-17 08:46:05 DEBUG [main.services.graph_client] Graph request: PATCH https://graph.microsoft.com/v1.0/me/onenote/pages/1-2d22412b6ee040bb986398a606c7a73d!154-44fb02cf-3b28-43ab-8129-5c7e65e3213f/content headers={'Authorization': '***REDACTED***'} kwargs={'multipart_parts': [{'part': 'p1', 'filename': '③.png', 'content_type': 'image/png', 'size': 399916}, {'part': 'Commands', 'filename': 'commands.json', 'content_type': 'application/json', 'size': 244}]}
2026-02-17 08:46:08 DEBUG [urllib3.connectionpool] https://graph.microsoft.com:443 "PATCH /v1.0/me/onenote/pages/1-2d22412b6ee040bb986398a606c7a73d!154-44fb02cf-3b28-43ab-8129-5c7e65e3213f/content HTTP/1.1" 204 0
2026-02-17 08:46:08 INFO [main.services.graph_client] Graph request success: PATCH https://graph.microsoft.com/v1.0/me/onenote/pages/1-2d22412b6ee040bb986398a606c7a73d!154-44fb02cf-3b28-43ab-8129-5c7e65e3213f/content status=204 elapsed=2873ms
2026-02-17 08:52:19 DEBUG [main.services.graph_client] Graph request: GET https://graph.microsoft.com/v1.0/me/onenote/notebooks?$filter=displayName eq 'OHNO_Notes_to_OneNote'&$select=id,displayName headers={'Authorization': '***REDACTED***'} kwargs={}
2026-02-17 08:52:19 DEBUG [urllib3.connectionpool] Starting new HTTPS connection (1): graph.microsoft.com:443
2026-02-17 08:52:27 DEBUG [urllib3.connectionpool] https://graph.microsoft.com:443 "GET /v1.0/me/onenote/notebooks?$filter=displayName%20eq%20'OHNO_Notes_to_OneNote'&$select=id,displayName HTTP/1.1" 200 None
2026-02-17 08:52:27 INFO [main.services.graph_client] Graph request success: GET https://graph.microsoft.com/v1.0/me/onenote/notebooks?$filter=displayName eq 'OHNO_Notes_to_OneNote'&$select=id,displayName status=200 elapsed=8352ms
2026-02-17 08:52:27 DEBUG [main.services.graph_client] Graph request: GET https://graph.microsoft.com/v1.0/me/onenote/notebooks/1-2c806da6-c7ba-4813-8ea0-7de5801ec332/sections?$filter=displayName eq 'CallDB2024'&$select=id,displayName headers={'Authorization': '***REDACTED***'} kwargs={}
2026-02-17 08:52:28 DEBUG [urllib3.connectionpool] https://graph.microsoft.com:443 "GET /v1.0/me/onenote/notebooks/1-2c806da6-c7ba-4813-8ea0-7de5801ec332/sections?$filter=displayName%20eq%20'CallDB2024'&$select=id,displayName HTTP/1.1" 200 None
2026-02-17 08:52:28 INFO [main.services.graph_client] Graph request success: GET https://graph.microsoft.com/v1.0/me/onenote/notebooks/1-2c806da6-c7ba-4813-8ea0-7de5801ec332/sections?$filter=displayName eq 'CallDB2024'&$select=id,displayName status=200 elapsed=814ms
2026-02-17 08:52:28 INFO [main.services.graph_client] Create OneNote page XHTML:
<!DOCTYPE html>
        <html>
        <head>
        <title>【ﾒｰﾙ対応】【Prisma】Global Protect接続不良についてのご相談【NHフーズ・チリ 柴田】</title>
        </head>
        <body>
        <!-- source_dxl: C:\Users\SLY\Documents\Python実験\Python - OneNote\Git\Notes_to_OneNote_python\scripts\target_form\FORM_Call2024.nsf_Call4.dxl -->

<style>
.notes-form{font-family:MS PGothic,Meiryo,'Segoe UI',Arial,sans-serif;font-size:11pt;line-height:1.45;color:#222;}
.notes-form table{border-collapse:collapse; width:800px; table-layout:fixed;}
.notes-form td,.notes-form th{border:1px solid #808080; padding:3px 6px; vertical-align:top;}
.notes-form th{background:#efefef;font-weight:normal;}
.notes-form .notes-par{margin:2px 0;font-weight:bold;}
.notes-form .notes-unit{font-weight:normal;}
.notes-form .notes-field{display:inline-block;min-width:6em;min-height:1.2em;border:1px solid #666;background:#fff;padding:1px 4px;border-radius:2px;}
.notes-form .notes-field[data-kind='computed'],
.notes-form .notes-field[data-kind='computedfordisplay'],
.notes-form .notes-field[data-kind='computedwhencomposed']{background:#f7f7f7;color:#555;}
.notes-form .notes-link{color:#0645ad;text-decoration:underline;}
.notes-form .notes-subform{border:1px dashed #aaa;padding:6px;margin:6px 0;background:#fafafa;}
.notes-form .notes-subform-title{font-weight:bold;margin-bottom:4px;}
.notes-form .notes-section{border:1px solid #a0a0a0;margin:6px 0;}
.notes-form .notes-section-title{background:#d9d9d9;padding:2px 6px;font-weight:bold;}
.notes-form .notes-section-body{padding:4px 6px;}
.notes-form .notes-textlist{display:block;margin-left:1em;}

</style>
<div class='notes-form' data-design='コール受付(改4) (Call4)'>
	<div class='notes-section' data-hidewhen='@IsNewDoc'>
		<div class='notes-section-body'>

			<table style='margin-top:1em; border-collapse:collapse; width:800px;'>
				<tr>
					<td style='background:#d9d9d9; padding:2px 6px; font-weight:bold;'>一次対応</td>
				</tr>
			</table>
			<br/>
			<div class='notes-par'>
				<span class='notes-field-wrap'>
					<span class='notes-field' data-field='Title' data-type='text' data-kind='computedwhencomposed' style='font-weight:bold;'>新規コール受付（問題番号：409276083108）</span>
				</span>
			</div>
			<table style='border-collapse:collapse; width:800px; table-layout:fixed;' width='800' border='1' cellspacing='0' cellpadding='0'>
				<tr>
					<td style='border:1px solid #808080; padding:3px 6px; vertical-align:top; background:#e9f3ff; font-weight:bold; width:120px;'>
						<div class='notes-par'><span style='font-weight:bold;'>ユーザー番号</span>
						</div>
					</td>
					<td style='border:1px solid #808080; padding:3px 6px; vertical-align:top;'>
						<div class='notes-par'>
							<span class='notes-field-wrap'>
								<span class='notes-field' data-field='outline' data-type='text' data-kind='editable'>0828</span>
							</span>
						</div>
					</td>
					<td style='border:1px solid #808080; padding:3px 6px; vertical-align:top; background:#e9f3ff; font-weight:bold; width:120px;'>
						<div class='notes-par'><span style='font-weight:bold;'>会社CD</span>
						</div>
					</td>
					<td style='border:1px solid #808080; padding:3px 6px; vertical-align:top;'>
						<div class='notes-par'><span class='notes-field-wrap'><span class='notes-field' data-field='customercompanycd' data-type='text' data-kind='editable'>0828</span></span>
						</div>
					</td>
				</tr>
			</table>
			<table style= border-collapse:collapse; width:800px; table-layout:fixed;' width='800' border='1' cellspacing='0' cellpadding='0'>
				<tr>
					<td style='border:1px solid #808080; padding:3px 6px; vertical-align:top; background:#e9f3ff; font-weight:bold; width:120px;'>
						<div class='notes-par'><span style='font-weight:bold;'>問合せ発生時間</span>
						</div>
					</td>
					<td style='border:1px solid #808080; padding:3px 6px; vertical-align:top;' colspan='3'>
						<div class='notes-par'>
							<span class='notes-field-wrap'>
								<span class='notes-field' data-field='SDATE_Y' data-type='number' data-kind='editable'>2024</span>
							</span>
							<span style='font-weight:bold;'> 年</span>
							<span class='notes-field-wrap'>
								<span class='notes-field' data-field='SDATE_M' data-type='number' data-kind='editable'>9</span>
							</span>
							<span style='font-weight:bold;'> 月</span>
							<span class='notes-field-wrap'>
								<span class='notes-field' data-field='SDATE_D' data-type='number' data-kind='editable'>27</span>
							</span>
							<span style='font-weight:bold;'> 日（</span>
							<span class='notes-field-wrap'>
								<span class='notes-field' data-field='STIME_H' data-type='text' data-kind='editable'>7</span>
							</span>
							<span style='font-weight:bold;'> 時</span>
							<span class='notes-field-wrap'>
								<span class='notes-field' data-field='STIME_M' data-type='text' data-kind='editable'>48</span>
							</span>
							<span style='font-weight:bold;'> 分）</span>
						</div>
					</td>
				</tr>
				<tr>
					<td style='border:1px solid #808080; padding:3px 6px; vertical-align:top; background:#e9f3ff; font-weight:bold; width:120px;'>
						<div class='notes-par'><span style='font-weight:bold;'>対応開始時間</span>
						</div>
					</td>
					<td style='border:1px solid #808080; padding:3px 6px; vertical-align:top;' colspan='3'>
						<div class='notes-par'>
							<span class='notes-field-wrap'>
								<span class='notes-field' data-field='TDATE_Y' data-type='number' data-kind='editable'>2024</span>
							</span>
							<span style='font-weight:bold;'> 年</span>
							<span class='notes-field-wrap'>
								<span class='notes-field' data-field='TDATE_M' data-type='number' data-kind='editable'>9</span>
							</span>
							<span style='font-weight:bold;'> 月</span>
							<span class='notes-field-wrap'>
								<span class='notes-field' data-field='TDATE_D' data-type='number' data-kind='editable'>27</span>
							</span>
							<span style='font-weight:bold;'> 日（</span><span class='notes-field-wrap'>
								<span class='notes-field' data-field='TTIME_H' data-type='text' data-kind='editable'>8</span>
							</span>
							<span style='font-weight:bold;'> 時</span>
							<span class='notes-field-wrap'>
								<span class='notes-field' data-field='TTIME_M' data-type='text' data-kind='editable'>31</span>
							</span>
							<span style='font-weight:bold;'> 分）</span>
						</div>
					</td>
				</tr>
			</table>

			<table style='border-collapse:collapse; width:800px; table-layout:fixed;' width='800' border='1' cellspacing='0' cellpadding='0'>
				<tr>
					<td style='border:1px solid #808080; padding:3px 6px; vertical-align:top; background:#e9f3ff; font-weight:bold; width:120px;'>
						<div class='notes-par'><span style='font-weight:bold;'>事業所名</span>
						</div>
					</td>
					<td style='border:1px solid #808080; padding:3px 6px; vertical-align:top;'>
						<div class='notes-par'><span class='notes-field-wrap'><span class='notes-field' data-field='customername' data-type='text' data-kind='editable' data-allowmultivalues='true'>ＮＨフーズ・チリ</span></span>
						</div>
					</td>
					<td style='border:1px solid #808080; padding:3px 6px; vertical-align:top; background:#e9f3ff; font-weight:bold; width:120px;'>
						<div class='notes-par'><span style='font-weight:bold;'>事業所名（カナ）</span>
						</div>
					</td>
					<td style='border:1px solid #808080; padding:3px 6px; vertical-align:top;'>
						<div class='notes-par'><span class='notes-field-wrap'><span class='notes-field' data-field='kana' data-type='text' data-kind='editable'>NHﾌ-ｽﾞ･ﾁﾘ</span></span>
						</div>
					</td>
				</tr>
				<tr>
					<td style='border:1px solid #808080; padding:3px 6px; vertical-align:top; background:#e9f3ff; font-weight:bold; width:120px;'>
						<div class='notes-par'><span style='font-weight:bold;'>所属</span>
						</div>
					</td>
					<td style='border:1px solid #808080; padding:3px 6px; vertical-align:top;'>
						<div class='notes-par'><span class='notes-field-wrap'><span class='notes-field' data-field='SEC1' data-type='text' data-kind='editable'></span></span>
						</div>
					</td>
					<td style='border:1px solid #808080; padding:3px 6px; vertical-align:top;'>
						<div class='notes-par'><span class='notes-field-wrap'><span class='notes-field' data-field='SEC2' data-type='text' data-kind='editable'>海外事業本部</span></span>
						</div>
					</td>
					<td style='border:1px solid #808080; padding:3px 6px; vertical-align:top;'>
						<div class='notes-par'><span class='notes-field-wrap'><span class='notes-field' data-field='SEC3' data-type='text' data-kind='editable'>ＮＨフーズ・チリ</span></span>
						</div>
					</td>
				</tr>
				<tr>
					<td style='border:1px solid #808080; padding:3px 6px; vertical-align:top; background:#e9f3ff; font-weight:bold; width:120px;'>
						<div class='notes-par'><span style='font-weight:bold;'>住所</span>
						</div>
					</td>
					<td style='border:1px solid #808080; padding:3px 6px; vertical-align:top;'>
						<div class='notes-par'><span class='notes-field-wrap'><span class='notes-field' data-field='ADDRESS1' data-type='text' data-kind='editable'>－－</span></span>
						</div>
					</td>
					<td style='border:1px solid #808080; padding:3px 6px; vertical-align:top;'>
						<div class='notes-par'><span class='notes-field-wrap'><span class='notes-field' data-field='ADDRESS2' data-type='text' data-kind='editable'>－－－－－－</span></span>
						</div>
					</td>
					<td style='border:1px solid #808080; padding:3px 6px; vertical-align:top;'>
						<div class='notes-par'><span class='notes-field-wrap'><span class='notes-field' data-field='ADDRESS3' data-type='text' data-kind='editable'>－－－－－－ＡＶ．ＡＮＤＥＲＳＢＥＬＬＯ２６８７，ＯＦＩＣＩ</span></span>
						</div>
					</td>
				</tr>
				<tr>
					<td style='border:1px solid #808080; padding:3px 6px; vertical-align:top; background:#e9f3ff; font-weight:bold; width:120px;'>
						<div class='notes-par'><span style='font-weight:bold;'>電話</span>
						</div>
					</td>
					<td style='border:1px solid #808080; padding:3px 6px; vertical-align:top;'>
						<div class='notes-par'><span class='notes-field-wrap'><span class='notes-field' data-field='tel' data-type='text' data-kind='editable'>56-2-2438-68</span></span>
						</div>
					</td>
					<td style='border:1px solid #808080; padding:3px 6px; vertical-align:top; background:#e9f3ff; font-weight:bold; width:120px;'>
						<div class='notes-par'><span style='font-weight:bold;'>部門名</span>
						</div>
					</td>
					<td style='border:1px solid #808080; padding:3px 6px; vertical-align:top;'>
						<div class='notes-par'><span class='notes-field-wrap'><span class='notes-field' data-field='BUMON' data-type='text' data-kind='editable'>直轄</span></span>
						</div>
					</td>
				</tr>
				<tr>
					<td style='border:1px solid #808080; padding:3px 6px; vertical-align:top; background:#e9f3ff; font-weight:bold; width:120px;'>
						<div class='notes-par'><span style='font-weight:bold;'>ＦＡＸ</span>
						</div>
					</td>
					<td style='border:1px solid #808080; padding:3px 6px; vertical-align:top;'>
						<div class='notes-par'><span class='notes-field-wrap'><span class='notes-field' data-field='fax' data-type='text' data-kind='editable'></span></span>
						</div>
					</td>
					<td style='border:1px solid #808080; padding:3px 6px; vertical-align:top; background:#e9f3ff; font-weight:bold; width:120px;'>
						<div class='notes-par'><span style='font-weight:bold;'>会社区分</span>
						</div>
					</td>
					<td style='border:1px solid #808080; padding:3px 6px; vertical-align:top;'>
						<div class='notes-par'><span class='notes-field-wrap'><span class='notes-field' data-field='KAISHA' data-type='text' data-kind='editable'>商事会社（ＪＦ，イースタン）</span></span>
						</div>
					</td>
				</tr>
			</table><br/>
			<table style='margin-top:1em; border-collapse:collapse; width:800px; table-layout:fixed;' width='800' border='1' cellspacing='0' cellpadding='0' data-hidewhen='@Contains(@UserRoles;&quot;[JSOX]&quot;)'>
				<tr>
					<td style='border:1px solid #808080; padding:3px 6px; vertical-align:top; background:#e9f3ff; font-weight:bold; width:120px;'>
						<div class='notes-par'><span style='font-weight:bold;'>問合せ者氏名（漢字）</span>
						</div>
					</td>
					<td style='border:1px solid #808080; padding:3px 6px; vertical-align:top;'>
						<div class='notes-par'><span class='notes-field-wrap'><span class='notes-field' data-field='customername_1' data-type='text' data-kind='editable' data-allowmultivalues='true'>柴田.峻介</span></span>
						</div>
					</td>
					<td style='border:1px solid #808080; padding:3px 6px; vertical-align:top; background:#e9f3ff; font-weight:bold; width:120px;'>
						<div class='notes-par'><span style='font-weight:bold;'>問合せ者氏名（カナ）</span>
						</div>
					</td>
					<td style='border:1px solid #808080; padding:3px 6px; vertical-align:top;'>
						<div class='notes-par'><span class='notes-field-wrap'><span class='notes-field' data-field='customername_2' data-type='text' data-kind='editable' data-allowmultivalues='true'>ｼﾊﾞﾀ ｼｭﾝｽｹ</span></span>
						</div>
					</td>
				</tr>
				<tr data-hidewhen='@Contains(@UserRoles;&quot;[JSOX]&quot;)'>
					<td style='border:1px solid #808080; padding:3px 6px; vertical-align:top; background:#e9f3ff; font-weight:bold; width:120px;'>
						<div class='notes-par'><span style='font-weight:bold;'>問合せ者ユーザーID</span>
						</div>
					</td>
					<td style='border:1px solid #808080; padding:3px 6px; vertical-align:top;' data-hidewhen='@Contains(@UserRoles;&quot;[JSOX]&quot;)'>
						<div class='notes-par'><span class='notes-field-wrap'><span class='notes-field' data-field='customerID' data-type='text' data-kind='editable'>US0000443</span></span>
						</div>
					</td>
					<td style='border:1px solid #808080; padding:3px 6px; vertical-align:top; background:#e9f3ff; font-weight:bold; width:120px;'>
						<div class='notes-par'><span style='font-weight:bold;'>連絡先（携帯電話/内線番号）</span>
						</div>
					</td>
					<td style='border:1px solid #808080; padding:3px 6px; vertical-align:top;'>
						<div class='notes-par'><span class='notes-field-wrap'><span class='notes-field' data-field='customerkeitai' data-type='text' data-kind='editable' data-allowmultivalues='true'>+56-9-4075-1595</span></span>
						</div>
					</td>
				</tr>
			</table><br/>
			<div class='notes-par'><span style='font-weight:bold;'>一次　問い合わせ内容</span>
			</div>
			<table style='margin-top:1em; border-collapse:collapse; width:800px; table-layout:fixed;' width='800' border='1' cellspacing='0' cellpadding='0' data-hidewhen='!(@Contains(@UserRoles;&quot;[HELP]&quot;) | @Contains(@UserRoles;&quot;[二次]&quot;) | @Contains(@UserRoles;&quot;[関連]&quot;) | @Contains(@UserRoles;&quot;[携帯他]&quot;))'>
				<tr>
					<td style='border:1px solid #808080; padding:3px 6px; vertical-align:top; background:#e9f3ff; font-weight:bold; width:120px;'>
						<div class='notes-par'><span style='font-weight:bold;'>質問概要</span>
						</div>
					</td>
					<td style='border:1px solid #808080; padding:3px 6px; vertical-align:top;'>
						<div class='notes-par'><span class='notes-field-wrap'><span class='notes-field' data-field='outline' data-type='text' data-kind='editable'>【ﾒｰﾙ対応】【Prisma】Global Protect接続不良についてのご相談【NHフーズ・チリ 柴田】</span></span>
						</div>
					</td>
				</tr>
				<tr>
					<td style='border:1px solid #808080; padding:3px 6px; vertical-align:top; background:#e9f3ff; font-weight:bold; width:120px;'>
						<div class='notes-par'><span style='font-weight:bold;'>問合せ内容</span>
						</div>
						<div class='notes-par'><span style='font-weight:bold;'>（詳細）</span>
						</div>
					</td>
					<td style='border:1px solid #808080; padding:3px 6px; vertical-align:top;'>
						<div class='notes-par'><span class='notes-field-wrap'><span class='notes-field' data-field='inquiry' data-type='text' data-kind='editable'></span></span>
						</div>
					</td>
				</tr>
				<tr data-hidewhen='!(@Contains(@UserRoles;&quot;[HELP]&quot;) | @Contains(@UserRoles;&quot;[二次]&quot;) | @Contains(@UserRoles;&quot;[関連]&quot;) | @Contains(@UserRoles;&quot;[携帯他]&quot;))'>
					<td style='border:1px solid #808080; padding:3px 6px; vertical-align:top; background:#e9f3ff; font-weight:bold; width:120px;'>
						<div class='notes-par'><span style='font-weight:bold;'>対応内容</span>
						</div>
						<div class='notes-par'><span style='font-weight:bold;'>最終回答</span>
						</div>
					</td>
					<td style='border:1px solid #808080; padding:3px 6px; vertical-align:top;' data-hidewhen='!(@Contains(@UserRoles;&quot;[HELP]&quot;) | @Contains(@UserRoles;&quot;[二次]&quot;) | @Contains(@UserRoles;&quot;[関連]&quot;) | @Contains(@UserRoles;&quot;[携帯他]&quot;))'>
						<div class='notes-par'><span class='notes-field-wrap'><span class='notes-field' data-field='answer' data-type='text' data-kind='editable'></span></span>
						</div>
						<div class='notes-par'><span style='font-weight:bold;'>処理件数：</span><span class='notes-field-wrap'><span class='notes-field' data-field='Processing_number' data-type='text' data-kind='editable'></span></span>
						</div>
						<div class='notes-par'><span style='font-weight:bold;'>ﾊﾟｽﾜｰﾄﾞ</span><span style='font-weight:bold;'>ﾉｰﾂ：</span><span class='notes-field-wrap'><span class='notes-field' data-field='pass' data-type='text' data-kind='editable'></span></span><span style='font-weight:bold;'>AD：</span><span class='notes-field-wrap'><span class='notes-field' data-field='pass_1' data-type='text' data-kind='editable'></span></span><span style='font-weight:bold;'>その他：</span><span class='notes-field-wrap'><span class='notes-field' data-field='pass_2' data-type='text' data-kind='editable'></span></span>
						</div>
					</td>
				</tr>
				<tr>
					<td style='border:1px solid #808080; padding:3px 6px; vertical-align:top; background:#e9f3ff; font-weight:bold; width:120px;'>
						<div class='notes-par'><span style='font-weight:bold;'>対応時間</span>
						</div>
						<div class='notes-par'><span style='font-weight:bold;'>調査時間</span>
						</div>
					</td>
					<td style='border:1px solid #808080; padding:3px 6px; vertical-align:top;'>
						<div class='notes-par'><span class='notes-field-wrap'><span class='notes-field' data-field='JIKAN' data-type='number' data-kind='editable'>60</span></span><span style='font-weight:bold;'>分　【ログ送信日時</span><span style='font-weight:bold;'>】：</span><span class='notes-field-wrap'><span class='notes-field' data-field='JDATE_Y' data-type='text' data-kind='editable'></span></span><span style='font-weight:bold;'>年</span><span class='notes-field-wrap'><span class='notes-field' data-field='JDATE_M' data-type='text' data-kind='editable'></span></span><span style='font-weight:bold;'> 月</span><span class='notes-field-wrap'><span class='notes-field' data-field='JDATE_D' data-type='text' data-kind='editable'></span></span><span style='font-weight:bold;'>日（</span><span class='notes-field-wrap'><span class='notes-field' data-field='JTIME_H' data-type='text' data-kind='editable'></span></span><span style='font-weight:bold;'>時</span><span class='notes-field-wrap'><span class='notes-field' data-field='JTIME_M' data-type='text' data-kind='editable'></span></span><span style='font-weight:bold;'>分）</span>
						</div>
						<div class='notes-par'><span class='notes-field-wrap'><span class='notes-field' data-field='JIKAN2' data-type='number' data-kind='editable'>40</span></span><span style='font-weight:bold;'>分</span>
						</div>
						<div class='notes-par'><span style='font-weight:bold;'>追加対応者</span><span style='font-weight:bold;'>対応時間：</span><span class='notes-field-wrap'><span class='notes-field' data-field='JIKAN_3' data-type='number' data-kind='editable'></span></span><span style='font-weight:bold;'>分</span><span style='font-weight:bold;'>調査時間：</span><span class='notes-field-wrap'><span class='notes-field' data-field='JIKAN_4' data-type='number' data-kind='editable'></span></span><span style='font-weight:bold;'>分　　ログチェック：</span><span class='notes-field-wrap'><span class='notes-field' data-field='JIKAN_5' data-type='number' data-kind='editable'>1</span></span><span style='font-weight:bold;'> 分</span>
						</div>
					</td>
				</tr>
				<tr>
					<td style='border:1px solid #808080; padding:3px 6px; vertical-align:top; background:#e9f3ff; font-weight:bold; width:120px;'>
						<div class='notes-par'><span style='font-weight:bold;'>対応完了日時</span>
						</div>
					</td>
					<td style='border:1px solid #808080; padding:3px 6px; vertical-align:top;'>
						<div class='notes-par'><span class='notes-field-wrap'><span class='notes-field' data-field='EDATE_Y' data-type='number' data-kind='editable'>2024</span></span><span style='font-weight:bold;'> 年</span><span class='notes-field-wrap'><span class='notes-field' data-field='EDATE_M' data-type='number' data-kind='editable'>9</span></span><span style='font-weight:bold;'> 月</span><span class='notes-field-wrap'><span class='notes-field' data-field='EDATE_D' data-type='number' data-kind='editable'>27</span></span><span style='font-weight:bold;'> 日（</span><span class='notes-field-wrap'><span class='notes-field' data-field='ETIME_H' data-type='text' data-kind='editable'>11</span></span><span style='font-weight:bold;'> 時</span><span class='notes-field-wrap'><span class='notes-field' data-field='ETIME_M' data-type='text' data-kind='editable'>17</span></span><span style='font-weight:bold;'> 分）</span>
						</div>
					</td>
				</tr>
			</table><br/>
			<div class='notes-par'><span style='font-weight:bold;'>＜対象者情報＞</span>
			</div>
			<table style='margin-top:1em; border-collapse:collapse; width:800px; table-layout:fixed;' width='800' border='1' cellspacing='0' cellpadding='0' data-hidewhen='@Contains(@UserRoles;&quot;[JSOX]&quot;)'>
				<tr data-hidewhen='@Contains(@UserRoles;&quot;[JSOX]&quot;)'>
					<td style='border:1px solid #808080; padding:3px 6px; vertical-align:top; background:#e9f3ff; font-weight:bold; width:120px;' data-hidewhen='@Contains(@UserRoles;&quot;[JSOX]&quot;)'>
						<div class='notes-par'><span style='font-weight:bold;'>対象者氏名</span>
						</div>
					</td>
					<td style='border:1px solid #808080; padding:3px 6px; vertical-align:top;' data-hidewhen='@Contains(@UserRoles;&quot;[JSOX]&quot;)'>
						<div class='notes-par'><span class='notes-field-wrap'><span class='notes-field' data-field='name' data-type='text' data-kind='editable'></span></span>
						</div>
					</td>
					<td style='border:1px solid #808080; padding:3px 6px; vertical-align:top; background:#e9f3ff; font-weight:bold; width:120px;' data-hidewhen='@Contains(@UserRoles;&quot;[JSOX]&quot;)'>
						<div class='notes-par'><span style='font-weight:bold;'>ADユーザーID</span>
						</div>
					</td>
					<td style='border:1px solid #808080; padding:3px 6px; vertical-align:top;' data-hidewhen='@Contains(@UserRoles;&quot;[JSOX]&quot;)'>
						<div class='notes-par'><span class='notes-field-wrap'><span class='notes-field' data-field='ADID' data-type='text' data-kind='editable'></span></span>
						</div>
					</td>
				</tr>
				<tr>
					<td style='border:1px solid #808080; padding:3px 6px; vertical-align:top; background:#e9f3ff; font-weight:bold; width:120px;'>
						<div class='notes-par'><span style='font-weight:bold;'>コンピューター名</span>
						</div>
					</td>
					<td style='border:1px solid #808080; padding:3px 6px; vertical-align:top;'>
						<div class='notes-par'><span class='notes-field-wrap'><span class='notes-field' data-field='pc_name' data-type='text' data-kind='editable'></span></span>
						</div>
					</td>
					<td style='border:1px solid #808080; padding:3px 6px; vertical-align:top; background:#e9f3ff; font-weight:bold; width:120px;'>
						<div class='notes-par'><span style='font-weight:bold;'>メールアドレス</span>
						</div>
					</td>
					<td style='border:1px solid #808080; padding:3px 6px; vertical-align:top;'>
						<div class='notes-par'><span class='notes-field-wrap'><span class='notes-field' data-field='MailAddress' data-type='text' data-kind='editable'></span></span>
						</div>
					</td>
				</tr>
			</table><br/>
			<div class='notes-par'><span style='font-weight:bold;'>＜Office365情報＞</span>
			</div>
			<table style='margin-top:1em; border-collapse:collapse; width:800px; table-layout:fixed;' width='800' border='1' cellspacing='0' cellpadding='0' data-hidewhen='@Contains(@UserRoles;&quot;[JSOX]&quot;)'>
				<tr>
					<td style='border:1px solid #808080; padding:3px 6px; vertical-align:top; background:#e9f3ff; font-weight:bold; width:120px;'>
						<div class='notes-par'><span style='font-weight:bold;'>Offife365ライセンス</span>
						</div>
					</td>
					<td style='border:1px solid #808080; padding:3px 6px; vertical-align:top;'>
						<div class='notes-par'><span class='notes-field-wrap'><span class='notes-field' data-field='O365License' data-type='keyword' data-kind='editable'></span></span>
						</div>
					</td>
					<td style='border:1px solid #808080; padding:3px 6px; vertical-align:top; background:#e9f3ff; font-weight:bold; width:120px;'>
						<div class='notes-par'><span style='font-weight:bold;'>Outlook使用アプリ</span>
						</div>
					</td>
					<td style='border:1px solid #808080; padding:3px 6px; vertical-align:top;'>
						<div class='notes-par'><span class='notes-field-wrap'><span class='notes-field' data-field='OutlookApri' data-type='keyword' data-kind='editable'></span></span>
						</div>
					</td>
				</tr>
				<tr>
					<td style='border:1px solid #808080; padding:3px 6px; vertical-align:top; background:#e9f3ff; font-weight:bold; width:120px;'>
						<div class='notes-par'><span style='font-weight:bold;'>利用環境_端末</span>
						</div>
					</td>
					<td style='border:1px solid #808080; padding:3px 6px; vertical-align:top;'>
						<div class='notes-par'><span class='notes-field-wrap'><span class='notes-field' data-field='plathome' data-type='keyword' data-kind='editable'></span></span>
						</div>
					</td>
					<td style='border:1px solid #808080; padding:3px 6px; vertical-align:top; background:#e9f3ff; font-weight:bold; width:120px;'>
						<div class='notes-par'><span style='font-weight:bold;'>スマートデバイス回線番号</span>
						</div>
					</td>
					<td style='border:1px solid #808080; padding:3px 6px; vertical-align:top;'>
						<div class='notes-par'><span class='notes-field-wrap'><span class='notes-field' data-field='mobile_tel_no' data-type='text' data-kind='editable'></span></span>
						</div>
					</td>
				</tr>
			</table>

			<table style='border-collapse:collapse; width:800px; table-layout:fixed;' width='800' border='1' cellspacing='0' cellpadding='0' data-hidewhen='@Contains(@UserRoles;&quot;[JSOX]&quot;)'>
				<tr data-hidewhen='@Contains(@UserRoles;&quot;[JSOX]&quot;)'>
					<td style='border:1px solid #808080; padding:3px 6px; vertical-align:top; background:#e9f3ff; font-weight:bold; width:120px;' data-hidewhen='@Contains(@UserRoles;&quot;[JSOX]&quot;)'>
						<div class='notes-par'><span style='font-weight:bold;'>利用環境_種類</span>
						</div>
					</td>
					<td style='border:1px solid #808080; padding:3px 6px; vertical-align:top;' colspan='3' data-hidewhen='@Contains(@UserRoles;&quot;[JSOX]&quot;)'>
						<div class='notes-par'><span class='notes-field-wrap'><span class='notes-field' data-field='O365SYURUI' data-type='keyword' data-kind='editable' data-allowmultivalues='true'></span></span><span style='font-weight:bold;'>　(：</span><span class='notes-field-wrap'><span class='notes-field' data-field='BROWSER' data-type='keyword' data-kind='editable' data-allowmultivalues='true'></span></span><span style='font-weight:bold;'>)</span>
						</div>
					</td>
				</tr>
				<tr data-hidewhen='@Contains(@UserRoles;&quot;[JSOX]&quot;)'>
					<td style='border:1px solid #808080; padding:3px 6px; vertical-align:top; background:#e9f3ff; font-weight:bold; width:120px;'>
						<div class='notes-par'><span style='font-weight:bold;'>実施作業</span>
						</div>
					</td>
					<td style='border:1px solid #808080; padding:3px 6px; vertical-align:top;' colspan='3' data-hidewhen='@Contains(@UserRoles;&quot;[JSOX]&quot;)'>
						<div class='notes-par'><span class='notes-field-wrap'><span class='notes-field' data-field='SAGYO' data-type='keyword' data-kind='editable' data-allowmultivalues='true'></span></span>
						</div>
					</td>
				</tr>
			</table><br/>
			<table style='margin-top:1em; border-collapse:collapse; width:800px; table-layout:fixed;' width='800' border='1' cellspacing='0' cellpadding='0' data-hidewhen='@Contains(@UserRoles;&quot;[JSOX]&quot;)'>
				<tr>
					<td style='border:1px solid #808080; padding:3px 6px; vertical-align:top; background:#e9f3ff; font-weight:bold; width:120px;'>
						<div class='notes-par'><span style='font-weight:bold;'>問合せ種別</span>
						</div>
					</td>
					<td style='border:1px solid #808080; padding:3px 6px; vertical-align:top;'>
						<div class='notes-par'><span class='notes-field-wrap'><span class='notes-field' data-field='category1' data-type='keyword' data-kind='editable'>トラブル</span></span>
						</div>
					</td>
					<td style='border:1px solid #808080; padding:3px 6px; vertical-align:top; background:#e9f3ff; font-weight:bold; width:120px;'>
						<div class='notes-par'><span style='font-weight:bold;'>問合せチャネル</span>
						</div>
					</td>
					<td style='border:1px solid #808080; padding:3px 6px; vertical-align:top;'>
						<div class='notes-par'><span class='notes-field-wrap'><span class='notes-field' data-field='category5' data-type='keyword' data-kind='editable'>メール</span></span>
						</div>
					</td>
				</tr>
			</table>
			<table style='border-collapse:collapse; width:800px; table-layout:fixed;' width='800' border='1' cellspacing='0' cellpadding='0'>
				<tr>
					<td style='border:1px solid #808080; padding:3px 6px; vertical-align:top; background:#e9f3ff; font-weight:bold; width:120px;'>
						<div class='notes-par'><span style='font-weight:bold;'>問合せ内容</span>
						</div>
					</td>
					<td style='border:1px solid #808080; padding:3px 6px; vertical-align:top;'>
						<div class='notes-par'>
							<span class='notes-field-wrap'>
								<span class='notes-field' data-field='category3' data-type='text' data-kind='editable'>06.ネットワーク関連</span>
							</span>
						</div>
						<div class='notes-par'><span class='notes-field-wrap'><span class='notes-field' data-field='category4' data-type='text' data-kind='editable'>06.Prismaﾘﾓｰﾄｱｸｾｽ</span></span>
						</div>
						<div class='notes-par'><span class='notes-field-wrap'><span class='notes-field' data-field='category6' data-type='text' data-kind='editable'></span></span>
						</div>
					</td>
				</tr>
				<tr data-hidewhen='@Contains(@UserRoles;&quot;[JSOX]&quot;)'>
					<td style='border:1px solid #808080; padding:3px 6px; vertical-align:top; background:#e9f3ff; font-weight:bold; width:120px;' data-hidewhen='@Contains(@UserRoles;&quot;[JSOX]&quot;)'>
						<div class='notes-par'><span style='font-weight:bold;'>サポートデスクＤＢ</span>
						</div>
					</td>
					<td style='border:1px solid #808080; padding:3px 6px; vertical-align:top;' colspan='3' data-hidewhen='@Contains(@UserRoles;&quot;[JSOX]&quot;)'>
						<div class='notes-par'><span style='font-weight:bold;'>カテゴリ１：</span><span class='notes-field-wrap'><span class='notes-field' data-field='S_Category1' data-type='text' data-kind='editable'></span></span>
						</div>
						<div class='notes-par'><span style='font-weight:bold;'>カテゴリ２：</span><span class='notes-field-wrap'><span class='notes-field' data-field='S_Category2' data-type='text' data-kind='editable'></span></span>
						</div>
						<div class='notes-par'><span style='font-weight:bold;'>カテゴリ３：</span><span class='notes-field-wrap'><span class='notes-field' data-field='S_Category3' data-type='text' data-kind='editable'></span></span>
						</div>
						<div class='notes-par'><span style='font-weight:bold;'>件名：</span><span class='notes-field-wrap'><span class='notes-field' data-field='S_Outline' data-type='text' data-kind='editable'></span></span>
						</div>
					</td>
				</tr>
				<tr>
					<td style='border:1px solid #808080; padding:3px 6px; vertical-align:top; background:#e9f3ff; font-weight:bold; width:120px;'>
						<div class='notes-par'><span style='font-weight:bold;'>ヘルプマニュアル</span>
						</div>
					</td>
					<td style='border:1px solid #808080; padding:3px 6px; vertical-align:top;' colspan='3'>
						<div class='notes-par'><span style='font-weight:bold;'>カテゴリ１：</span><span class='notes-field-wrap'><span class='notes-field' data-field='H_Category1' data-type='text' data-kind='editable'></span></span>
						</div>
						<div class='notes-par'><span style='font-weight:bold;'>カテゴリ２：</span><span class='notes-field-wrap'><span class='notes-field' data-field='H_Category2' data-type='text' data-kind='editable'></span></span>
						</div>
						<div class='notes-par'><span style='font-weight:bold;'>件名：</span><span class='notes-field-wrap'><span class='notes-field' data-field='H_Outline' data-type='text' data-kind='editable'></span></span>
						</div>
					</td>
				</tr>
				<tr data-hidewhen='@Contains(@UserRoles;&quot;[JSOX]&quot;)'>
					<td style='border:1px solid #808080; padding:3px 6px; vertical-align:top; background:#e9f3ff; font-weight:bold; width:120px;' data-hidewhen='@Contains(@UserRoles;&quot;[JSOX]&quot;)'>
						<div class='notes-par'><span style='font-weight:bold;'>関連部門の</span>
						</div>
						<div class='notes-par'><span style='font-weight:bold;'>ｴｽｶﾚｰｼｮﾝ先</span>
						</div>
					</td>
					<td style='border:1px solid #808080; padding:3px 6px; vertical-align:top;' colspan='3' data-hidewhen='@Contains(@UserRoles;&quot;[JSOX]&quot;)'>
						<div class='notes-par'><span class='notes-field-wrap'><span class='notes-field' data-field='Escalation_1' data-type='text' data-kind='editable'></span></span><span style='font-weight:bold;'>※システム名</span>
						</div>
						<div class='notes-par'><span class='notes-field-wrap'><span class='notes-field' data-field='SSendTo_1' data-type='text' data-kind='editable'></span></span><span style='font-weight:bold;'>※送信先の宛先</span>
						</div>
						<div class='notes-par'><span class='notes-field-wrap'><span class='notes-field' data-field='SCC_1' data-type='text' data-kind='editable'></span></span><span style='font-weight:bold;'>※送信先のCC</span>
						</div>
					</td>
				</tr>
				<tr data-hidewhen='@Contains(@UserRoles;&quot;[JSOX]&quot;)'>
					<td style='border:1px solid #808080; padding:3px 6px; vertical-align:top; background:#e9f3ff; font-weight:bold; width:120px;' data-hidewhen='@Contains(@UserRoles;&quot;[JSOX]&quot;)'>
						<div class='notes-par'><span style='font-weight:bold;'>対応依頼先</span>
						</div>
					</td>
					<td style='border:1px solid #808080; padding:3px 6px; vertical-align:top;' colspan='3'>
						<div class='notes-par'><span class='notes-field-wrap'><span class='notes-field' data-field='Escalation_0_1' data-type='text' data-kind='editable'></span></span>
						</div>
					</td>
				</tr>
			</table><br/>
			<table style='margin-top:1em; border-collapse:collapse; width:800px; table-layout:fixed;' width='800' border='1' cellspacing='0' cellpadding='0' data-hidewhen='@Contains(@UserRoles;&quot;[JSOX]&quot;)'>
				<tr data-hidewhen='@Contains(@UserRoles;&quot;[JSOX]&quot;)'>
					<td style='border:1px solid #808080; padding:3px 6px; vertical-align:top; background:#f2f2f2; font-weight:bold; width:120px;' data-hidewhen='@Contains(@UserRoles;&quot;[JSOX]&quot;)'>
						<div class='notes-par'><span style='font-weight:bold;'>Hardware</span>
						</div>
					</td>
				</tr>
				<tr data-hidewhen='@Contains(@UserRoles;&quot;[JSOX]&quot;)'>
					<td style='border:1px solid #808080; padding:3px 6px; vertical-align:top; background:#e9f3ff; font-weight:bold; width:120px;' data-hidewhen='@Contains(@UserRoles;&quot;[JSOX]&quot;)'>
						<div class='notes-par'><span style='font-weight:bold;'>メーカー</span>
						</div>
					</td>
					<td style='border:1px solid #808080; padding:3px 6px; vertical-align:top;'>
						<div class='notes-par'><span class='notes-field-wrap'><span class='notes-field' data-field='HW' data-type='text' data-kind='editable'></span></span>
						</div>
					</td>
				</tr>
				<tr>
					<td style='border:1px solid #808080; padding:3px 6px; vertical-align:top; background:#e9f3ff; font-weight:bold; width:120px;'>
						<div class='notes-par'><span style='font-weight:bold;'>製品名</span>
						</div>
					</td>
					<td style='border:1px solid #808080; padding:3px 6px; vertical-align:top;'>
						<div class='notes-par'><span class='notes-field-wrap'><span class='notes-field' data-field='SEIHIN' data-type='text' data-kind='editable'></span></span>
						</div>
					</td>
				</tr>
				<tr>
					<td style='border:1px solid #808080; padding:3px 6px; vertical-align:top; background:#e9f3ff; font-weight:bold; width:120px;'>
						<div class='notes-par'><span style='font-weight:bold;'>製造番号</span>
						</div>
					</td>
					<td style='border:1px solid #808080; padding:3px 6px; vertical-align:top;'>
						<div class='notes-par'><span class='notes-field-wrap'><span class='notes-field' data-field='PCSN' data-type='text' data-kind='editable'></span></span>
						</div>
					</td>
				</tr>
			</table><br/>
			<div class='notes-par'><span class='notes-field-wrap'><span class='notes-field' data-field='TRWORK' data-type='text' data-kind='computed'>0</span></span>
			</div>
			<table style='margin-top:1em; border-collapse:collapse; width:800px; table-layout:fixed;' width='800' border='1' cellspacing='0' cellpadding='0' data-hidewhen='@Contains(@UserRoles;&quot;[JSOX]&quot;)'>
				<tr data-hidewhen='@Contains(@UserRoles;&quot;[JSOX]&quot;)'>
					<td style='border:1px solid #808080; padding:3px 6px; vertical-align:top; background:#e9f3ff; font-weight:bold; width:120px;' data-hidewhen='@Contains(@UserRoles;&quot;[JSOX]&quot;)'>
						<div class='notes-par'><span style='font-weight:bold;'>再ｲﾝｽﾄｰﾙ</span>
						</div>
					</td>
					<td style='border:1px solid #808080; padding:3px 6px; vertical-align:top;' data-hidewhen='@Contains(@UserRoles;&quot;[JSOX]&quot;)'>
						<div class='notes-par'>
							<span style='font-weight:bold;'>送付到着確認日：</span>
							<span class='notes-field-wrap'>
								<span class='notes-field' data-field='PCYY' data-type='number' data-kind='editable'></span>
							</span>
							<span style='font-weight:bold;'>年</span>
							<span class='notes-field-wrap'>
								<span class='notes-field' data-field='PCMY' data-type='number' data-kind='editable'></span>
							</span>
							<span style='font-weight:bold;'>月</span>
							<span class='notes-field-wrap'>
								<span class='notes-field' data-field='PCDY' data-type='number' data-kind='editable'></span>
							</span>
							<span style='font-weight:bold;'>日</span>
						</div>
						<div class='notes-par'>
							<span style='font-weight:bold;'>作業者：</span>
							<span class='notes-field' data-field='saitan' data-type='text' data-kind='editable'></span>
						</div>
					</td>
				</tr>
				<tr>
					<td style='border:1px solid #808080; padding:3px 6px; vertical-align:top; background:#e9f3ff; font-weight:bold; width:120px;'>
						<div class='notes-par'><span style='font-weight:bold;'>完了ﾀｲﾌﾟ</span>
						</div>
					</td>
					<td style='border:1px solid #808080; padding:3px 6px; vertical-align:top;'>
						<div class='notes-par'><span class='notes-field-wrap'><span class='notes-field' data-field='statusTYPE' data-type='keyword' data-kind='editable' data-allowmultivalues='true'>自己解決</span></span>
						</div>
						<div class='notes-par'><span class='notes-field-wrap'><span class='notes-field' data-field='MEKER_K' data-type='text' data-kind='editable'></span></span>
						</div>
					</td>
				</tr>
				<tr data-hidewhen='status!=&quot;引継ぎ依頼中&quot;'>
					<td style='border:1px solid #808080; padding:3px 6px; vertical-align:top; background:#e9f3ff; font-weight:bold; width:120px;'>
						<div class='notes-par'><span style='font-weight:bold;'>対応状況</span>
						</div>
					</td>
					<td style='border:1px solid #808080; padding:3px 6px; vertical-align:top;' data-hidewhen='status!=&quot;引継ぎ依頼中&quot;'>
						<div class='notes-par'><span class='notes-field-wrap'><span class='notes-field' data-field='status' data-type='keyword' data-kind='editable'>CLOSE</span></span>
						</div>
						<div class='notes-par'><span class='notes-field-wrap'><span class='notes-field' data-field='dispach' data-type='text' data-kind='computed'>引き継ぎ依頼先：</span></span>
						</div>
						<div class='notes-par'><span class='notes-field-wrap'><span class='notes-field' data-field='dispach_1' data-type='text' data-kind='computed'>調査依頼：　 -</span></span>
						</div>
						<div class='notes-par'><span style='font-weight:bold;'>依頼先担当者：</span><span class='notes-field-wrap'><span class='notes-field' data-field='SecondLineName' data-type='text' data-kind='editable'></span></span>
						</div>
					</td>
				</tr>
				<tr>
					<td style='border:1px solid #808080; padding:3px 6px; vertical-align:top; background:#e9f3ff; font-weight:bold; width:120px;'>
						<div class='notes-par'><span style='font-weight:bold;'>担当者</span>
						</div>
					</td>
					<td style='border:1px solid #808080; padding:3px 6px; vertical-align:top;'>
						<div class='notes-par'>
							<span class='notes-field-wrap'>
								<span class='notes-field' data-field='acc_main' data-type='keyword' data-kind='editable'>渡部 真由美</span>
							</span>
						</div>
						<div class='notes-par'>
							<span style='font-weight:bold;'>受付：</span>
							<span class='notes-field-wrap'>
								<span class='notes-field' data-field='create_name' data-type='text' data-kind='computedwhencomposed'>渡部 真由美</span>
							</span>
						</div>
						<div class='notes-par'>							
							<span style='font-weight:bold;'>前回対応：</span>
							<span class='notes-field-wrap'>
								<span class='notes-field' data-field='acc_name' data-type='text' data-kind='computed' data-allowmultivalues='true'>平田 幸恵</span>
							</span>
						</div>
					</td>
				</tr>
				<tr data-hidewhen='@Contains(@UserRoles;&quot;[JSOX]&quot;)'>
					<td style='border:1px solid #808080; padding:3px 6px; vertical-align:top; background:#e9f3ff; font-weight:bold; width:120px;' data-hidewhen='@Contains(@UserRoles;&quot;[JSOX]&quot;)'>
						<div class='notes-par'><span style='font-weight:bold;'>承認者</span>
						</div>
					</td>
					<td style='border:1px solid #808080; padding:3px 6px; vertical-align:top;' data-hidewhen='@Contains(@UserRoles;&quot;[JSOX]&quot;)'>
						<div class='notes-par'><span class='notes-field-wrap'><span class='notes-field' data-field='Escalation_Approve_1' data-type='text' data-kind='editable'></span></span>&nbsp;<span class='notes-field-wrap'><span class='notes-field' data-field='ESDATE_Y_1' data-type='number' data-kind='editable'></span></span><span style='font-weight:bold;'> 年</span><span class='notes-field-wrap'><span class='notes-field' data-field='ESDATE_M_1' data-type='number' data-kind='editable'></span></span><span style='font-weight:bold;'> 月</span><span class='notes-field-wrap'><span class='notes-field' data-field='ESDATE_D_1' data-type='number' data-kind='editable'></span></span><span style='font-weight:bold;'> 日（</span><span class='notes-field-wrap'><span class='notes-field' data-field='ESTIME_H_1' data-type='text' data-kind='editable'></span></span><span style='font-weight:bold;'>時</span><span class='notes-field-wrap'><span class='notes-field' data-field='ESTIME_M_1' data-type='text' data-kind='editable'></span></span><span style='font-weight:bold;'> 分）</span>
						</div>
					</td>
				</tr>
			</table>
		</div>
	</div><br/>
	<div class='notes-section' data-hidewhen='@Contains(@UserRoles;&quot;[JSOX]&quot;)'>
		<div class='notes-section-body'>
			<table style='margin-top:1em; border-collapse:collapse; width:800px;'>
				<tr>
					<td style='background:#d9d9d9; padding:2px 6px; font-weight:bold;'>関連部門
					</td>
				</tr>
			</table><br/>
			<div class='notes-par'><span style='font-weight:bold;'>区分：</span><span class='notes-field-wrap'><span class='notes-field' data-field='Third_Type' data-type='text' data-kind='editable'>不要</span></span>
			</div><br/>
			<div class='notes-par'><span style='font-weight:bold;'>関連部門　問い合わせ内容</span>
			</div>
			<table style='margin-top:1em; border-collapse:collapse; width:800px; table-layout:fixed;' width='800' border='1' cellspacing='0' cellpadding='0' data-hidewhen='@Contains(@UserRoles;&quot;[JSOX]&quot;)'>
				<tr data-hidewhen='Third_Type=&quot;不要&quot;'>
					<td style='border:1px solid #808080; padding:3px 6px; vertical-align:top; background:#e9f3ff; font-weight:bold; width:120px;' data-hidewhen='Third_Type=&quot;不要&quot;'>
						<div class='notes-par'><span style='font-weight:bold;'>担当者</span>
						</div>
					</td>
					<td style='border:1px solid #808080; padding:3px 6px; vertical-align:top;' data-hidewhen='Third_Type=&quot;不要&quot;'>
						<div class='notes-par'>
							<span class='notes-field-wrap'>
								<span class='notes-field' data-field='Third_Person' data-type='text' data-kind='editable'></span>
							</span>
						</div>
					</td>
				</tr>
				<tr data-hidewhen='Third_Type=&quot;不要&quot;'>
					<td style='border:1px solid #808080; padding:3px 6px; vertical-align:top; background:#e9f3ff; font-weight:bold; width:120px;'>
						<div class='notes-par'><span style='font-weight:bold;'>所属部署</span>
						</div>
					</td>
					<td style='border:1px solid #808080; padding:3px 6px; vertical-align:top;' data-hidewhen='Third_Type=&quot;不要&quot;'>
						<div class='notes-par'><span class='notes-field-wrap'><span class='notes-field' data-field='Third_Dept' data-type='text' data-kind='editable'></span></span>
						</div>
					</td>
				</tr>
				<tr data-hidewhen='Third_Type=&quot;不要&quot;'>
					<td style='border:1px solid #808080; padding:3px 6px; vertical-align:top; background:#e9f3ff; font-weight:bold; width:120px;' data-hidewhen='Third_Type=&quot;不要&quot;'>
						<div class='notes-par'><span style='font-weight:bold;'>連絡先</span>
						</div>
					</td>
					<td style='border:1px solid #808080; padding:3px 6px; vertical-align:top;' data-hidewhen='Third_Type=&quot;不要&quot;'>
						<div class='notes-par'><span class='notes-field-wrap'><span class='notes-field' data-field='Third_Contact' data-type='text' data-kind='editable'></span></span>
						</div>
					</td>
				</tr>
				<tr data-hidewhen='Third_Type=&quot;不要&quot;'>
					<td style='border:1px solid #808080; padding:3px 6px; vertical-align:top; background:#e9f3ff; font-weight:bold; width:120px;'>
						<div class='notes-par'><span style='font-weight:bold;'>受付日時</span>
						</div>
					</td>
					<td style='border:1px solid #808080; padding:3px 6px; vertical-align:top;' data-hidewhen='Third_Type=&quot;不要&quot;'>
						<div class='notes-par'><span class='notes-field-wrap'><span class='notes-field' data-field='SDATE_Y_2' data-type='number' data-kind='editable'></span></span><span style='font-weight:bold;'> 年</span><span class='notes-field-wrap'><span class='notes-field' data-field='SDATE_M_2' data-type='number' data-kind='editable'></span></span><span style='font-weight:bold;'> 月</span><span class='notes-field-wrap'><span class='notes-field' data-field='SDATE_D_2' data-type='number' data-kind='editable'></span></span><span style='font-weight:bold;'> 日（</span><span class='notes-field-wrap'><span class='notes-field' data-field='STIME_H_2' data-type='text' data-kind='editable'></span></span><span style='font-weight:bold;'> 時</span><span class='notes-field-wrap'><span class='notes-field' data-field='STIME_M_2' data-type='text' data-kind='editable'></span></span><span style='font-weight:bold;'> 分）</span>
						</div>
					</td>
				</tr>
				<tr>
					<td style='border:1px solid #808080; padding:3px 6px; vertical-align:top; background:#e9f3ff; font-weight:bold; width:120px;'>
						<div class='notes-par'><span style='font-weight:bold;'>中間回答日時</span>
						</div>
					</td>
					<td style='border:1px solid #808080; padding:3px 6px; vertical-align:top;' colspan='2'>
						<div class='notes-par'><span class='notes-field-wrap'><span class='notes-field' data-field='CDATE_Y_2' data-type='number' data-kind='editable'></span></span><span style='font-weight:bold;'> 年</span><span class='notes-field-wrap'><span class='notes-field' data-field='CDATE_M_2' data-type='number' data-kind='editable'></span></span><span style='font-weight:bold;'> 月</span><span class='notes-field-wrap'><span class='notes-field' data-field='CDATE_D_2' data-type='number' data-kind='editable'></span></span><span style='font-weight:bold;'> 日（</span><span class='notes-field-wrap'><span class='notes-field' data-field='CTIME_H_2' data-type='text' data-kind='editable'></span></span><span style='font-weight:bold;'> 時</span><span class='notes-field-wrap'><span class='notes-field' data-field='CTIME_M_2' data-type='text' data-kind='editable'></span></span><span style='font-weight:bold;'> 分）</span>
						</div>
					</td>
				</tr>
				<tr data-hidewhen='Third_Type=&quot;不要&quot;'>
					<td style='border:1px solid #808080; padding:3px 6px; vertical-align:top; background:#e9f3ff; font-weight:bold; width:120px;' data-hidewhen='Third_Type=&quot;不要&quot;'>
						<div class='notes-par'><span style='font-weight:bold;'>途中経過内容</span>
						</div>
						<div class='notes-par'><span style='font-weight:bold;'>（作業内容）</span>
						</div>
					</td>
					<td style='border:1px solid #808080; padding:3px 6px; vertical-align:top;' colspan='2'>
						<div class='notes-par'><span class='notes-field-wrap'><span class='notes-field' data-field='Third_half' data-type='text' data-kind='editable'></span></span>
						</div>
					</td>
				</tr>
				<tr>
					<td style='border:1px solid #808080; padding:3px 6px; vertical-align:top; background:#e9f3ff; font-weight:bold; width:120px;'>
						<div class='notes-par'><span style='font-weight:bold;'>最終回答日時</span>
						</div>
					</td>
					<td style='border:1px solid #808080; padding:3px 6px; vertical-align:top;' colspan='2'>
						<div class='notes-par'><span class='notes-field-wrap'><span class='notes-field' data-field='EDATE_Y_2' data-type='number' data-kind='editable'></span></span><span style='font-weight:bold;'> 年</span><span class='notes-field-wrap'><span class='notes-field' data-field='EDATE_M_2' data-type='number' data-kind='editable'></span></span><span style='font-weight:bold;'> 月</span><span class='notes-field-wrap'><span class='notes-field' data-field='EDATE_D_2' data-type='number' data-kind='editable'></span></span><span style='font-weight:bold;'> 日（</span><span class='notes-field-wrap'><span class='notes-field' data-field='ETIME_H_2' data-type='text' data-kind='editable'></span></span><span style='font-weight:bold;'> 時</span><span class='notes-field-wrap'><span class='notes-field' data-field='ETIME_M_2' data-type='text' data-kind='editable'></span></span><span style='font-weight:bold;'> 分）</span>
						</div>
					</td>
				</tr>
				<tr data-hidewhen='Third_Type=&quot;不要&quot; | (Third_Type=&quot;必要&quot; &amp; !(Escalation_1=&quot;UserID再作成&quot; | Escalation_1=&quot;ｾｷｭｱID PWﾘｾｯﾄ依頼&quot; | Escalation_1=&quot;ﾒｰﾙﾘｽﾄｱ依頼&quot;))'>
					<td style='border:1px solid #808080; padding:3px 6px; vertical-align:top; background:#e9f3ff; font-weight:bold; width:120px;'>
						<div class='notes-par'><span style='font-weight:bold;'>回答内容</span>
						</div>
					</td>
					<td style='border:1px solid #808080; padding:3px 6px; vertical-align:top;' data-hidewhen='Third_Type=&quot;不要&quot; | (Third_Type=&quot;必要&quot; &amp; !(Escalation_1=&quot;UserID再作成&quot; | Escalation_1=&quot;ｾｷｭｱID PWﾘｾｯﾄ依頼&quot; | Escalation_1=&quot;ﾒｰﾙﾘｽﾄｱ依頼&quot;))'>
						<div class='notes-par'><span class='notes-field-wrap'><span class='notes-field' data-field='Third_answer' data-type='text' data-kind='editable'></span></span>
						</div>
					</td>
				</tr>
				<tr>
					<td style='border:1px solid #808080; padding:3px 6px; vertical-align:top; background:#e9f3ff; font-weight:bold; width:120px;'>
						<div class='notes-par'><span style='font-weight:bold;'>問合せ種別</span>
						</div>
					</td>
					<td style='border:1px solid #808080; padding:3px 6px; vertical-align:top;' colspan='2'>
						<div class='notes-par'><span class='notes-field-wrap'><span class='notes-field' data-field='Second_category1' data-type='keyword' data-kind='editable'></span></span>
						</div>
					</td>
				</tr>
				<tr data-hidewhen='Third_Type=&quot;不要&quot;'>
					<td style='border:1px solid #808080; padding:3px 6px; vertical-align:top; background:#e9f3ff; font-weight:bold; width:120px;' data-hidewhen='Third_Type=&quot;不要&quot;'>
						<div class='notes-par'><span style='font-weight:bold;'>問合せ内容</span>
						</div>
					</td>
					<td style='border:1px solid #808080; padding:3px 6px; vertical-align:top;' data-hidewhen='Third_Type=&quot;不要&quot;'>
						<div class='notes-par'><span class='notes-field-wrap'><span class='notes-field' data-field='Second_category2' data-type='text' data-kind='computed'></span></span>
						</div>
						<div class='notes-par'><span class='notes-field-wrap'><span class='notes-field' data-field='Second_category3' data-type='text' data-kind='computed'></span></span>
						</div>
						<div class='notes-par'><span class='notes-field-wrap'><span class='notes-field' data-field='Second_category4' data-type='text' data-kind='computed'></span></span>
						</div>
					</td>
				</tr>
				<tr>
					<td style='border:1px solid #808080; padding:3px 6px; vertical-align:top; background:#e9f3ff; font-weight:bold; width:120px;'>
						<div class='notes-par'><span style='font-weight:bold;'>対応時間</span>
						</div>
						<div class='notes-par'><span style='font-weight:bold;'>調査時間</span>
						</div>
					</td>
					<td style='border:1px solid #808080; padding:3px 6px; vertical-align:top;' colspan='2'>
						<div class='notes-par'><span class='notes-field-wrap'><span class='notes-field' data-field='JIKAN_2_1' data-type='number' data-kind='editable'></span></span><span style='font-weight:bold;'>分</span>
						</div>
						<div class='notes-par'><span class='notes-field-wrap'><span class='notes-field' data-field='JIKAN_2_2' data-type='number' data-kind='editable'></span></span><span style='font-weight:bold;'>分</span>
						</div>
					</td>
				</tr>
				<tr>
					<td style='border:1px solid #808080; padding:3px 6px; vertical-align:top; background:#e9f3ff; font-weight:bold; width:120px;'>
						<div class='notes-par'><span style='font-weight:bold;'>障害</span>
						</div>
					</td>
					<td style='border:1px solid #808080; padding:3px 6px; vertical-align:top;' colspan='2'>
						<div class='notes-par'><span class='notes-field-wrap'><span class='notes-field' data-field='Trouble_2' data-type='keyword' data-kind='editable' data-allowmultivalues='true'></span></span>
						</div>
					</td>
				</tr>
				<tr>
					<td style='border:1px solid #808080; padding:3px 6px; vertical-align:top; background:#e9f3ff; font-weight:bold; width:120px;'>
						<div class='notes-par'><span style='font-weight:bold;'>上長コメント</span>
						</div>
					</td>
					<td style='border:1px solid #808080; padding:3px 6px; vertical-align:top;' colspan='2'>
						<div class='notes-par'><span class='notes-field-wrap'><span class='notes-field' data-field='Third_comment' data-type='text' data-kind='editable'></span></span>
						</div>
					</td>
				</tr>
				<tr>
					<td style='border:1px solid #808080; padding:3px 6px; vertical-align:top; background:#e9f3ff; font-weight:bold; width:120px;'>
						<div class='notes-par'><span style='font-weight:bold;'>上長承認</span>
						</div>
					</td>
					<td style='border:1px solid #808080; padding:3px 6px; vertical-align:top;' colspan='2'>
						<div class='notes-par'><span class='notes-field-wrap'><span class='notes-field' data-field='Trouble_Approve_2' data-type='text' data-kind='editable'></span></span>&nbsp;<span class='notes-field-wrap'><span class='notes-field' data-field='ADATE_Y_2' data-type='number' data-kind='editable'></span></span><span style='font-weight:bold;'> 年</span><span class='notes-field-wrap'><span class='notes-field' data-field='ADATE_M_2' data-type='number' data-kind='editable'></span></span><span style='font-weight:bold;'> 月</span><span class='notes-field-wrap'><span class='notes-field' data-field='ADATE_D_2' data-type='number' data-kind='editable'></span></span><span style='font-weight:bold;'> 日（</span><span class='notes-field-wrap'><span class='notes-field' data-field='ATIME_H_2' data-type='text' data-kind='editable'></span></span><span style='font-weight:bold;'> 時</span><span class='notes-field-wrap'><span class='notes-field' data-field='ATIME_M_2' data-type='text' data-kind='editable'></span></span><span style='font-weight:bold;'> 分）</span>
						</div>
					</td>
				</tr>
			</table>
		</div>
	</div><br/>
	<div class='notes-par'><span style='font-weight:bold;'>トラブルチケット</span><span style='font-weight:bold;'>(有無：</span><span class='notes-field-wrap'><span class='notes-field' data-field='TRUMU' data-type='keyword' data-kind='editable'>無</span></span><span style='font-weight:bold;'>）</span>
	</div>
	<table style='margin-top:1em; border-collapse:collapse; width:800px; table-layout:fixed;' width='800' border='1' cellspacing='0' cellpadding='0' data-hidewhen='@Contains(@UserRoles;&quot;[JSOX]&quot;)'>
		<tr data-hidewhen='@Contains(@UserRoles;&quot;[JSOX]&quot;)'>
			<td style='border:1px solid #808080; padding:3px 6px; vertical-align:top;' data-hidewhen='@Contains(@UserRoles;&quot;[JSOX]&quot;)'>
				<div class='notes-par'><span style='font-weight:bold;'>障害個所：</span><span class='notes-field-wrap'><span class='notes-field' data-field='KOSHO' data-type='keyword' data-kind='editable' data-allowmultivalues='true'></span></span>
				</div>
			</td>
		</tr>
	</table><br/>
	<div class='notes-section' data-hidewhen='@Contains(@UserRoles;&quot;[JSOX]&quot;)'>
		<div class='notes-section-body'>
			<div class='notes-par'><span style='font-weight:bold;'>（保守対応依頼）</span>
			</div>
			<table style='margin-top:1em; border-collapse:collapse; width:800px; table-layout:fixed;' width='800' border='1' cellspacing='0' cellpadding='0' data-hidewhen='@Contains(@UserRoles;&quot;[JSOX]&quot;)'>
				<tr data-hidewhen='@Contains(@UserRoles;&quot;[JSOX]&quot;)'>
					<td style='border:1px solid #808080; padding:3px 6px; vertical-align:top; background:#e9f3ff; font-weight:bold; width:120px;' data-hidewhen='@Contains(@UserRoles;&quot;[JSOX]&quot;)'>
						<div class='notes-par'><span style='font-weight:bold;'>会社名</span>
						</div>
					</td>
					<td style='border:1px solid #808080; padding:3px 6px; vertical-align:top;' data-hidewhen='@Contains(@UserRoles;&quot;[JSOX]&quot;)'>
						<div class='notes-par'><span class='notes-field-wrap'><span class='notes-field' data-field='TRMAKER' data-type='text' data-kind='editable'></span></span>
						</div>
					</td>
				</tr>
				<tr>
					<td style='border:1px solid #808080; padding:3px 6px; vertical-align:top; background:#e9f3ff; font-weight:bold; width:120px;'>
						<div class='notes-par'><span style='font-weight:bold;'>部署名</span>
						</div>
					</td>
					<td style='border:1px solid #808080; padding:3px 6px; vertical-align:top;'>
						<div class='notes-par'><span class='notes-field-wrap'><span class='notes-field' data-field='TRKBUSYO' data-type='text' data-kind='editable'></span></span>
						</div>
					</td>
				</tr>
				<tr>
					<td style='border:1px solid #808080; padding:3px 6px; vertical-align:top; background:#e9f3ff; font-weight:bold; width:120px;'>
						<div class='notes-par'><span style='font-weight:bold;'>担当者名</span>
						</div>
					</td>
					<td style='border:1px solid #808080; padding:3px 6px; vertical-align:top;'>
						<div class='notes-par'><span class='notes-field-wrap'><span class='notes-field' data-field='TRTANTO' data-type='text' data-kind='editable'></span></span><span style='font-weight:bold;'>　様</span>
						</div>
					</td>
				</tr>
				<tr>
					<td style='border:1px solid #808080; padding:3px 6px; vertical-align:top; background:#e9f3ff; font-weight:bold; width:120px;'>
						<div class='notes-par'><span style='font-weight:bold;'>ＦＡＸ</span>
						</div>
					</td>
					<td style='border:1px solid #808080; padding:3px 6px; vertical-align:top;'>
						<div class='notes-par'><span class='notes-field-wrap'><span class='notes-field' data-field='TRFAX' data-type='text' data-kind='editable'></span></span>
						</div>
					</td>
				</tr>
				<tr>
					<td style='border:1px solid #808080; padding:3px 6px; vertical-align:top; background:#e9f3ff; font-weight:bold; width:120px;'>
						<div class='notes-par'><span style='font-weight:bold;'>ＴＥＬ</span>
						</div>
					</td>
					<td style='border:1px solid #808080; padding:3px 6px; vertical-align:top;'>
						<div class='notes-par'><span class='notes-field-wrap'><span class='notes-field' data-field='TRTEL' data-type='text' data-kind='editable'></span></span>
						</div>
					</td>
				</tr>
			</table><br/>
			<table style='margin-top:1em; border-collapse:collapse; width:800px; table-layout:fixed;' width='800' border='1' cellspacing='0' cellpadding='0' data-hidewhen='@Contains(@UserRoles;&quot;[JSOX]&quot;)'>
				<tr data-hidewhen='@Contains(@UserRoles;&quot;[JSOX]&quot;)'>
					<td style='border:1px solid #808080; padding:3px 6px; vertical-align:top; background:#e9f3ff; font-weight:bold; width:120px;'>
						<div class='notes-par'><span style='font-weight:bold;'>チケット№</span>
						</div>
					</td>
					<td style='border:1px solid #808080; padding:3px 6px; vertical-align:top;'>
						<div class='notes-par'><span class='notes-field-wrap'><span class='notes-field' data-field='TRNO' data-type='text' data-kind='editable'></span></span>
						</div>
					</td>
					<td style='border:1px solid #808080; padding:3px 6px; vertical-align:top; background:#e9f3ff; font-weight:bold; width:120px;' data-hidewhen='@Contains(@UserRoles;&quot;[JSOX]&quot;)'>
						<div class='notes-par'><span style='font-weight:bold;'>ＯＳ</span>
						</div>
					</td>
					<td style='border:1px solid #808080; padding:3px 6px; vertical-align:top;' data-hidewhen='@Contains(@UserRoles;&quot;[JSOX]&quot;)'>
						<div class='notes-par'><span class='notes-field-wrap'><span class='notes-field' data-field='TROS' data-type='text' data-kind='editable'></span></span>
						</div>
					</td>
				</tr>
				<tr>
					<td style='border:1px solid #808080; padding:3px 6px; vertical-align:top; background:#e9f3ff; font-weight:bold; width:120px;'>
						<div class='notes-par'><span style='font-weight:bold;'>対象機種名</span>
						</div>
					</td>
					<td style='border:1px solid #808080; padding:3px 6px; vertical-align:top;'>
						<div class='notes-par'><span class='notes-field-wrap'><span class='notes-field' data-field='TRKISYU' data-type='text' data-kind='editable'></span></span>
						</div>
					</td>
					<td style='border:1px solid #808080; padding:3px 6px; vertical-align:top; background:#e9f3ff; font-weight:bold; width:120px;'>
						<div class='notes-par'><span style='font-weight:bold;'>品番(S/N)</span>
						</div>
					</td>
					<td style='border:1px solid #808080; padding:3px 6px; vertical-align:top;'>
						<div class='notes-par'><span class='notes-field-wrap'><span class='notes-field' data-field='TRSN' data-type='text' data-kind='editable'></span></span>
						</div>
					</td>
				</tr>
				<tr>
					<td style='border:1px solid #808080; padding:3px 6px; vertical-align:top; background:#e9f3ff; font-weight:bold; width:120px;'>
						<div class='notes-par'><span style='font-weight:bold;'>導入時期</span>
						</div>
					</td>
					<td style='border:1px solid #808080; padding:3px 6px; vertical-align:top;'>
						<div class='notes-par'><span class='notes-field-wrap'><span class='notes-field' data-field='TRJIKI' data-type='text' data-kind='editable'></span></span>
						</div>
					</td>
					<td style='border:1px solid #808080; padding:3px 6px; vertical-align:top; background:#e9f3ff; font-weight:bold; width:120px;'>
						<div class='notes-par'><span style='font-weight:bold;'>備考</span>
						</div>
					</td>
					<td style='border:1px solid #808080; padding:3px 6px; vertical-align:top;'>
						<div class='notes-par'><span class='notes-field-wrap'><span class='notes-field' data-field='TRBIKOU' data-type='text' data-kind='editable'></span></span>
						</div>
					</td>
				</tr>
			</table><br/>
			<div class='notes-par'><span style='font-weight:bold;'>（ユーザー情報）</span>
			</div>
			<table style='margin-top:1em; border-collapse:collapse; width:800px; table-layout:fixed;' width='800' border='1' cellspacing='0' cellpadding='0' data-hidewhen='@Contains(@UserRoles;&quot;[JSOX]&quot;)'>
				<tr data-hidewhen='@Contains(@UserRoles;&quot;[JSOX]&quot;)'>
					<td style='border:1px solid #808080; padding:3px 6px; vertical-align:top; background:#e9f3ff; font-weight:bold; width:120px;' data-hidewhen='@Contains(@UserRoles;&quot;[JSOX]&quot;)'>
						<div class='notes-par'><span style='font-weight:bold;'>氏名</span>
						</div>
					</td>
					<td style='border:1px solid #808080; padding:3px 6px; vertical-align:top;' data-hidewhen='@Contains(@UserRoles;&quot;[JSOX]&quot;)'>
						<div class='notes-par'><span class='notes-field-wrap'><span class='notes-field' data-field='TRYNAME' data-type='text' data-kind='editable'></span></span>
						</div>
					</td>
				</tr>
				<tr>
					<td style='border:1px solid #808080; padding:3px 6px; vertical-align:top; background:#e9f3ff; font-weight:bold; width:120px;'>
						<div class='notes-par'><span style='font-weight:bold;'>ＴＥＬ</span>
						</div>
					</td>
					<td style='border:1px solid #808080; padding:3px 6px; vertical-align:top;'>
						<div class='notes-par'><span class='notes-field-wrap'><span class='notes-field' data-field='TRYTEL' data-type='text' data-kind='editable'></span></span>
						</div>
					</td>
				</tr>
				<tr>
					<td style='border:1px solid #808080; padding:3px 6px; vertical-align:top; background:#e9f3ff; font-weight:bold; width:120px;'>
						<div class='notes-par'><span style='font-weight:bold;'>会社名</span>
						</div>
					</td>
					<td style='border:1px solid #808080; padding:3px 6px; vertical-align:top;'>
						<div class='notes-par'><span class='notes-field-wrap'><span class='notes-field' data-field='TRYKAISHA' data-type='text' data-kind='editable'></span></span>
						</div>
					</td>
				</tr>
				<tr>
					<td style='border:1px solid #808080; padding:3px 6px; vertical-align:top; background:#e9f3ff; font-weight:bold; width:120px;'>
						<div class='notes-par'><span style='font-weight:bold;'>事業所名</span>
						</div>
					</td>
					<td style='border:1px solid #808080; padding:3px 6px; vertical-align:top;'>
						<div class='notes-par'><span class='notes-field-wrap'><span class='notes-field' data-field='TRYJIGYOU' data-type='text' data-kind='editable'></span></span>
						</div>
					</td>
				</tr>
				<tr>
					<td style='border:1px solid #808080; padding:3px 6px; vertical-align:top; background:#e9f3ff; font-weight:bold; width:120px;'>
						<div class='notes-par'><span style='font-weight:bold;'>住所</span>
						</div>
					</td>
					<td style='border:1px solid #808080; padding:3px 6px; vertical-align:top;'>
						<div class='notes-par'><span class='notes-field-wrap'><span class='notes-field' data-field='TRYADDRESS' data-type='text' data-kind='editable'></span></span>
						</div>
					</td>
				</tr>
				<tr>
					<td style='border:1px solid #808080; padding:3px 6px; vertical-align:top; background:#e9f3ff; font-weight:bold; width:120px;'>
						<div class='notes-par'><span style='font-weight:bold;'>障害内容</span>
						</div>
					</td>
					<td style='border:1px solid #808080; padding:3px 6px; vertical-align:top;'>
						<div class='notes-par'><span class='notes-field-wrap'><span class='notes-field' data-field='TRYNAIYO' data-type='text' data-kind='editable'></span></span>
						</div>
					</td>
				</tr>
				<tr>
					<td style='border:1px solid #808080; padding:3px 6px; vertical-align:top; background:#e9f3ff; font-weight:bold; width:120px;'>
						<div class='notes-par'><span style='font-weight:bold;'>備考</span>
						</div>
					</td>
					<td style='border:1px solid #808080; padding:3px 6px; vertical-align:top;'>
						<div class='notes-par'><span class='notes-field-wrap'><span class='notes-field' data-field='TRYBIKOU' data-type='text' data-kind='editable'></span></span>
						</div>
					</td>
				</tr>
			</table>
		</div>
	</div><br/>
	<div class='notes-par'><span style='font-weight:bold;'>ＰＣ再セットアップ</span><span style='font-weight:bold;'>(</span><span style='font-weight:bold;'>有無：</span><span class='notes-field-wrap'><span class='notes-field' data-field='PCUMU' data-type='keyword' data-kind='editable'>無</span></span><span style='font-weight:bold;'>）</span>
	</div>
	<div class='notes-section' data-hidewhen='@Contains(@UserRoles;&quot;[JSOX]&quot;)'>
		<div class='notes-section-body'>
			<div class='notes-par'><span style='font-weight:bold;'>（ＰＣユーザー）</span>
			</div>
			<table style='margin-top:1em; border-collapse:collapse; width:800px; table-layout:fixed;' width='800' border='1' cellspacing='0' cellpadding='0'>
				<tr>
					<td style='border:1px solid #808080; padding:3px 6px; vertical-align:top; background:#e9f3ff; font-weight:bold; width:120px;'>
						<div class='notes-par'><span style='font-weight:bold;'>氏名</span>
						</div>
					</td>
					<td style='border:1px solid #808080; padding:3px 6px; vertical-align:top;'>
						<div class='notes-par'><span class='notes-field-wrap'><span class='notes-field' data-field='PCNAME' data-type='text' data-kind='editable'></span></span><span style='font-weight:bold;'>様</span>
						</div>
					</td>
				</tr>
				<tr>
					<td style='border:1px solid #808080; padding:3px 6px; vertical-align:top; background:#e9f3ff; font-weight:bold; width:120px;'>
						<div class='notes-par'><span style='font-weight:bold;'>会社名</span>
						</div>
					</td>
					<td style='border:1px solid #808080; padding:3px 6px; vertical-align:top;'>
						<div class='notes-par'><span class='notes-field-wrap'><span class='notes-field' data-field='PCKAISHA' data-type='text' data-kind='editable'></span></span>
						</div>
					</td>
				</tr>
				<tr>
					<td style='border:1px solid #808080; padding:3px 6px; vertical-align:top; background:#e9f3ff; font-weight:bold; width:120px;'>
						<div class='notes-par'><span style='font-weight:bold;'>事業所名</span>
						</div>
					</td>
					<td style='border:1px solid #808080; padding:3px 6px; vertical-align:top;'>
						<div class='notes-par'><span class='notes-field-wrap'><span class='notes-field' data-field='PCJIGYOU' data-type='text' data-kind='editable'></span></span>
						</div>
					</td>
				</tr>
				<tr>
					<td style='border:1px solid #808080; padding:3px 6px; vertical-align:top; background:#e9f3ff; font-weight:bold; width:120px;'>
						<div class='notes-par'><span style='font-weight:bold;'>住所</span>
						</div>
					</td>
					<td style='border:1px solid #808080; padding:3px 6px; vertical-align:top;'>
						<div class='notes-par'><span class='notes-field-wrap'><span class='notes-field' data-field='PCADDRESS' data-type='text' data-kind='editable'></span></span>
						</div>
					</td>
				</tr>
				<tr>
					<td style='border:1px solid #808080; padding:3px 6px; vertical-align:top; background:#e9f3ff; font-weight:bold; width:120px;'>
						<div class='notes-par'><span style='font-weight:bold;'>ＴＥＬ</span>
						</div>
					</td>
					<td style='border:1px solid #808080; padding:3px 6px; vertical-align:top;'>
						<div class='notes-par'><span class='notes-field-wrap'><span class='notes-field' data-field='PCTEL' data-type='text' data-kind='editable'></span></span>
						</div>
					</td>
				</tr>
				<tr>
					<td style='border:1px solid #808080; padding:3px 6px; vertical-align:top; background:#e9f3ff; font-weight:bold; width:120px;'>
						<div class='notes-par'><span style='font-weight:bold;'>ＦＡＸ</span>
						</div>
					</td>
					<td style='border:1px solid #808080; padding:3px 6px; vertical-align:top;'>
						<div class='notes-par'><span class='notes-field-wrap'><span class='notes-field' data-field='PCFAX' data-type='text' data-kind='editable'></span></span>
						</div>
					</td>
				</tr>
			</table><br/>
			<div class='notes-par'><span style='font-weight:bold;'>（使用ツール）</span>
			</div>
			<table style='margin-top:1em; border-collapse:collapse; width:800px; table-layout:fixed;' width='800' border='1' cellspacing='0' cellpadding='0' data-hidewhen='@Contains(@UserRoles;&quot;[JSOX]&quot;)'>
				<tr data-hidewhen='@Contains(@UserRoles;&quot;[JSOX]&quot;)'>
					<td style='border:1px solid #808080; padding:3px 6px; vertical-align:top;' data-hidewhen='@Contains(@UserRoles;&quot;[JSOX]&quot;)'>
						<div class='notes-par'><span class='notes-field-wrap'><span class='notes-field' data-field='TOOL' data-type='keyword' data-kind='editable' data-allowmultivalues='true'></span></span>
						</div>
					</td>
				</tr>
			</table><br/>
			<div class='notes-par'><span style='font-weight:bold;'>備考：</span><span class='notes-field-wrap'><span class='notes-field' data-field='BIKOU' data-type='text' data-kind='editable'></span></span>
			</div>
			<table style='margin-top:1em; border-collapse:collapse; width:800px; table-layout:fixed;' width='800' border='1' cellspacing='0' cellpadding='0' data-hidewhen='@Contains(@UserRoles;&quot;[JSOX]&quot;)'>
				<tr data-hidewhen='@Contains(@UserRoles;&quot;[JSOX]&quot;)'>
					<td style='border:1px solid #808080; padding:3px 6px; vertical-align:top; background:#e9f3ff; font-weight:bold; width:120px;' data-hidewhen='@Contains(@UserRoles;&quot;[JSOX]&quot;)'>
						<div class='notes-par'><span style='font-weight:bold;'>パソコン返送日</span>
						</div>
					</td>
					<td style='border:1px solid #808080; padding:3px 6px; vertical-align:top;' data-hidewhen='@Contains(@UserRoles;&quot;[JSOX]&quot;)'>
						<div class='notes-par'><span class='notes-field-wrap'><span class='notes-field' data-field='PCYH' data-type='number' data-kind='editable'></span></span><span style='font-weight:bold;'>年</span><span class='notes-field-wrap'><span class='notes-field' data-field='PCMH' data-type='number' data-kind='editable'></span></span><span style='font-weight:bold;'>月</span><span class='notes-field-wrap'><span class='notes-field' data-field='PCDH' data-type='number' data-kind='editable'></span></span><span style='font-weight:bold;'>日</span>
						</div>
					</td>
				</tr>
			</table><br/>
			<div class='notes-par'><span style='font-weight:bold;'>（再セットアップ関係者)</span>
			</div>
			<table style='margin-top:1em; border-collapse:collapse; width:800px; table-layout:fixed;' width='800' border='1' cellspacing='0' cellpadding='0' data-hidewhen='@Contains(@UserRoles;&quot;[JSOX]&quot;)'>
				<tr data-hidewhen='@Contains(@UserRoles;&quot;[JSOX]&quot;)'>
					<td style='border:1px solid #808080; padding:3px 6px; vertical-align:top; background:#e9f3ff; font-weight:bold; width:120px;' data-hidewhen='@Contains(@UserRoles;&quot;[JSOX]&quot;)'>
						<div class='notes-par'><span style='font-weight:bold;'>１</span>
						</div>
					</td>
					<td style='border:1px solid #808080; padding:3px 6px; vertical-align:top;' data-hidewhen='@Contains(@UserRoles;&quot;[JSOX]&quot;)'>
						<div class='notes-par'><span class='notes-field-wrap'><span class='notes-field' data-field='KANKEI1' data-type='text' data-kind='editable'></span></span>
						</div>
					</td>
					<td style='border:1px solid #808080; padding:3px 6px; vertical-align:top;' data-hidewhen='@Contains(@UserRoles;&quot;[JSOX]&quot;)'>
						<div class='notes-par'><span class='notes-field-wrap'><span class='notes-field' data-field='KANJIKAN1' data-type='text' data-kind='editable'></span></span><span style='font-weight:bold;'>分：</span><span class='notes-field-wrap'><span class='notes-field' data-field='HDATE1' data-type='datetime' data-kind='editable'></span></span>
						</div>
					</td>
				</tr>
				<tr>
					<td style='border:1px solid #808080; padding:3px 6px; vertical-align:top; background:#e9f3ff; font-weight:bold; width:120px;'>
						<div class='notes-par'><span style='font-weight:bold;'>２</span>
						</div>
					</td>
					<td style='border:1px solid #808080; padding:3px 6px; vertical-align:top;'>
						<div class='notes-par'><span class='notes-field-wrap'><span class='notes-field' data-field='KANKEI2' data-type='text' data-kind='editable'></span></span>
						</div>
					</td>
					<td style='border:1px solid #808080; padding:3px 6px; vertical-align:top;'>
						<div class='notes-par'><span class='notes-field-wrap'><span class='notes-field' data-field='KANJIKAN2' data-type='text' data-kind='editable'></span></span><span style='font-weight:bold;'>分：</span><span class='notes-field-wrap'><span class='notes-field' data-field='HDATE2' data-type='datetime' data-kind='editable'></span></span>
						</div>
					</td>
				</tr>
				<tr>
					<td style='border:1px solid #808080; padding:3px 6px; vertical-align:top; background:#e9f3ff; font-weight:bold; width:120px;'>
						<div class='notes-par'><span style='font-weight:bold;'>３</span>
						</div>
					</td>
					<td style='border:1px solid #808080; padding:3px 6px; vertical-align:top;'>
						<div class='notes-par'><span class='notes-field-wrap'><span class='notes-field' data-field='KANKEI3' data-type='text' data-kind='editable'></span></span>
						</div>
					</td>
					<td style='border:1px solid #808080; padding:3px 6px; vertical-align:top;'>
						<div class='notes-par'><span class='notes-field-wrap'><span class='notes-field' data-field='KANJIKAN3' data-type='text' data-kind='editable'></span></span><span style='font-weight:bold;'>分：</span><span class='notes-field-wrap'><span class='notes-field' data-field='HDATE3' data-type='datetime' data-kind='editable'></span></span>
						</div>
					</td>
				</tr>
			</table>
		</div>
	</div><br/>
	<div class='notes-section'>
		<div class='notes-section-body'>
			<table style='margin-top:1em; border-collapse:collapse; width:800px;'>
				<tr>
					<td style='background:#d9d9d9; padding:2px 6px; font-weight:bold;'>対応ﾒﾓ
					</td>
				</tr>
			</table><br/>
			<div class='notes-par'><span class='notes-field-wrap'><span class='notes-field' data-field='Memo' data-type='text' data-kind='editable'></span></span>
			</div>
		</div>
	</div><br/>
	<div class='notes-section' data-hidewhen='@Contains(@UserRoles;&quot;[JSOX]&quot;)'>
		<div class='notes-section-body'>
			<table style='margin-top:1em; border-collapse:collapse; width:800px;'>
				<tr>
					<td style='background:#d9d9d9; padding:2px 6px; font-weight:bold;'>添付資料
					</td>
				</tr>
			</table><br/>
			<div class='notes-par'><span style='font-weight:bold;'>PC修理 ・・・・：</span><span class='notes-field-wrap'><span class='notes-field' data-field='body_1' data-type='richtext' data-kind='editable'><p></p></span></span>
			</div><br/>
			<div class='notes-par'><span style='font-weight:bold;'>関連ｺｰﾙ</span><span style='font-weight:bold;'>・・・・：</span><span class='notes-field-wrap'><span class='notes-field' data-field='body' data-type='richtext' data-kind='editable'><div id='seg-001' data-id='seg-001'><div style='margin:8px 0; padding:10px; border:1px solid #e3e3e3; border-radius:10px;'><object data='name:p1' data-attachment='①.png' type='image/png'></object></div></div>
<div id='seg-002' data-id='seg-002'><div style='margin:8px 0; padding:10px; border:1px solid #e3e3e3; border-radius:10px;'><object data='name:p2' data-attachment='②.png' type='image/png'></object></div></div>
<div id='seg-003' data-id='seg-003'>seg-003</div></span></span>
			</div>
		</div>
	</div><br/>
	<div class='notes-section' data-hidewhen='@Contains(@UserRoles;&quot;[JSOX]&quot;)'>
		<div class='notes-section-body'>
			<table style='margin-top:1em; border-collapse:collapse; width:800px;'>
				<tr>
					<td style='background:#d9d9d9; padding:2px 6px; font-weight:bold;'>履歴情報
					</td>
				</tr>
			</table><br/>
			<div class='notes-par'><span class='notes-field-wrap'><span class='notes-field' data-field='history' data-type='text' data-kind='computed' data-allowmultivalues='true'>2024/09/30 19:25 渡部 真由美 CLOSE<br/>2024/09/27 18:08 渡部 真由美 OPEN<br/>2024/09/27 17:21 渡部 真由美 CLOSE<br/>2024/09/27 12:52 渡部 真由美 CLOSE<br/>2024/09/27 9:13 渡部 真由美 CLOSE<br/>2024/09/27 8:35 渡部 真由美 OPEN<br/>2024/09/27 8:32 渡部 真由美 OPEN</span></span>
			</div>
		</div>
	</div>
</div>

        </body>
        </html>
2026-02-17 08:52:28 INFO [main.services.graph_client] Create OneNote page parts: count=2 parts=[{'part_name': 'p1', 'filename': '①.png', 'content_type': 'image/png', 'size': 414638}, {'part_name': 'p2', 'filename': '②.png', 'content_type': 'image/png', 'size': 421450}]
2026-02-17 08:52:28 DEBUG [main.services.graph_client] Graph request: POST https://graph.microsoft.com/v1.0/me/onenote/sections/1-44fb02cf-3b28-43ab-8129-5c7e65e3213f/pages headers={'Authorization': '***REDACTED***'} kwargs={'multipart_parts': [{'part': 'Presentation', 'filename': 'presentation.html', 'content_type': 'text/html', 'size': 82825}, {'part': 'p1', 'filename': '①.png', 'content_type': 'image/png', 'size': 414638}, {'part': 'p2', 'filename': '②.png', 'content_type': 'image/png', 'size': 421450}]}
2026-02-17 08:53:04 DEBUG [urllib3.connectionpool] https://graph.microsoft.com:443 "POST /v1.0/me/onenote/sections/1-44fb02cf-3b28-43ab-8129-5c7e65e3213f/pages HTTP/1.1" 201 None
2026-02-17 08:53:04 INFO [main.services.graph_client] Graph request success: POST https://graph.microsoft.com/v1.0/me/onenote/sections/1-44fb02cf-3b28-43ab-8129-5c7e65e3213f/pages status=201 elapsed=36064ms
2026-02-17 08:53:04 DEBUG [main.services.graph_client] Graph request: PATCH https://graph.microsoft.com/v1.0/me/onenote/pages/1-30b033dbfaae4831bad6eb38297e2929!91-44fb02cf-3b28-43ab-8129-5c7e65e3213f/content headers={'Authorization': '***REDACTED***'} kwargs={'multipart_parts': [{'part': 'p1', 'filename': '③.png', 'content_type': 'image/png', 'size': 399916}, {'part': 'Commands', 'filename': 'commands.json', 'content_type': 'application/json', 'size': 287}]}
2026-02-17 08:53:08 DEBUG [urllib3.connectionpool] https://graph.microsoft.com:443 "PATCH /v1.0/me/onenote/pages/1-30b033dbfaae4831bad6eb38297e2929!91-44fb02cf-3b28-43ab-8129-5c7e65e3213f/content HTTP/1.1" 400 None
2026-02-17 08:53:08 ERROR [main.services.graph_client] Graph request failed: PATCH https://graph.microsoft.com/v1.0/me/onenote/pages/1-30b033dbfaae4831bad6eb38297e2929!91-44fb02cf-3b28-43ab-8129-5c7e65e3213f/content status=400 elapsed=3946ms body={"error":{"code":"20141","message":"The PATCH target DIV for action replace is not supported.","innerError":{"date":"2026-02-16T23:53:09","request-id":"bd6a21fc-1771-4976-98ea-4980b11a0a6b","client-request-id":"bd6a21fc-1771-4976-98ea-4980b11a0a6b"}}}
2026-02-17 08:57:22 DEBUG [main.services.graph_client] Graph request: GET https://graph.microsoft.com/v1.0/me/onenote/notebooks?$filter=displayName eq 'OHNO_Notes_to_OneNote'&$select=id,displayName headers={'Authorization': '***REDACTED***'} kwargs={}
2026-02-17 08:57:22 DEBUG [urllib3.connectionpool] Starting new HTTPS connection (1): graph.microsoft.com:443
2026-02-17 08:57:31 DEBUG [urllib3.connectionpool] https://graph.microsoft.com:443 "GET /v1.0/me/onenote/notebooks?$filter=displayName%20eq%20'OHNO_Notes_to_OneNote'&$select=id,displayName HTTP/1.1" 200 None
2026-02-17 08:57:31 INFO [main.services.graph_client] Graph request success: GET https://graph.microsoft.com/v1.0/me/onenote/notebooks?$filter=displayName eq 'OHNO_Notes_to_OneNote'&$select=id,displayName status=200 elapsed=8996ms
2026-02-17 08:57:31 DEBUG [main.services.graph_client] Graph request: GET https://graph.microsoft.com/v1.0/me/onenote/notebooks/1-2c806da6-c7ba-4813-8ea0-7de5801ec332/sections?$filter=displayName eq 'CallDB2024'&$select=id,displayName headers={'Authorization': '***REDACTED***'} kwargs={}
2026-02-17 08:57:31 DEBUG [urllib3.connectionpool] https://graph.microsoft.com:443 "GET /v1.0/me/onenote/notebooks/1-2c806da6-c7ba-4813-8ea0-7de5801ec332/sections?$filter=displayName%20eq%20'CallDB2024'&$select=id,displayName HTTP/1.1" 200 None
2026-02-17 08:57:31 INFO [main.services.graph_client] Graph request success: GET https://graph.microsoft.com/v1.0/me/onenote/notebooks/1-2c806da6-c7ba-4813-8ea0-7de5801ec332/sections?$filter=displayName eq 'CallDB2024'&$select=id,displayName status=200 elapsed=772ms
2026-02-17 08:57:32 INFO [main.services.graph_client] Create OneNote page XHTML:
<!DOCTYPE html>
        <html>
        <head>
        <title>【ﾒｰﾙ対応】【Prisma】Global Protect接続不良についてのご相談【NHフーズ・チリ 柴田】</title>
        </head>
        <body>
        <!-- source_dxl: C:\Users\SLY\Documents\Python実験\Python - OneNote\Git\Notes_to_OneNote_python\scripts\target_form\FORM_Call2024.nsf_Call4.dxl -->

<style>
.notes-form{font-family:MS PGothic,Meiryo,'Segoe UI',Arial,sans-serif;font-size:11pt;line-height:1.45;color:#222;}
.notes-form table{border-collapse:collapse; width:800px; table-layout:fixed;}
.notes-form td,.notes-form th{border:1px solid #808080; padding:3px 6px; vertical-align:top;}
.notes-form th{background:#efefef;font-weight:normal;}
.notes-form .notes-par{margin:2px 0;font-weight:bold;}
.notes-form .notes-unit{font-weight:normal;}
.notes-form .notes-field{display:inline-block;min-width:6em;min-height:1.2em;border:1px solid #666;background:#fff;padding:1px 4px;border-radius:2px;}
.notes-form .notes-field[data-kind='computed'],
.notes-form .notes-field[data-kind='computedfordisplay'],
.notes-form .notes-field[data-kind='computedwhencomposed']{background:#f7f7f7;color:#555;}
.notes-form .notes-link{color:#0645ad;text-decoration:underline;}
.notes-form .notes-subform{border:1px dashed #aaa;padding:6px;margin:6px 0;background:#fafafa;}
.notes-form .notes-subform-title{font-weight:bold;margin-bottom:4px;}
.notes-form .notes-section{border:1px solid #a0a0a0;margin:6px 0;}
.notes-form .notes-section-title{background:#d9d9d9;padding:2px 6px;font-weight:bold;}
.notes-form .notes-section-body{padding:4px 6px;}
.notes-form .notes-textlist{display:block;margin-left:1em;}

</style>
<div class='notes-form' data-design='コール受付(改4) (Call4)'>
	<div class='notes-section' data-hidewhen='@IsNewDoc'>
		<div class='notes-section-body'>

			<table style='margin-top:1em; border-collapse:collapse; width:800px;'>
				<tr>
					<td style='background:#d9d9d9; padding:2px 6px; font-weight:bold;'>一次対応</td>
				</tr>
			</table>
			<br/>
			<div class='notes-par'>
				<span class='notes-field-wrap'>
					<span class='notes-field' data-field='Title' data-type='text' data-kind='computedwhencomposed' style='font-weight:bold;'>新規コール受付（問題番号：409276083108）</span>
				</span>
			</div>
			<table style='border-collapse:collapse; width:800px; table-layout:fixed;' width='800' border='1' cellspacing='0' cellpadding='0'>
				<tr>
					<td style='border:1px solid #808080; padding:3px 6px; vertical-align:top; background:#e9f3ff; font-weight:bold; width:120px;'>
						<div class='notes-par'><span style='font-weight:bold;'>ユーザー番号</span>
						</div>
					</td>
					<td style='border:1px solid #808080; padding:3px 6px; vertical-align:top;'>
						<div class='notes-par'>
							<span class='notes-field-wrap'>
								<span class='notes-field' data-field='outline' data-type='text' data-kind='editable'>0828</span>
							</span>
						</div>
					</td>
					<td style='border:1px solid #808080; padding:3px 6px; vertical-align:top; background:#e9f3ff; font-weight:bold; width:120px;'>
						<div class='notes-par'><span style='font-weight:bold;'>会社CD</span>
						</div>
					</td>
					<td style='border:1px solid #808080; padding:3px 6px; vertical-align:top;'>
						<div class='notes-par'><span class='notes-field-wrap'><span class='notes-field' data-field='customercompanycd' data-type='text' data-kind='editable'>0828</span></span>
						</div>
					</td>
				</tr>
			</table>
			<table style= border-collapse:collapse; width:800px; table-layout:fixed;' width='800' border='1' cellspacing='0' cellpadding='0'>
				<tr>
					<td style='border:1px solid #808080; padding:3px 6px; vertical-align:top; background:#e9f3ff; font-weight:bold; width:120px;'>
						<div class='notes-par'><span style='font-weight:bold;'>問合せ発生時間</span>
						</div>
					</td>
					<td style='border:1px solid #808080; padding:3px 6px; vertical-align:top;' colspan='3'>
						<div class='notes-par'>
							<span class='notes-field-wrap'>
								<span class='notes-field' data-field='SDATE_Y' data-type='number' data-kind='editable'>2024</span>
							</span>
							<span style='font-weight:bold;'> 年</span>
							<span class='notes-field-wrap'>
								<span class='notes-field' data-field='SDATE_M' data-type='number' data-kind='editable'>9</span>
							</span>
							<span style='font-weight:bold;'> 月</span>
							<span class='notes-field-wrap'>
								<span class='notes-field' data-field='SDATE_D' data-type='number' data-kind='editable'>27</span>
							</span>
							<span style='font-weight:bold;'> 日（</span>
							<span class='notes-field-wrap'>
								<span class='notes-field' data-field='STIME_H' data-type='text' data-kind='editable'>7</span>
							</span>
							<span style='font-weight:bold;'> 時</span>
							<span class='notes-field-wrap'>
								<span class='notes-field' data-field='STIME_M' data-type='text' data-kind='editable'>48</span>
							</span>
							<span style='font-weight:bold;'> 分）</span>
						</div>
					</td>
				</tr>
				<tr>
					<td style='border:1px solid #808080; padding:3px 6px; vertical-align:top; background:#e9f3ff; font-weight:bold; width:120px;'>
						<div class='notes-par'><span style='font-weight:bold;'>対応開始時間</span>
						</div>
					</td>
					<td style='border:1px solid #808080; padding:3px 6px; vertical-align:top;' colspan='3'>
						<div class='notes-par'>
							<span class='notes-field-wrap'>
								<span class='notes-field' data-field='TDATE_Y' data-type='number' data-kind='editable'>2024</span>
							</span>
							<span style='font-weight:bold;'> 年</span>
							<span class='notes-field-wrap'>
								<span class='notes-field' data-field='TDATE_M' data-type='number' data-kind='editable'>9</span>
							</span>
							<span style='font-weight:bold;'> 月</span>
							<span class='notes-field-wrap'>
								<span class='notes-field' data-field='TDATE_D' data-type='number' data-kind='editable'>27</span>
							</span>
							<span style='font-weight:bold;'> 日（</span><span class='notes-field-wrap'>
								<span class='notes-field' data-field='TTIME_H' data-type='text' data-kind='editable'>8</span>
							</span>
							<span style='font-weight:bold;'> 時</span>
							<span class='notes-field-wrap'>
								<span class='notes-field' data-field='TTIME_M' data-type='text' data-kind='editable'>31</span>
							</span>
							<span style='font-weight:bold;'> 分）</span>
						</div>
					</td>
				</tr>
			</table>

			<table style='border-collapse:collapse; width:800px; table-layout:fixed;' width='800' border='1' cellspacing='0' cellpadding='0'>
				<tr>
					<td style='border:1px solid #808080; padding:3px 6px; vertical-align:top; background:#e9f3ff; font-weight:bold; width:120px;'>
						<div class='notes-par'><span style='font-weight:bold;'>事業所名</span>
						</div>
					</td>
					<td style='border:1px solid #808080; padding:3px 6px; vertical-align:top;'>
						<div class='notes-par'><span class='notes-field-wrap'><span class='notes-field' data-field='customername' data-type='text' data-kind='editable' data-allowmultivalues='true'>ＮＨフーズ・チリ</span></span>
						</div>
					</td>
					<td style='border:1px solid #808080; padding:3px 6px; vertical-align:top; background:#e9f3ff; font-weight:bold; width:120px;'>
						<div class='notes-par'><span style='font-weight:bold;'>事業所名（カナ）</span>
						</div>
					</td>
					<td style='border:1px solid #808080; padding:3px 6px; vertical-align:top;'>
						<div class='notes-par'><span class='notes-field-wrap'><span class='notes-field' data-field='kana' data-type='text' data-kind='editable'>NHﾌ-ｽﾞ･ﾁﾘ</span></span>
						</div>
					</td>
				</tr>
				<tr>
					<td style='border:1px solid #808080; padding:3px 6px; vertical-align:top; background:#e9f3ff; font-weight:bold; width:120px;'>
						<div class='notes-par'><span style='font-weight:bold;'>所属</span>
						</div>
					</td>
					<td style='border:1px solid #808080; padding:3px 6px; vertical-align:top;'>
						<div class='notes-par'><span class='notes-field-wrap'><span class='notes-field' data-field='SEC1' data-type='text' data-kind='editable'></span></span>
						</div>
					</td>
					<td style='border:1px solid #808080; padding:3px 6px; vertical-align:top;'>
						<div class='notes-par'><span class='notes-field-wrap'><span class='notes-field' data-field='SEC2' data-type='text' data-kind='editable'>海外事業本部</span></span>
						</div>
					</td>
					<td style='border:1px solid #808080; padding:3px 6px; vertical-align:top;'>
						<div class='notes-par'><span class='notes-field-wrap'><span class='notes-field' data-field='SEC3' data-type='text' data-kind='editable'>ＮＨフーズ・チリ</span></span>
						</div>
					</td>
				</tr>
				<tr>
					<td style='border:1px solid #808080; padding:3px 6px; vertical-align:top; background:#e9f3ff; font-weight:bold; width:120px;'>
						<div class='notes-par'><span style='font-weight:bold;'>住所</span>
						</div>
					</td>
					<td style='border:1px solid #808080; padding:3px 6px; vertical-align:top;'>
						<div class='notes-par'><span class='notes-field-wrap'><span class='notes-field' data-field='ADDRESS1' data-type='text' data-kind='editable'>－－</span></span>
						</div>
					</td>
					<td style='border:1px solid #808080; padding:3px 6px; vertical-align:top;'>
						<div class='notes-par'><span class='notes-field-wrap'><span class='notes-field' data-field='ADDRESS2' data-type='text' data-kind='editable'>－－－－－－</span></span>
						</div>
					</td>
					<td style='border:1px solid #808080; padding:3px 6px; vertical-align:top;'>
						<div class='notes-par'><span class='notes-field-wrap'><span class='notes-field' data-field='ADDRESS3' data-type='text' data-kind='editable'>－－－－－－ＡＶ．ＡＮＤＥＲＳＢＥＬＬＯ２６８７，ＯＦＩＣＩ</span></span>
						</div>
					</td>
				</tr>
				<tr>
					<td style='border:1px solid #808080; padding:3px 6px; vertical-align:top; background:#e9f3ff; font-weight:bold; width:120px;'>
						<div class='notes-par'><span style='font-weight:bold;'>電話</span>
						</div>
					</td>
					<td style='border:1px solid #808080; padding:3px 6px; vertical-align:top;'>
						<div class='notes-par'><span class='notes-field-wrap'><span class='notes-field' data-field='tel' data-type='text' data-kind='editable'>56-2-2438-68</span></span>
						</div>
					</td>
					<td style='border:1px solid #808080; padding:3px 6px; vertical-align:top; background:#e9f3ff; font-weight:bold; width:120px;'>
						<div class='notes-par'><span style='font-weight:bold;'>部門名</span>
						</div>
					</td>
					<td style='border:1px solid #808080; padding:3px 6px; vertical-align:top;'>
						<div class='notes-par'><span class='notes-field-wrap'><span class='notes-field' data-field='BUMON' data-type='text' data-kind='editable'>直轄</span></span>
						</div>
					</td>
				</tr>
				<tr>
					<td style='border:1px solid #808080; padding:3px 6px; vertical-align:top; background:#e9f3ff; font-weight:bold; width:120px;'>
						<div class='notes-par'><span style='font-weight:bold;'>ＦＡＸ</span>
						</div>
					</td>
					<td style='border:1px solid #808080; padding:3px 6px; vertical-align:top;'>
						<div class='notes-par'><span class='notes-field-wrap'><span class='notes-field' data-field='fax' data-type='text' data-kind='editable'></span></span>
						</div>
					</td>
					<td style='border:1px solid #808080; padding:3px 6px; vertical-align:top; background:#e9f3ff; font-weight:bold; width:120px;'>
						<div class='notes-par'><span style='font-weight:bold;'>会社区分</span>
						</div>
					</td>
					<td style='border:1px solid #808080; padding:3px 6px; vertical-align:top;'>
						<div class='notes-par'><span class='notes-field-wrap'><span class='notes-field' data-field='KAISHA' data-type='text' data-kind='editable'>商事会社（ＪＦ，イースタン）</span></span>
						</div>
					</td>
				</tr>
			</table><br/>
			<table style='margin-top:1em; border-collapse:collapse; width:800px; table-layout:fixed;' width='800' border='1' cellspacing='0' cellpadding='0' data-hidewhen='@Contains(@UserRoles;&quot;[JSOX]&quot;)'>
				<tr>
					<td style='border:1px solid #808080; padding:3px 6px; vertical-align:top; background:#e9f3ff; font-weight:bold; width:120px;'>
						<div class='notes-par'><span style='font-weight:bold;'>問合せ者氏名（漢字）</span>
						</div>
					</td>
					<td style='border:1px solid #808080; padding:3px 6px; vertical-align:top;'>
						<div class='notes-par'><span class='notes-field-wrap'><span class='notes-field' data-field='customername_1' data-type='text' data-kind='editable' data-allowmultivalues='true'>柴田.峻介</span></span>
						</div>
					</td>
					<td style='border:1px solid #808080; padding:3px 6px; vertical-align:top; background:#e9f3ff; font-weight:bold; width:120px;'>
						<div class='notes-par'><span style='font-weight:bold;'>問合せ者氏名（カナ）</span>
						</div>
					</td>
					<td style='border:1px solid #808080; padding:3px 6px; vertical-align:top;'>
						<div class='notes-par'><span class='notes-field-wrap'><span class='notes-field' data-field='customername_2' data-type='text' data-kind='editable' data-allowmultivalues='true'>ｼﾊﾞﾀ ｼｭﾝｽｹ</span></span>
						</div>
					</td>
				</tr>
				<tr data-hidewhen='@Contains(@UserRoles;&quot;[JSOX]&quot;)'>
					<td style='border:1px solid #808080; padding:3px 6px; vertical-align:top; background:#e9f3ff; font-weight:bold; width:120px;'>
						<div class='notes-par'><span style='font-weight:bold;'>問合せ者ユーザーID</span>
						</div>
					</td>
					<td style='border:1px solid #808080; padding:3px 6px; vertical-align:top;' data-hidewhen='@Contains(@UserRoles;&quot;[JSOX]&quot;)'>
						<div class='notes-par'><span class='notes-field-wrap'><span class='notes-field' data-field='customerID' data-type='text' data-kind='editable'>US0000443</span></span>
						</div>
					</td>
					<td style='border:1px solid #808080; padding:3px 6px; vertical-align:top; background:#e9f3ff; font-weight:bold; width:120px;'>
						<div class='notes-par'><span style='font-weight:bold;'>連絡先（携帯電話/内線番号）</span>
						</div>
					</td>
					<td style='border:1px solid #808080; padding:3px 6px; vertical-align:top;'>
						<div class='notes-par'><span class='notes-field-wrap'><span class='notes-field' data-field='customerkeitai' data-type='text' data-kind='editable' data-allowmultivalues='true'>+56-9-4075-1595</span></span>
						</div>
					</td>
				</tr>
			</table><br/>
			<div class='notes-par'><span style='font-weight:bold;'>一次　問い合わせ内容</span>
			</div>
			<table style='margin-top:1em; border-collapse:collapse; width:800px; table-layout:fixed;' width='800' border='1' cellspacing='0' cellpadding='0' data-hidewhen='!(@Contains(@UserRoles;&quot;[HELP]&quot;) | @Contains(@UserRoles;&quot;[二次]&quot;) | @Contains(@UserRoles;&quot;[関連]&quot;) | @Contains(@UserRoles;&quot;[携帯他]&quot;))'>
				<tr>
					<td style='border:1px solid #808080; padding:3px 6px; vertical-align:top; background:#e9f3ff; font-weight:bold; width:120px;'>
						<div class='notes-par'><span style='font-weight:bold;'>質問概要</span>
						</div>
					</td>
					<td style='border:1px solid #808080; padding:3px 6px; vertical-align:top;'>
						<div class='notes-par'><span class='notes-field-wrap'><span class='notes-field' data-field='outline' data-type='text' data-kind='editable'>【ﾒｰﾙ対応】【Prisma】Global Protect接続不良についてのご相談【NHフーズ・チリ 柴田】</span></span>
						</div>
					</td>
				</tr>
				<tr>
					<td style='border:1px solid #808080; padding:3px 6px; vertical-align:top; background:#e9f3ff; font-weight:bold; width:120px;'>
						<div class='notes-par'><span style='font-weight:bold;'>問合せ内容</span>
						</div>
						<div class='notes-par'><span style='font-weight:bold;'>（詳細）</span>
						</div>
					</td>
					<td style='border:1px solid #808080; padding:3px 6px; vertical-align:top;'>
						<div class='notes-par'><span class='notes-field-wrap'><span class='notes-field' data-field='inquiry' data-type='text' data-kind='editable'></span></span>
						</div>
					</td>
				</tr>
				<tr data-hidewhen='!(@Contains(@UserRoles;&quot;[HELP]&quot;) | @Contains(@UserRoles;&quot;[二次]&quot;) | @Contains(@UserRoles;&quot;[関連]&quot;) | @Contains(@UserRoles;&quot;[携帯他]&quot;))'>
					<td style='border:1px solid #808080; padding:3px 6px; vertical-align:top; background:#e9f3ff; font-weight:bold; width:120px;'>
						<div class='notes-par'><span style='font-weight:bold;'>対応内容</span>
						</div>
						<div class='notes-par'><span style='font-weight:bold;'>最終回答</span>
						</div>
					</td>
					<td style='border:1px solid #808080; padding:3px 6px; vertical-align:top;' data-hidewhen='!(@Contains(@UserRoles;&quot;[HELP]&quot;) | @Contains(@UserRoles;&quot;[二次]&quot;) | @Contains(@UserRoles;&quot;[関連]&quot;) | @Contains(@UserRoles;&quot;[携帯他]&quot;))'>
						<div class='notes-par'><span class='notes-field-wrap'><span class='notes-field' data-field='answer' data-type='text' data-kind='editable'></span></span>
						</div>
						<div class='notes-par'><span style='font-weight:bold;'>処理件数：</span><span class='notes-field-wrap'><span class='notes-field' data-field='Processing_number' data-type='text' data-kind='editable'></span></span>
						</div>
						<div class='notes-par'><span style='font-weight:bold;'>ﾊﾟｽﾜｰﾄﾞ</span><span style='font-weight:bold;'>ﾉｰﾂ：</span><span class='notes-field-wrap'><span class='notes-field' data-field='pass' data-type='text' data-kind='editable'></span></span><span style='font-weight:bold;'>AD：</span><span class='notes-field-wrap'><span class='notes-field' data-field='pass_1' data-type='text' data-kind='editable'></span></span><span style='font-weight:bold;'>その他：</span><span class='notes-field-wrap'><span class='notes-field' data-field='pass_2' data-type='text' data-kind='editable'></span></span>
						</div>
					</td>
				</tr>
				<tr>
					<td style='border:1px solid #808080; padding:3px 6px; vertical-align:top; background:#e9f3ff; font-weight:bold; width:120px;'>
						<div class='notes-par'><span style='font-weight:bold;'>対応時間</span>
						</div>
						<div class='notes-par'><span style='font-weight:bold;'>調査時間</span>
						</div>
					</td>
					<td style='border:1px solid #808080; padding:3px 6px; vertical-align:top;'>
						<div class='notes-par'><span class='notes-field-wrap'><span class='notes-field' data-field='JIKAN' data-type='number' data-kind='editable'>60</span></span><span style='font-weight:bold;'>分　【ログ送信日時</span><span style='font-weight:bold;'>】：</span><span class='notes-field-wrap'><span class='notes-field' data-field='JDATE_Y' data-type='text' data-kind='editable'></span></span><span style='font-weight:bold;'>年</span><span class='notes-field-wrap'><span class='notes-field' data-field='JDATE_M' data-type='text' data-kind='editable'></span></span><span style='font-weight:bold;'> 月</span><span class='notes-field-wrap'><span class='notes-field' data-field='JDATE_D' data-type='text' data-kind='editable'></span></span><span style='font-weight:bold;'>日（</span><span class='notes-field-wrap'><span class='notes-field' data-field='JTIME_H' data-type='text' data-kind='editable'></span></span><span style='font-weight:bold;'>時</span><span class='notes-field-wrap'><span class='notes-field' data-field='JTIME_M' data-type='text' data-kind='editable'></span></span><span style='font-weight:bold;'>分）</span>
						</div>
						<div class='notes-par'><span class='notes-field-wrap'><span class='notes-field' data-field='JIKAN2' data-type='number' data-kind='editable'>40</span></span><span style='font-weight:bold;'>分</span>
						</div>
						<div class='notes-par'><span style='font-weight:bold;'>追加対応者</span><span style='font-weight:bold;'>対応時間：</span><span class='notes-field-wrap'><span class='notes-field' data-field='JIKAN_3' data-type='number' data-kind='editable'></span></span><span style='font-weight:bold;'>分</span><span style='font-weight:bold;'>調査時間：</span><span class='notes-field-wrap'><span class='notes-field' data-field='JIKAN_4' data-type='number' data-kind='editable'></span></span><span style='font-weight:bold;'>分　　ログチェック：</span><span class='notes-field-wrap'><span class='notes-field' data-field='JIKAN_5' data-type='number' data-kind='editable'>1</span></span><span style='font-weight:bold;'> 分</span>
						</div>
					</td>
				</tr>
				<tr>
					<td style='border:1px solid #808080; padding:3px 6px; vertical-align:top; background:#e9f3ff; font-weight:bold; width:120px;'>
						<div class='notes-par'><span style='font-weight:bold;'>対応完了日時</span>
						</div>
					</td>
					<td style='border:1px solid #808080; padding:3px 6px; vertical-align:top;'>
						<div class='notes-par'><span class='notes-field-wrap'><span class='notes-field' data-field='EDATE_Y' data-type='number' data-kind='editable'>2024</span></span><span style='font-weight:bold;'> 年</span><span class='notes-field-wrap'><span class='notes-field' data-field='EDATE_M' data-type='number' data-kind='editable'>9</span></span><span style='font-weight:bold;'> 月</span><span class='notes-field-wrap'><span class='notes-field' data-field='EDATE_D' data-type='number' data-kind='editable'>27</span></span><span style='font-weight:bold;'> 日（</span><span class='notes-field-wrap'><span class='notes-field' data-field='ETIME_H' data-type='text' data-kind='editable'>11</span></span><span style='font-weight:bold;'> 時</span><span class='notes-field-wrap'><span class='notes-field' data-field='ETIME_M' data-type='text' data-kind='editable'>17</span></span><span style='font-weight:bold;'> 分）</span>
						</div>
					</td>
				</tr>
			</table><br/>
			<div class='notes-par'><span style='font-weight:bold;'>＜対象者情報＞</span>
			</div>
			<table style='margin-top:1em; border-collapse:collapse; width:800px; table-layout:fixed;' width='800' border='1' cellspacing='0' cellpadding='0' data-hidewhen='@Contains(@UserRoles;&quot;[JSOX]&quot;)'>
				<tr data-hidewhen='@Contains(@UserRoles;&quot;[JSOX]&quot;)'>
					<td style='border:1px solid #808080; padding:3px 6px; vertical-align:top; background:#e9f3ff; font-weight:bold; width:120px;' data-hidewhen='@Contains(@UserRoles;&quot;[JSOX]&quot;)'>
						<div class='notes-par'><span style='font-weight:bold;'>対象者氏名</span>
						</div>
					</td>
					<td style='border:1px solid #808080; padding:3px 6px; vertical-align:top;' data-hidewhen='@Contains(@UserRoles;&quot;[JSOX]&quot;)'>
						<div class='notes-par'><span class='notes-field-wrap'><span class='notes-field' data-field='name' data-type='text' data-kind='editable'></span></span>
						</div>
					</td>
					<td style='border:1px solid #808080; padding:3px 6px; vertical-align:top; background:#e9f3ff; font-weight:bold; width:120px;' data-hidewhen='@Contains(@UserRoles;&quot;[JSOX]&quot;)'>
						<div class='notes-par'><span style='font-weight:bold;'>ADユーザーID</span>
						</div>
					</td>
					<td style='border:1px solid #808080; padding:3px 6px; vertical-align:top;' data-hidewhen='@Contains(@UserRoles;&quot;[JSOX]&quot;)'>
						<div class='notes-par'><span class='notes-field-wrap'><span class='notes-field' data-field='ADID' data-type='text' data-kind='editable'></span></span>
						</div>
					</td>
				</tr>
				<tr>
					<td style='border:1px solid #808080; padding:3px 6px; vertical-align:top; background:#e9f3ff; font-weight:bold; width:120px;'>
						<div class='notes-par'><span style='font-weight:bold;'>コンピューター名</span>
						</div>
					</td>
					<td style='border:1px solid #808080; padding:3px 6px; vertical-align:top;'>
						<div class='notes-par'><span class='notes-field-wrap'><span class='notes-field' data-field='pc_name' data-type='text' data-kind='editable'></span></span>
						</div>
					</td>
					<td style='border:1px solid #808080; padding:3px 6px; vertical-align:top; background:#e9f3ff; font-weight:bold; width:120px;'>
						<div class='notes-par'><span style='font-weight:bold;'>メールアドレス</span>
						</div>
					</td>
					<td style='border:1px solid #808080; padding:3px 6px; vertical-align:top;'>
						<div class='notes-par'><span class='notes-field-wrap'><span class='notes-field' data-field='MailAddress' data-type='text' data-kind='editable'></span></span>
						</div>
					</td>
				</tr>
			</table><br/>
			<div class='notes-par'><span style='font-weight:bold;'>＜Office365情報＞</span>
			</div>
			<table style='margin-top:1em; border-collapse:collapse; width:800px; table-layout:fixed;' width='800' border='1' cellspacing='0' cellpadding='0' data-hidewhen='@Contains(@UserRoles;&quot;[JSOX]&quot;)'>
				<tr>
					<td style='border:1px solid #808080; padding:3px 6px; vertical-align:top; background:#e9f3ff; font-weight:bold; width:120px;'>
						<div class='notes-par'><span style='font-weight:bold;'>Offife365ライセンス</span>
						</div>
					</td>
					<td style='border:1px solid #808080; padding:3px 6px; vertical-align:top;'>
						<div class='notes-par'><span class='notes-field-wrap'><span class='notes-field' data-field='O365License' data-type='keyword' data-kind='editable'></span></span>
						</div>
					</td>
					<td style='border:1px solid #808080; padding:3px 6px; vertical-align:top; background:#e9f3ff; font-weight:bold; width:120px;'>
						<div class='notes-par'><span style='font-weight:bold;'>Outlook使用アプリ</span>
						</div>
					</td>
					<td style='border:1px solid #808080; padding:3px 6px; vertical-align:top;'>
						<div class='notes-par'><span class='notes-field-wrap'><span class='notes-field' data-field='OutlookApri' data-type='keyword' data-kind='editable'></span></span>
						</div>
					</td>
				</tr>
				<tr>
					<td style='border:1px solid #808080; padding:3px 6px; vertical-align:top; background:#e9f3ff; font-weight:bold; width:120px;'>
						<div class='notes-par'><span style='font-weight:bold;'>利用環境_端末</span>
						</div>
					</td>
					<td style='border:1px solid #808080; padding:3px 6px; vertical-align:top;'>
						<div class='notes-par'><span class='notes-field-wrap'><span class='notes-field' data-field='plathome' data-type='keyword' data-kind='editable'></span></span>
						</div>
					</td>
					<td style='border:1px solid #808080; padding:3px 6px; vertical-align:top; background:#e9f3ff; font-weight:bold; width:120px;'>
						<div class='notes-par'><span style='font-weight:bold;'>スマートデバイス回線番号</span>
						</div>
					</td>
					<td style='border:1px solid #808080; padding:3px 6px; vertical-align:top;'>
						<div class='notes-par'><span class='notes-field-wrap'><span class='notes-field' data-field='mobile_tel_no' data-type='text' data-kind='editable'></span></span>
						</div>
					</td>
				</tr>
			</table>

			<table style='border-collapse:collapse; width:800px; table-layout:fixed;' width='800' border='1' cellspacing='0' cellpadding='0' data-hidewhen='@Contains(@UserRoles;&quot;[JSOX]&quot;)'>
				<tr data-hidewhen='@Contains(@UserRoles;&quot;[JSOX]&quot;)'>
					<td style='border:1px solid #808080; padding:3px 6px; vertical-align:top; background:#e9f3ff; font-weight:bold; width:120px;' data-hidewhen='@Contains(@UserRoles;&quot;[JSOX]&quot;)'>
						<div class='notes-par'><span style='font-weight:bold;'>利用環境_種類</span>
						</div>
					</td>
					<td style='border:1px solid #808080; padding:3px 6px; vertical-align:top;' colspan='3' data-hidewhen='@Contains(@UserRoles;&quot;[JSOX]&quot;)'>
						<div class='notes-par'><span class='notes-field-wrap'><span class='notes-field' data-field='O365SYURUI' data-type='keyword' data-kind='editable' data-allowmultivalues='true'></span></span><span style='font-weight:bold;'>　(：</span><span class='notes-field-wrap'><span class='notes-field' data-field='BROWSER' data-type='keyword' data-kind='editable' data-allowmultivalues='true'></span></span><span style='font-weight:bold;'>)</span>
						</div>
					</td>
				</tr>
				<tr data-hidewhen='@Contains(@UserRoles;&quot;[JSOX]&quot;)'>
					<td style='border:1px solid #808080; padding:3px 6px; vertical-align:top; background:#e9f3ff; font-weight:bold; width:120px;'>
						<div class='notes-par'><span style='font-weight:bold;'>実施作業</span>
						</div>
					</td>
					<td style='border:1px solid #808080; padding:3px 6px; vertical-align:top;' colspan='3' data-hidewhen='@Contains(@UserRoles;&quot;[JSOX]&quot;)'>
						<div class='notes-par'><span class='notes-field-wrap'><span class='notes-field' data-field='SAGYO' data-type='keyword' data-kind='editable' data-allowmultivalues='true'></span></span>
						</div>
					</td>
				</tr>
			</table><br/>
			<table style='margin-top:1em; border-collapse:collapse; width:800px; table-layout:fixed;' width='800' border='1' cellspacing='0' cellpadding='0' data-hidewhen='@Contains(@UserRoles;&quot;[JSOX]&quot;)'>
				<tr>
					<td style='border:1px solid #808080; padding:3px 6px; vertical-align:top; background:#e9f3ff; font-weight:bold; width:120px;'>
						<div class='notes-par'><span style='font-weight:bold;'>問合せ種別</span>
						</div>
					</td>
					<td style='border:1px solid #808080; padding:3px 6px; vertical-align:top;'>
						<div class='notes-par'><span class='notes-field-wrap'><span class='notes-field' data-field='category1' data-type='keyword' data-kind='editable'>トラブル</span></span>
						</div>
					</td>
					<td style='border:1px solid #808080; padding:3px 6px; vertical-align:top; background:#e9f3ff; font-weight:bold; width:120px;'>
						<div class='notes-par'><span style='font-weight:bold;'>問合せチャネル</span>
						</div>
					</td>
					<td style='border:1px solid #808080; padding:3px 6px; vertical-align:top;'>
						<div class='notes-par'><span class='notes-field-wrap'><span class='notes-field' data-field='category5' data-type='keyword' data-kind='editable'>メール</span></span>
						</div>
					</td>
				</tr>
			</table>
			<table style='border-collapse:collapse; width:800px; table-layout:fixed;' width='800' border='1' cellspacing='0' cellpadding='0'>
				<tr>
					<td style='border:1px solid #808080; padding:3px 6px; vertical-align:top; background:#e9f3ff; font-weight:bold; width:120px;'>
						<div class='notes-par'><span style='font-weight:bold;'>問合せ内容</span>
						</div>
					</td>
					<td style='border:1px solid #808080; padding:3px 6px; vertical-align:top;'>
						<div class='notes-par'>
							<span class='notes-field-wrap'>
								<span class='notes-field' data-field='category3' data-type='text' data-kind='editable'>06.ネットワーク関連</span>
							</span>
						</div>
						<div class='notes-par'><span class='notes-field-wrap'><span class='notes-field' data-field='category4' data-type='text' data-kind='editable'>06.Prismaﾘﾓｰﾄｱｸｾｽ</span></span>
						</div>
						<div class='notes-par'><span class='notes-field-wrap'><span class='notes-field' data-field='category6' data-type='text' data-kind='editable'></span></span>
						</div>
					</td>
				</tr>
				<tr data-hidewhen='@Contains(@UserRoles;&quot;[JSOX]&quot;)'>
					<td style='border:1px solid #808080; padding:3px 6px; vertical-align:top; background:#e9f3ff; font-weight:bold; width:120px;' data-hidewhen='@Contains(@UserRoles;&quot;[JSOX]&quot;)'>
						<div class='notes-par'><span style='font-weight:bold;'>サポートデスクＤＢ</span>
						</div>
					</td>
					<td style='border:1px solid #808080; padding:3px 6px; vertical-align:top;' colspan='3' data-hidewhen='@Contains(@UserRoles;&quot;[JSOX]&quot;)'>
						<div class='notes-par'><span style='font-weight:bold;'>カテゴリ１：</span><span class='notes-field-wrap'><span class='notes-field' data-field='S_Category1' data-type='text' data-kind='editable'></span></span>
						</div>
						<div class='notes-par'><span style='font-weight:bold;'>カテゴリ２：</span><span class='notes-field-wrap'><span class='notes-field' data-field='S_Category2' data-type='text' data-kind='editable'></span></span>
						</div>
						<div class='notes-par'><span style='font-weight:bold;'>カテゴリ３：</span><span class='notes-field-wrap'><span class='notes-field' data-field='S_Category3' data-type='text' data-kind='editable'></span></span>
						</div>
						<div class='notes-par'><span style='font-weight:bold;'>件名：</span><span class='notes-field-wrap'><span class='notes-field' data-field='S_Outline' data-type='text' data-kind='editable'></span></span>
						</div>
					</td>
				</tr>
				<tr>
					<td style='border:1px solid #808080; padding:3px 6px; vertical-align:top; background:#e9f3ff; font-weight:bold; width:120px;'>
						<div class='notes-par'><span style='font-weight:bold;'>ヘルプマニュアル</span>
						</div>
					</td>
					<td style='border:1px solid #808080; padding:3px 6px; vertical-align:top;' colspan='3'>
						<div class='notes-par'><span style='font-weight:bold;'>カテゴリ１：</span><span class='notes-field-wrap'><span class='notes-field' data-field='H_Category1' data-type='text' data-kind='editable'></span></span>
						</div>
						<div class='notes-par'><span style='font-weight:bold;'>カテゴリ２：</span><span class='notes-field-wrap'><span class='notes-field' data-field='H_Category2' data-type='text' data-kind='editable'></span></span>
						</div>
						<div class='notes-par'><span style='font-weight:bold;'>件名：</span><span class='notes-field-wrap'><span class='notes-field' data-field='H_Outline' data-type='text' data-kind='editable'></span></span>
						</div>
					</td>
				</tr>
				<tr data-hidewhen='@Contains(@UserRoles;&quot;[JSOX]&quot;)'>
					<td style='border:1px solid #808080; padding:3px 6px; vertical-align:top; background:#e9f3ff; font-weight:bold; width:120px;' data-hidewhen='@Contains(@UserRoles;&quot;[JSOX]&quot;)'>
						<div class='notes-par'><span style='font-weight:bold;'>関連部門の</span>
						</div>
						<div class='notes-par'><span style='font-weight:bold;'>ｴｽｶﾚｰｼｮﾝ先</span>
						</div>
					</td>
					<td style='border:1px solid #808080; padding:3px 6px; vertical-align:top;' colspan='3' data-hidewhen='@Contains(@UserRoles;&quot;[JSOX]&quot;)'>
						<div class='notes-par'><span class='notes-field-wrap'><span class='notes-field' data-field='Escalation_1' data-type='text' data-kind='editable'></span></span><span style='font-weight:bold;'>※システム名</span>
						</div>
						<div class='notes-par'><span class='notes-field-wrap'><span class='notes-field' data-field='SSendTo_1' data-type='text' data-kind='editable'></span></span><span style='font-weight:bold;'>※送信先の宛先</span>
						</div>
						<div class='notes-par'><span class='notes-field-wrap'><span class='notes-field' data-field='SCC_1' data-type='text' data-kind='editable'></span></span><span style='font-weight:bold;'>※送信先のCC</span>
						</div>
					</td>
				</tr>
				<tr data-hidewhen='@Contains(@UserRoles;&quot;[JSOX]&quot;)'>
					<td style='border:1px solid #808080; padding:3px 6px; vertical-align:top; background:#e9f3ff; font-weight:bold; width:120px;' data-hidewhen='@Contains(@UserRoles;&quot;[JSOX]&quot;)'>
						<div class='notes-par'><span style='font-weight:bold;'>対応依頼先</span>
						</div>
					</td>
					<td style='border:1px solid #808080; padding:3px 6px; vertical-align:top;' colspan='3'>
						<div class='notes-par'><span class='notes-field-wrap'><span class='notes-field' data-field='Escalation_0_1' data-type='text' data-kind='editable'></span></span>
						</div>
					</td>
				</tr>
			</table><br/>
			<table style='margin-top:1em; border-collapse:collapse; width:800px; table-layout:fixed;' width='800' border='1' cellspacing='0' cellpadding='0' data-hidewhen='@Contains(@UserRoles;&quot;[JSOX]&quot;)'>
				<tr data-hidewhen='@Contains(@UserRoles;&quot;[JSOX]&quot;)'>
					<td style='border:1px solid #808080; padding:3px 6px; vertical-align:top; background:#f2f2f2; font-weight:bold; width:120px;' data-hidewhen='@Contains(@UserRoles;&quot;[JSOX]&quot;)'>
						<div class='notes-par'><span style='font-weight:bold;'>Hardware</span>
						</div>
					</td>
				</tr>
				<tr data-hidewhen='@Contains(@UserRoles;&quot;[JSOX]&quot;)'>
					<td style='border:1px solid #808080; padding:3px 6px; vertical-align:top; background:#e9f3ff; font-weight:bold; width:120px;' data-hidewhen='@Contains(@UserRoles;&quot;[JSOX]&quot;)'>
						<div class='notes-par'><span style='font-weight:bold;'>メーカー</span>
						</div>
					</td>
					<td style='border:1px solid #808080; padding:3px 6px; vertical-align:top;'>
						<div class='notes-par'><span class='notes-field-wrap'><span class='notes-field' data-field='HW' data-type='text' data-kind='editable'></span></span>
						</div>
					</td>
				</tr>
				<tr>
					<td style='border:1px solid #808080; padding:3px 6px; vertical-align:top; background:#e9f3ff; font-weight:bold; width:120px;'>
						<div class='notes-par'><span style='font-weight:bold;'>製品名</span>
						</div>
					</td>
					<td style='border:1px solid #808080; padding:3px 6px; vertical-align:top;'>
						<div class='notes-par'><span class='notes-field-wrap'><span class='notes-field' data-field='SEIHIN' data-type='text' data-kind='editable'></span></span>
						</div>
					</td>
				</tr>
				<tr>
					<td style='border:1px solid #808080; padding:3px 6px; vertical-align:top; background:#e9f3ff; font-weight:bold; width:120px;'>
						<div class='notes-par'><span style='font-weight:bold;'>製造番号</span>
						</div>
					</td>
					<td style='border:1px solid #808080; padding:3px 6px; vertical-align:top;'>
						<div class='notes-par'><span class='notes-field-wrap'><span class='notes-field' data-field='PCSN' data-type='text' data-kind='editable'></span></span>
						</div>
					</td>
				</tr>
			</table><br/>
			<div class='notes-par'><span class='notes-field-wrap'><span class='notes-field' data-field='TRWORK' data-type='text' data-kind='computed'>0</span></span>
			</div>
			<table style='margin-top:1em; border-collapse:collapse; width:800px; table-layout:fixed;' width='800' border='1' cellspacing='0' cellpadding='0' data-hidewhen='@Contains(@UserRoles;&quot;[JSOX]&quot;)'>
				<tr data-hidewhen='@Contains(@UserRoles;&quot;[JSOX]&quot;)'>
					<td style='border:1px solid #808080; padding:3px 6px; vertical-align:top; background:#e9f3ff; font-weight:bold; width:120px;' data-hidewhen='@Contains(@UserRoles;&quot;[JSOX]&quot;)'>
						<div class='notes-par'><span style='font-weight:bold;'>再ｲﾝｽﾄｰﾙ</span>
						</div>
					</td>
					<td style='border:1px solid #808080; padding:3px 6px; vertical-align:top;' data-hidewhen='@Contains(@UserRoles;&quot;[JSOX]&quot;)'>
						<div class='notes-par'>
							<span style='font-weight:bold;'>送付到着確認日：</span>
							<span class='notes-field-wrap'>
								<span class='notes-field' data-field='PCYY' data-type='number' data-kind='editable'></span>
							</span>
							<span style='font-weight:bold;'>年</span>
							<span class='notes-field-wrap'>
								<span class='notes-field' data-field='PCMY' data-type='number' data-kind='editable'></span>
							</span>
							<span style='font-weight:bold;'>月</span>
							<span class='notes-field-wrap'>
								<span class='notes-field' data-field='PCDY' data-type='number' data-kind='editable'></span>
							</span>
							<span style='font-weight:bold;'>日</span>
						</div>
						<div class='notes-par'>
							<span style='font-weight:bold;'>作業者：</span>
							<span class='notes-field' data-field='saitan' data-type='text' data-kind='editable'></span>
						</div>
					</td>
				</tr>
				<tr>
					<td style='border:1px solid #808080; padding:3px 6px; vertical-align:top; background:#e9f3ff; font-weight:bold; width:120px;'>
						<div class='notes-par'><span style='font-weight:bold;'>完了ﾀｲﾌﾟ</span>
						</div>
					</td>
					<td style='border:1px solid #808080; padding:3px 6px; vertical-align:top;'>
						<div class='notes-par'><span class='notes-field-wrap'><span class='notes-field' data-field='statusTYPE' data-type='keyword' data-kind='editable' data-allowmultivalues='true'>自己解決</span></span>
						</div>
						<div class='notes-par'><span class='notes-field-wrap'><span class='notes-field' data-field='MEKER_K' data-type='text' data-kind='editable'></span></span>
						</div>
					</td>
				</tr>
				<tr data-hidewhen='status!=&quot;引継ぎ依頼中&quot;'>
					<td style='border:1px solid #808080; padding:3px 6px; vertical-align:top; background:#e9f3ff; font-weight:bold; width:120px;'>
						<div class='notes-par'><span style='font-weight:bold;'>対応状況</span>
						</div>
					</td>
					<td style='border:1px solid #808080; padding:3px 6px; vertical-align:top;' data-hidewhen='status!=&quot;引継ぎ依頼中&quot;'>
						<div class='notes-par'><span class='notes-field-wrap'><span class='notes-field' data-field='status' data-type='keyword' data-kind='editable'>CLOSE</span></span>
						</div>
						<div class='notes-par'><span class='notes-field-wrap'><span class='notes-field' data-field='dispach' data-type='text' data-kind='computed'>引き継ぎ依頼先：</span></span>
						</div>
						<div class='notes-par'><span class='notes-field-wrap'><span class='notes-field' data-field='dispach_1' data-type='text' data-kind='computed'>調査依頼：　 -</span></span>
						</div>
						<div class='notes-par'><span style='font-weight:bold;'>依頼先担当者：</span><span class='notes-field-wrap'><span class='notes-field' data-field='SecondLineName' data-type='text' data-kind='editable'></span></span>
						</div>
					</td>
				</tr>
				<tr>
					<td style='border:1px solid #808080; padding:3px 6px; vertical-align:top; background:#e9f3ff; font-weight:bold; width:120px;'>
						<div class='notes-par'><span style='font-weight:bold;'>担当者</span>
						</div>
					</td>
					<td style='border:1px solid #808080; padding:3px 6px; vertical-align:top;'>
						<div class='notes-par'>
							<span class='notes-field-wrap'>
								<span class='notes-field' data-field='acc_main' data-type='keyword' data-kind='editable'>渡部 真由美</span>
							</span>
						</div>
						<div class='notes-par'>
							<span style='font-weight:bold;'>受付：</span>
							<span class='notes-field-wrap'>
								<span class='notes-field' data-field='create_name' data-type='text' data-kind='computedwhencomposed'>渡部 真由美</span>
							</span>
						</div>
						<div class='notes-par'>							
							<span style='font-weight:bold;'>前回対応：</span>
							<span class='notes-field-wrap'>
								<span class='notes-field' data-field='acc_name' data-type='text' data-kind='computed' data-allowmultivalues='true'>平田 幸恵</span>
							</span>
						</div>
					</td>
				</tr>
				<tr data-hidewhen='@Contains(@UserRoles;&quot;[JSOX]&quot;)'>
					<td style='border:1px solid #808080; padding:3px 6px; vertical-align:top; background:#e9f3ff; font-weight:bold; width:120px;' data-hidewhen='@Contains(@UserRoles;&quot;[JSOX]&quot;)'>
						<div class='notes-par'><span style='font-weight:bold;'>承認者</span>
						</div>
					</td>
					<td style='border:1px solid #808080; padding:3px 6px; vertical-align:top;' data-hidewhen='@Contains(@UserRoles;&quot;[JSOX]&quot;)'>
						<div class='notes-par'><span class='notes-field-wrap'><span class='notes-field' data-field='Escalation_Approve_1' data-type='text' data-kind='editable'></span></span>&nbsp;<span class='notes-field-wrap'><span class='notes-field' data-field='ESDATE_Y_1' data-type='number' data-kind='editable'></span></span><span style='font-weight:bold;'> 年</span><span class='notes-field-wrap'><span class='notes-field' data-field='ESDATE_M_1' data-type='number' data-kind='editable'></span></span><span style='font-weight:bold;'> 月</span><span class='notes-field-wrap'><span class='notes-field' data-field='ESDATE_D_1' data-type='number' data-kind='editable'></span></span><span style='font-weight:bold;'> 日（</span><span class='notes-field-wrap'><span class='notes-field' data-field='ESTIME_H_1' data-type='text' data-kind='editable'></span></span><span style='font-weight:bold;'>時</span><span class='notes-field-wrap'><span class='notes-field' data-field='ESTIME_M_1' data-type='text' data-kind='editable'></span></span><span style='font-weight:bold;'> 分）</span>
						</div>
					</td>
				</tr>
			</table>
		</div>
	</div><br/>
	<div class='notes-section' data-hidewhen='@Contains(@UserRoles;&quot;[JSOX]&quot;)'>
		<div class='notes-section-body'>
			<table style='margin-top:1em; border-collapse:collapse; width:800px;'>
				<tr>
					<td style='background:#d9d9d9; padding:2px 6px; font-weight:bold;'>関連部門
					</td>
				</tr>
			</table><br/>
			<div class='notes-par'><span style='font-weight:bold;'>区分：</span><span class='notes-field-wrap'><span class='notes-field' data-field='Third_Type' data-type='text' data-kind='editable'>不要</span></span>
			</div><br/>
			<div class='notes-par'><span style='font-weight:bold;'>関連部門　問い合わせ内容</span>
			</div>
			<table style='margin-top:1em; border-collapse:collapse; width:800px; table-layout:fixed;' width='800' border='1' cellspacing='0' cellpadding='0' data-hidewhen='@Contains(@UserRoles;&quot;[JSOX]&quot;)'>
				<tr data-hidewhen='Third_Type=&quot;不要&quot;'>
					<td style='border:1px solid #808080; padding:3px 6px; vertical-align:top; background:#e9f3ff; font-weight:bold; width:120px;' data-hidewhen='Third_Type=&quot;不要&quot;'>
						<div class='notes-par'><span style='font-weight:bold;'>担当者</span>
						</div>
					</td>
					<td style='border:1px solid #808080; padding:3px 6px; vertical-align:top;' data-hidewhen='Third_Type=&quot;不要&quot;'>
						<div class='notes-par'>
							<span class='notes-field-wrap'>
								<span class='notes-field' data-field='Third_Person' data-type='text' data-kind='editable'></span>
							</span>
						</div>
					</td>
				</tr>
				<tr data-hidewhen='Third_Type=&quot;不要&quot;'>
					<td style='border:1px solid #808080; padding:3px 6px; vertical-align:top; background:#e9f3ff; font-weight:bold; width:120px;'>
						<div class='notes-par'><span style='font-weight:bold;'>所属部署</span>
						</div>
					</td>
					<td style='border:1px solid #808080; padding:3px 6px; vertical-align:top;' data-hidewhen='Third_Type=&quot;不要&quot;'>
						<div class='notes-par'><span class='notes-field-wrap'><span class='notes-field' data-field='Third_Dept' data-type='text' data-kind='editable'></span></span>
						</div>
					</td>
				</tr>
				<tr data-hidewhen='Third_Type=&quot;不要&quot;'>
					<td style='border:1px solid #808080; padding:3px 6px; vertical-align:top; background:#e9f3ff; font-weight:bold; width:120px;' data-hidewhen='Third_Type=&quot;不要&quot;'>
						<div class='notes-par'><span style='font-weight:bold;'>連絡先</span>
						</div>
					</td>
					<td style='border:1px solid #808080; padding:3px 6px; vertical-align:top;' data-hidewhen='Third_Type=&quot;不要&quot;'>
						<div class='notes-par'><span class='notes-field-wrap'><span class='notes-field' data-field='Third_Contact' data-type='text' data-kind='editable'></span></span>
						</div>
					</td>
				</tr>
				<tr data-hidewhen='Third_Type=&quot;不要&quot;'>
					<td style='border:1px solid #808080; padding:3px 6px; vertical-align:top; background:#e9f3ff; font-weight:bold; width:120px;'>
						<div class='notes-par'><span style='font-weight:bold;'>受付日時</span>
						</div>
					</td>
					<td style='border:1px solid #808080; padding:3px 6px; vertical-align:top;' data-hidewhen='Third_Type=&quot;不要&quot;'>
						<div class='notes-par'><span class='notes-field-wrap'><span class='notes-field' data-field='SDATE_Y_2' data-type='number' data-kind='editable'></span></span><span style='font-weight:bold;'> 年</span><span class='notes-field-wrap'><span class='notes-field' data-field='SDATE_M_2' data-type='number' data-kind='editable'></span></span><span style='font-weight:bold;'> 月</span><span class='notes-field-wrap'><span class='notes-field' data-field='SDATE_D_2' data-type='number' data-kind='editable'></span></span><span style='font-weight:bold;'> 日（</span><span class='notes-field-wrap'><span class='notes-field' data-field='STIME_H_2' data-type='text' data-kind='editable'></span></span><span style='font-weight:bold;'> 時</span><span class='notes-field-wrap'><span class='notes-field' data-field='STIME_M_2' data-type='text' data-kind='editable'></span></span><span style='font-weight:bold;'> 分）</span>
						</div>
					</td>
				</tr>
				<tr>
					<td style='border:1px solid #808080; padding:3px 6px; vertical-align:top; background:#e9f3ff; font-weight:bold; width:120px;'>
						<div class='notes-par'><span style='font-weight:bold;'>中間回答日時</span>
						</div>
					</td>
					<td style='border:1px solid #808080; padding:3px 6px; vertical-align:top;' colspan='2'>
						<div class='notes-par'><span class='notes-field-wrap'><span class='notes-field' data-field='CDATE_Y_2' data-type='number' data-kind='editable'></span></span><span style='font-weight:bold;'> 年</span><span class='notes-field-wrap'><span class='notes-field' data-field='CDATE_M_2' data-type='number' data-kind='editable'></span></span><span style='font-weight:bold;'> 月</span><span class='notes-field-wrap'><span class='notes-field' data-field='CDATE_D_2' data-type='number' data-kind='editable'></span></span><span style='font-weight:bold;'> 日（</span><span class='notes-field-wrap'><span class='notes-field' data-field='CTIME_H_2' data-type='text' data-kind='editable'></span></span><span style='font-weight:bold;'> 時</span><span class='notes-field-wrap'><span class='notes-field' data-field='CTIME_M_2' data-type='text' data-kind='editable'></span></span><span style='font-weight:bold;'> 分）</span>
						</div>
					</td>
				</tr>
				<tr data-hidewhen='Third_Type=&quot;不要&quot;'>
					<td style='border:1px solid #808080; padding:3px 6px; vertical-align:top; background:#e9f3ff; font-weight:bold; width:120px;' data-hidewhen='Third_Type=&quot;不要&quot;'>
						<div class='notes-par'><span style='font-weight:bold;'>途中経過内容</span>
						</div>
						<div class='notes-par'><span style='font-weight:bold;'>（作業内容）</span>
						</div>
					</td>
					<td style='border:1px solid #808080; padding:3px 6px; vertical-align:top;' colspan='2'>
						<div class='notes-par'><span class='notes-field-wrap'><span class='notes-field' data-field='Third_half' data-type='text' data-kind='editable'></span></span>
						</div>
					</td>
				</tr>
				<tr>
					<td style='border:1px solid #808080; padding:3px 6px; vertical-align:top; background:#e9f3ff; font-weight:bold; width:120px;'>
						<div class='notes-par'><span style='font-weight:bold;'>最終回答日時</span>
						</div>
					</td>
					<td style='border:1px solid #808080; padding:3px 6px; vertical-align:top;' colspan='2'>
						<div class='notes-par'><span class='notes-field-wrap'><span class='notes-field' data-field='EDATE_Y_2' data-type='number' data-kind='editable'></span></span><span style='font-weight:bold;'> 年</span><span class='notes-field-wrap'><span class='notes-field' data-field='EDATE_M_2' data-type='number' data-kind='editable'></span></span><span style='font-weight:bold;'> 月</span><span class='notes-field-wrap'><span class='notes-field' data-field='EDATE_D_2' data-type='number' data-kind='editable'></span></span><span style='font-weight:bold;'> 日（</span><span class='notes-field-wrap'><span class='notes-field' data-field='ETIME_H_2' data-type='text' data-kind='editable'></span></span><span style='font-weight:bold;'> 時</span><span class='notes-field-wrap'><span class='notes-field' data-field='ETIME_M_2' data-type='text' data-kind='editable'></span></span><span style='font-weight:bold;'> 分）</span>
						</div>
					</td>
				</tr>
				<tr data-hidewhen='Third_Type=&quot;不要&quot; | (Third_Type=&quot;必要&quot; &amp; !(Escalation_1=&quot;UserID再作成&quot; | Escalation_1=&quot;ｾｷｭｱID PWﾘｾｯﾄ依頼&quot; | Escalation_1=&quot;ﾒｰﾙﾘｽﾄｱ依頼&quot;))'>
					<td style='border:1px solid #808080; padding:3px 6px; vertical-align:top; background:#e9f3ff; font-weight:bold; width:120px;'>
						<div class='notes-par'><span style='font-weight:bold;'>回答内容</span>
						</div>
					</td>
					<td style='border:1px solid #808080; padding:3px 6px; vertical-align:top;' data-hidewhen='Third_Type=&quot;不要&quot; | (Third_Type=&quot;必要&quot; &amp; !(Escalation_1=&quot;UserID再作成&quot; | Escalation_1=&quot;ｾｷｭｱID PWﾘｾｯﾄ依頼&quot; | Escalation_1=&quot;ﾒｰﾙﾘｽﾄｱ依頼&quot;))'>
						<div class='notes-par'><span class='notes-field-wrap'><span class='notes-field' data-field='Third_answer' data-type='text' data-kind='editable'></span></span>
						</div>
					</td>
				</tr>
				<tr>
					<td style='border:1px solid #808080; padding:3px 6px; vertical-align:top; background:#e9f3ff; font-weight:bold; width:120px;'>
						<div class='notes-par'><span style='font-weight:bold;'>問合せ種別</span>
						</div>
					</td>
					<td style='border:1px solid #808080; padding:3px 6px; vertical-align:top;' colspan='2'>
						<div class='notes-par'><span class='notes-field-wrap'><span class='notes-field' data-field='Second_category1' data-type='keyword' data-kind='editable'></span></span>
						</div>
					</td>
				</tr>
				<tr data-hidewhen='Third_Type=&quot;不要&quot;'>
					<td style='border:1px solid #808080; padding:3px 6px; vertical-align:top; background:#e9f3ff; font-weight:bold; width:120px;' data-hidewhen='Third_Type=&quot;不要&quot;'>
						<div class='notes-par'><span style='font-weight:bold;'>問合せ内容</span>
						</div>
					</td>
					<td style='border:1px solid #808080; padding:3px 6px; vertical-align:top;' data-hidewhen='Third_Type=&quot;不要&quot;'>
						<div class='notes-par'><span class='notes-field-wrap'><span class='notes-field' data-field='Second_category2' data-type='text' data-kind='computed'></span></span>
						</div>
						<div class='notes-par'><span class='notes-field-wrap'><span class='notes-field' data-field='Second_category3' data-type='text' data-kind='computed'></span></span>
						</div>
						<div class='notes-par'><span class='notes-field-wrap'><span class='notes-field' data-field='Second_category4' data-type='text' data-kind='computed'></span></span>
						</div>
					</td>
				</tr>
				<tr>
					<td style='border:1px solid #808080; padding:3px 6px; vertical-align:top; background:#e9f3ff; font-weight:bold; width:120px;'>
						<div class='notes-par'><span style='font-weight:bold;'>対応時間</span>
						</div>
						<div class='notes-par'><span style='font-weight:bold;'>調査時間</span>
						</div>
					</td>
					<td style='border:1px solid #808080; padding:3px 6px; vertical-align:top;' colspan='2'>
						<div class='notes-par'><span class='notes-field-wrap'><span class='notes-field' data-field='JIKAN_2_1' data-type='number' data-kind='editable'></span></span><span style='font-weight:bold;'>分</span>
						</div>
						<div class='notes-par'><span class='notes-field-wrap'><span class='notes-field' data-field='JIKAN_2_2' data-type='number' data-kind='editable'></span></span><span style='font-weight:bold;'>分</span>
						</div>
					</td>
				</tr>
				<tr>
					<td style='border:1px solid #808080; padding:3px 6px; vertical-align:top; background:#e9f3ff; font-weight:bold; width:120px;'>
						<div class='notes-par'><span style='font-weight:bold;'>障害</span>
						</div>
					</td>
					<td style='border:1px solid #808080; padding:3px 6px; vertical-align:top;' colspan='2'>
						<div class='notes-par'><span class='notes-field-wrap'><span class='notes-field' data-field='Trouble_2' data-type='keyword' data-kind='editable' data-allowmultivalues='true'></span></span>
						</div>
					</td>
				</tr>
				<tr>
					<td style='border:1px solid #808080; padding:3px 6px; vertical-align:top; background:#e9f3ff; font-weight:bold; width:120px;'>
						<div class='notes-par'><span style='font-weight:bold;'>上長コメント</span>
						</div>
					</td>
					<td style='border:1px solid #808080; padding:3px 6px; vertical-align:top;' colspan='2'>
						<div class='notes-par'><span class='notes-field-wrap'><span class='notes-field' data-field='Third_comment' data-type='text' data-kind='editable'></span></span>
						</div>
					</td>
				</tr>
				<tr>
					<td style='border:1px solid #808080; padding:3px 6px; vertical-align:top; background:#e9f3ff; font-weight:bold; width:120px;'>
						<div class='notes-par'><span style='font-weight:bold;'>上長承認</span>
						</div>
					</td>
					<td style='border:1px solid #808080; padding:3px 6px; vertical-align:top;' colspan='2'>
						<div class='notes-par'><span class='notes-field-wrap'><span class='notes-field' data-field='Trouble_Approve_2' data-type='text' data-kind='editable'></span></span>&nbsp;<span class='notes-field-wrap'><span class='notes-field' data-field='ADATE_Y_2' data-type='number' data-kind='editable'></span></span><span style='font-weight:bold;'> 年</span><span class='notes-field-wrap'><span class='notes-field' data-field='ADATE_M_2' data-type='number' data-kind='editable'></span></span><span style='font-weight:bold;'> 月</span><span class='notes-field-wrap'><span class='notes-field' data-field='ADATE_D_2' data-type='number' data-kind='editable'></span></span><span style='font-weight:bold;'> 日（</span><span class='notes-field-wrap'><span class='notes-field' data-field='ATIME_H_2' data-type='text' data-kind='editable'></span></span><span style='font-weight:bold;'> 時</span><span class='notes-field-wrap'><span class='notes-field' data-field='ATIME_M_2' data-type='text' data-kind='editable'></span></span><span style='font-weight:bold;'> 分）</span>
						</div>
					</td>
				</tr>
			</table>
		</div>
	</div><br/>
	<div class='notes-par'><span style='font-weight:bold;'>トラブルチケット</span><span style='font-weight:bold;'>(有無：</span><span class='notes-field-wrap'><span class='notes-field' data-field='TRUMU' data-type='keyword' data-kind='editable'>無</span></span><span style='font-weight:bold;'>）</span>
	</div>
	<table style='margin-top:1em; border-collapse:collapse; width:800px; table-layout:fixed;' width='800' border='1' cellspacing='0' cellpadding='0' data-hidewhen='@Contains(@UserRoles;&quot;[JSOX]&quot;)'>
		<tr data-hidewhen='@Contains(@UserRoles;&quot;[JSOX]&quot;)'>
			<td style='border:1px solid #808080; padding:3px 6px; vertical-align:top;' data-hidewhen='@Contains(@UserRoles;&quot;[JSOX]&quot;)'>
				<div class='notes-par'><span style='font-weight:bold;'>障害個所：</span><span class='notes-field-wrap'><span class='notes-field' data-field='KOSHO' data-type='keyword' data-kind='editable' data-allowmultivalues='true'></span></span>
				</div>
			</td>
		</tr>
	</table><br/>
	<div class='notes-section' data-hidewhen='@Contains(@UserRoles;&quot;[JSOX]&quot;)'>
		<div class='notes-section-body'>
			<div class='notes-par'><span style='font-weight:bold;'>（保守対応依頼）</span>
			</div>
			<table style='margin-top:1em; border-collapse:collapse; width:800px; table-layout:fixed;' width='800' border='1' cellspacing='0' cellpadding='0' data-hidewhen='@Contains(@UserRoles;&quot;[JSOX]&quot;)'>
				<tr data-hidewhen='@Contains(@UserRoles;&quot;[JSOX]&quot;)'>
					<td style='border:1px solid #808080; padding:3px 6px; vertical-align:top; background:#e9f3ff; font-weight:bold; width:120px;' data-hidewhen='@Contains(@UserRoles;&quot;[JSOX]&quot;)'>
						<div class='notes-par'><span style='font-weight:bold;'>会社名</span>
						</div>
					</td>
					<td style='border:1px solid #808080; padding:3px 6px; vertical-align:top;' data-hidewhen='@Contains(@UserRoles;&quot;[JSOX]&quot;)'>
						<div class='notes-par'><span class='notes-field-wrap'><span class='notes-field' data-field='TRMAKER' data-type='text' data-kind='editable'></span></span>
						</div>
					</td>
				</tr>
				<tr>
					<td style='border:1px solid #808080; padding:3px 6px; vertical-align:top; background:#e9f3ff; font-weight:bold; width:120px;'>
						<div class='notes-par'><span style='font-weight:bold;'>部署名</span>
						</div>
					</td>
					<td style='border:1px solid #808080; padding:3px 6px; vertical-align:top;'>
						<div class='notes-par'><span class='notes-field-wrap'><span class='notes-field' data-field='TRKBUSYO' data-type='text' data-kind='editable'></span></span>
						</div>
					</td>
				</tr>
				<tr>
					<td style='border:1px solid #808080; padding:3px 6px; vertical-align:top; background:#e9f3ff; font-weight:bold; width:120px;'>
						<div class='notes-par'><span style='font-weight:bold;'>担当者名</span>
						</div>
					</td>
					<td style='border:1px solid #808080; padding:3px 6px; vertical-align:top;'>
						<div class='notes-par'><span class='notes-field-wrap'><span class='notes-field' data-field='TRTANTO' data-type='text' data-kind='editable'></span></span><span style='font-weight:bold;'>　様</span>
						</div>
					</td>
				</tr>
				<tr>
					<td style='border:1px solid #808080; padding:3px 6px; vertical-align:top; background:#e9f3ff; font-weight:bold; width:120px;'>
						<div class='notes-par'><span style='font-weight:bold;'>ＦＡＸ</span>
						</div>
					</td>
					<td style='border:1px solid #808080; padding:3px 6px; vertical-align:top;'>
						<div class='notes-par'><span class='notes-field-wrap'><span class='notes-field' data-field='TRFAX' data-type='text' data-kind='editable'></span></span>
						</div>
					</td>
				</tr>
				<tr>
					<td style='border:1px solid #808080; padding:3px 6px; vertical-align:top; background:#e9f3ff; font-weight:bold; width:120px;'>
						<div class='notes-par'><span style='font-weight:bold;'>ＴＥＬ</span>
						</div>
					</td>
					<td style='border:1px solid #808080; padding:3px 6px; vertical-align:top;'>
						<div class='notes-par'><span class='notes-field-wrap'><span class='notes-field' data-field='TRTEL' data-type='text' data-kind='editable'></span></span>
						</div>
					</td>
				</tr>
			</table><br/>
			<table style='margin-top:1em; border-collapse:collapse; width:800px; table-layout:fixed;' width='800' border='1' cellspacing='0' cellpadding='0' data-hidewhen='@Contains(@UserRoles;&quot;[JSOX]&quot;)'>
				<tr data-hidewhen='@Contains(@UserRoles;&quot;[JSOX]&quot;)'>
					<td style='border:1px solid #808080; padding:3px 6px; vertical-align:top; background:#e9f3ff; font-weight:bold; width:120px;'>
						<div class='notes-par'><span style='font-weight:bold;'>チケット№</span>
						</div>
					</td>
					<td style='border:1px solid #808080; padding:3px 6px; vertical-align:top;'>
						<div class='notes-par'><span class='notes-field-wrap'><span class='notes-field' data-field='TRNO' data-type='text' data-kind='editable'></span></span>
						</div>
					</td>
					<td style='border:1px solid #808080; padding:3px 6px; vertical-align:top; background:#e9f3ff; font-weight:bold; width:120px;' data-hidewhen='@Contains(@UserRoles;&quot;[JSOX]&quot;)'>
						<div class='notes-par'><span style='font-weight:bold;'>ＯＳ</span>
						</div>
					</td>
					<td style='border:1px solid #808080; padding:3px 6px; vertical-align:top;' data-hidewhen='@Contains(@UserRoles;&quot;[JSOX]&quot;)'>
						<div class='notes-par'><span class='notes-field-wrap'><span class='notes-field' data-field='TROS' data-type='text' data-kind='editable'></span></span>
						</div>
					</td>
				</tr>
				<tr>
					<td style='border:1px solid #808080; padding:3px 6px; vertical-align:top; background:#e9f3ff; font-weight:bold; width:120px;'>
						<div class='notes-par'><span style='font-weight:bold;'>対象機種名</span>
						</div>
					</td>
					<td style='border:1px solid #808080; padding:3px 6px; vertical-align:top;'>
						<div class='notes-par'><span class='notes-field-wrap'><span class='notes-field' data-field='TRKISYU' data-type='text' data-kind='editable'></span></span>
						</div>
					</td>
					<td style='border:1px solid #808080; padding:3px 6px; vertical-align:top; background:#e9f3ff; font-weight:bold; width:120px;'>
						<div class='notes-par'><span style='font-weight:bold;'>品番(S/N)</span>
						</div>
					</td>
					<td style='border:1px solid #808080; padding:3px 6px; vertical-align:top;'>
						<div class='notes-par'><span class='notes-field-wrap'><span class='notes-field' data-field='TRSN' data-type='text' data-kind='editable'></span></span>
						</div>
					</td>
				</tr>
				<tr>
					<td style='border:1px solid #808080; padding:3px 6px; vertical-align:top; background:#e9f3ff; font-weight:bold; width:120px;'>
						<div class='notes-par'><span style='font-weight:bold;'>導入時期</span>
						</div>
					</td>
					<td style='border:1px solid #808080; padding:3px 6px; vertical-align:top;'>
						<div class='notes-par'><span class='notes-field-wrap'><span class='notes-field' data-field='TRJIKI' data-type='text' data-kind='editable'></span></span>
						</div>
					</td>
					<td style='border:1px solid #808080; padding:3px 6px; vertical-align:top; background:#e9f3ff; font-weight:bold; width:120px;'>
						<div class='notes-par'><span style='font-weight:bold;'>備考</span>
						</div>
					</td>
					<td style='border:1px solid #808080; padding:3px 6px; vertical-align:top;'>
						<div class='notes-par'><span class='notes-field-wrap'><span class='notes-field' data-field='TRBIKOU' data-type='text' data-kind='editable'></span></span>
						</div>
					</td>
				</tr>
			</table><br/>
			<div class='notes-par'><span style='font-weight:bold;'>（ユーザー情報）</span>
			</div>
			<table style='margin-top:1em; border-collapse:collapse; width:800px; table-layout:fixed;' width='800' border='1' cellspacing='0' cellpadding='0' data-hidewhen='@Contains(@UserRoles;&quot;[JSOX]&quot;)'>
				<tr data-hidewhen='@Contains(@UserRoles;&quot;[JSOX]&quot;)'>
					<td style='border:1px solid #808080; padding:3px 6px; vertical-align:top; background:#e9f3ff; font-weight:bold; width:120px;' data-hidewhen='@Contains(@UserRoles;&quot;[JSOX]&quot;)'>
						<div class='notes-par'><span style='font-weight:bold;'>氏名</span>
						</div>
					</td>
					<td style='border:1px solid #808080; padding:3px 6px; vertical-align:top;' data-hidewhen='@Contains(@UserRoles;&quot;[JSOX]&quot;)'>
						<div class='notes-par'><span class='notes-field-wrap'><span class='notes-field' data-field='TRYNAME' data-type='text' data-kind='editable'></span></span>
						</div>
					</td>
				</tr>
				<tr>
					<td style='border:1px solid #808080; padding:3px 6px; vertical-align:top; background:#e9f3ff; font-weight:bold; width:120px;'>
						<div class='notes-par'><span style='font-weight:bold;'>ＴＥＬ</span>
						</div>
					</td>
					<td style='border:1px solid #808080; padding:3px 6px; vertical-align:top;'>
						<div class='notes-par'><span class='notes-field-wrap'><span class='notes-field' data-field='TRYTEL' data-type='text' data-kind='editable'></span></span>
						</div>
					</td>
				</tr>
				<tr>
					<td style='border:1px solid #808080; padding:3px 6px; vertical-align:top; background:#e9f3ff; font-weight:bold; width:120px;'>
						<div class='notes-par'><span style='font-weight:bold;'>会社名</span>
						</div>
					</td>
					<td style='border:1px solid #808080; padding:3px 6px; vertical-align:top;'>
						<div class='notes-par'><span class='notes-field-wrap'><span class='notes-field' data-field='TRYKAISHA' data-type='text' data-kind='editable'></span></span>
						</div>
					</td>
				</tr>
				<tr>
					<td style='border:1px solid #808080; padding:3px 6px; vertical-align:top; background:#e9f3ff; font-weight:bold; width:120px;'>
						<div class='notes-par'><span style='font-weight:bold;'>事業所名</span>
						</div>
					</td>
					<td style='border:1px solid #808080; padding:3px 6px; vertical-align:top;'>
						<div class='notes-par'><span class='notes-field-wrap'><span class='notes-field' data-field='TRYJIGYOU' data-type='text' data-kind='editable'></span></span>
						</div>
					</td>
				</tr>
				<tr>
					<td style='border:1px solid #808080; padding:3px 6px; vertical-align:top; background:#e9f3ff; font-weight:bold; width:120px;'>
						<div class='notes-par'><span style='font-weight:bold;'>住所</span>
						</div>
					</td>
					<td style='border:1px solid #808080; padding:3px 6px; vertical-align:top;'>
						<div class='notes-par'><span class='notes-field-wrap'><span class='notes-field' data-field='TRYADDRESS' data-type='text' data-kind='editable'></span></span>
						</div>
					</td>
				</tr>
				<tr>
					<td style='border:1px solid #808080; padding:3px 6px; vertical-align:top; background:#e9f3ff; font-weight:bold; width:120px;'>
						<div class='notes-par'><span style='font-weight:bold;'>障害内容</span>
						</div>
					</td>
					<td style='border:1px solid #808080; padding:3px 6px; vertical-align:top;'>
						<div class='notes-par'><span class='notes-field-wrap'><span class='notes-field' data-field='TRYNAIYO' data-type='text' data-kind='editable'></span></span>
						</div>
					</td>
				</tr>
				<tr>
					<td style='border:1px solid #808080; padding:3px 6px; vertical-align:top; background:#e9f3ff; font-weight:bold; width:120px;'>
						<div class='notes-par'><span style='font-weight:bold;'>備考</span>
						</div>
					</td>
					<td style='border:1px solid #808080; padding:3px 6px; vertical-align:top;'>
						<div class='notes-par'><span class='notes-field-wrap'><span class='notes-field' data-field='TRYBIKOU' data-type='text' data-kind='editable'></span></span>
						</div>
					</td>
				</tr>
			</table>
		</div>
	</div><br/>
	<div class='notes-par'><span style='font-weight:bold;'>ＰＣ再セットアップ</span><span style='font-weight:bold;'>(</span><span style='font-weight:bold;'>有無：</span><span class='notes-field-wrap'><span class='notes-field' data-field='PCUMU' data-type='keyword' data-kind='editable'>無</span></span><span style='font-weight:bold;'>）</span>
	</div>
	<div class='notes-section' data-hidewhen='@Contains(@UserRoles;&quot;[JSOX]&quot;)'>
		<div class='notes-section-body'>
			<div class='notes-par'><span style='font-weight:bold;'>（ＰＣユーザー）</span>
			</div>
			<table style='margin-top:1em; border-collapse:collapse; width:800px; table-layout:fixed;' width='800' border='1' cellspacing='0' cellpadding='0'>
				<tr>
					<td style='border:1px solid #808080; padding:3px 6px; vertical-align:top; background:#e9f3ff; font-weight:bold; width:120px;'>
						<div class='notes-par'><span style='font-weight:bold;'>氏名</span>
						</div>
					</td>
					<td style='border:1px solid #808080; padding:3px 6px; vertical-align:top;'>
						<div class='notes-par'><span class='notes-field-wrap'><span class='notes-field' data-field='PCNAME' data-type='text' data-kind='editable'></span></span><span style='font-weight:bold;'>様</span>
						</div>
					</td>
				</tr>
				<tr>
					<td style='border:1px solid #808080; padding:3px 6px; vertical-align:top; background:#e9f3ff; font-weight:bold; width:120px;'>
						<div class='notes-par'><span style='font-weight:bold;'>会社名</span>
						</div>
					</td>
					<td style='border:1px solid #808080; padding:3px 6px; vertical-align:top;'>
						<div class='notes-par'><span class='notes-field-wrap'><span class='notes-field' data-field='PCKAISHA' data-type='text' data-kind='editable'></span></span>
						</div>
					</td>
				</tr>
				<tr>
					<td style='border:1px solid #808080; padding:3px 6px; vertical-align:top; background:#e9f3ff; font-weight:bold; width:120px;'>
						<div class='notes-par'><span style='font-weight:bold;'>事業所名</span>
						</div>
					</td>
					<td style='border:1px solid #808080; padding:3px 6px; vertical-align:top;'>
						<div class='notes-par'><span class='notes-field-wrap'><span class='notes-field' data-field='PCJIGYOU' data-type='text' data-kind='editable'></span></span>
						</div>
					</td>
				</tr>
				<tr>
					<td style='border:1px solid #808080; padding:3px 6px; vertical-align:top; background:#e9f3ff; font-weight:bold; width:120px;'>
						<div class='notes-par'><span style='font-weight:bold;'>住所</span>
						</div>
					</td>
					<td style='border:1px solid #808080; padding:3px 6px; vertical-align:top;'>
						<div class='notes-par'><span class='notes-field-wrap'><span class='notes-field' data-field='PCADDRESS' data-type='text' data-kind='editable'></span></span>
						</div>
					</td>
				</tr>
				<tr>
					<td style='border:1px solid #808080; padding:3px 6px; vertical-align:top; background:#e9f3ff; font-weight:bold; width:120px;'>
						<div class='notes-par'><span style='font-weight:bold;'>ＴＥＬ</span>
						</div>
					</td>
					<td style='border:1px solid #808080; padding:3px 6px; vertical-align:top;'>
						<div class='notes-par'><span class='notes-field-wrap'><span class='notes-field' data-field='PCTEL' data-type='text' data-kind='editable'></span></span>
						</div>
					</td>
				</tr>
				<tr>
					<td style='border:1px solid #808080; padding:3px 6px; vertical-align:top; background:#e9f3ff; font-weight:bold; width:120px;'>
						<div class='notes-par'><span style='font-weight:bold;'>ＦＡＸ</span>
						</div>
					</td>
					<td style='border:1px solid #808080; padding:3px 6px; vertical-align:top;'>
						<div class='notes-par'><span class='notes-field-wrap'><span class='notes-field' data-field='PCFAX' data-type='text' data-kind='editable'></span></span>
						</div>
					</td>
				</tr>
			</table><br/>
			<div class='notes-par'><span style='font-weight:bold;'>（使用ツール）</span>
			</div>
			<table style='margin-top:1em; border-collapse:collapse; width:800px; table-layout:fixed;' width='800' border='1' cellspacing='0' cellpadding='0' data-hidewhen='@Contains(@UserRoles;&quot;[JSOX]&quot;)'>
				<tr data-hidewhen='@Contains(@UserRoles;&quot;[JSOX]&quot;)'>
					<td style='border:1px solid #808080; padding:3px 6px; vertical-align:top;' data-hidewhen='@Contains(@UserRoles;&quot;[JSOX]&quot;)'>
						<div class='notes-par'><span class='notes-field-wrap'><span class='notes-field' data-field='TOOL' data-type='keyword' data-kind='editable' data-allowmultivalues='true'></span></span>
						</div>
					</td>
				</tr>
			</table><br/>
			<div class='notes-par'><span style='font-weight:bold;'>備考：</span><span class='notes-field-wrap'><span class='notes-field' data-field='BIKOU' data-type='text' data-kind='editable'></span></span>
			</div>
			<table style='margin-top:1em; border-collapse:collapse; width:800px; table-layout:fixed;' width='800' border='1' cellspacing='0' cellpadding='0' data-hidewhen='@Contains(@UserRoles;&quot;[JSOX]&quot;)'>
				<tr data-hidewhen='@Contains(@UserRoles;&quot;[JSOX]&quot;)'>
					<td style='border:1px solid #808080; padding:3px 6px; vertical-align:top; background:#e9f3ff; font-weight:bold; width:120px;' data-hidewhen='@Contains(@UserRoles;&quot;[JSOX]&quot;)'>
						<div class='notes-par'><span style='font-weight:bold;'>パソコン返送日</span>
						</div>
					</td>
					<td style='border:1px solid #808080; padding:3px 6px; vertical-align:top;' data-hidewhen='@Contains(@UserRoles;&quot;[JSOX]&quot;)'>
						<div class='notes-par'><span class='notes-field-wrap'><span class='notes-field' data-field='PCYH' data-type='number' data-kind='editable'></span></span><span style='font-weight:bold;'>年</span><span class='notes-field-wrap'><span class='notes-field' data-field='PCMH' data-type='number' data-kind='editable'></span></span><span style='font-weight:bold;'>月</span><span class='notes-field-wrap'><span class='notes-field' data-field='PCDH' data-type='number' data-kind='editable'></span></span><span style='font-weight:bold;'>日</span>
						</div>
					</td>
				</tr>
			</table><br/>
			<div class='notes-par'><span style='font-weight:bold;'>（再セットアップ関係者)</span>
			</div>
			<table style='margin-top:1em; border-collapse:collapse; width:800px; table-layout:fixed;' width='800' border='1' cellspacing='0' cellpadding='0' data-hidewhen='@Contains(@UserRoles;&quot;[JSOX]&quot;)'>
				<tr data-hidewhen='@Contains(@UserRoles;&quot;[JSOX]&quot;)'>
					<td style='border:1px solid #808080; padding:3px 6px; vertical-align:top; background:#e9f3ff; font-weight:bold; width:120px;' data-hidewhen='@Contains(@UserRoles;&quot;[JSOX]&quot;)'>
						<div class='notes-par'><span style='font-weight:bold;'>１</span>
						</div>
					</td>
					<td style='border:1px solid #808080; padding:3px 6px; vertical-align:top;' data-hidewhen='@Contains(@UserRoles;&quot;[JSOX]&quot;)'>
						<div class='notes-par'><span class='notes-field-wrap'><span class='notes-field' data-field='KANKEI1' data-type='text' data-kind='editable'></span></span>
						</div>
					</td>
					<td style='border:1px solid #808080; padding:3px 6px; vertical-align:top;' data-hidewhen='@Contains(@UserRoles;&quot;[JSOX]&quot;)'>
						<div class='notes-par'><span class='notes-field-wrap'><span class='notes-field' data-field='KANJIKAN1' data-type='text' data-kind='editable'></span></span><span style='font-weight:bold;'>分：</span><span class='notes-field-wrap'><span class='notes-field' data-field='HDATE1' data-type='datetime' data-kind='editable'></span></span>
						</div>
					</td>
				</tr>
				<tr>
					<td style='border:1px solid #808080; padding:3px 6px; vertical-align:top; background:#e9f3ff; font-weight:bold; width:120px;'>
						<div class='notes-par'><span style='font-weight:bold;'>２</span>
						</div>
					</td>
					<td style='border:1px solid #808080; padding:3px 6px; vertical-align:top;'>
						<div class='notes-par'><span class='notes-field-wrap'><span class='notes-field' data-field='KANKEI2' data-type='text' data-kind='editable'></span></span>
						</div>
					</td>
					<td style='border:1px solid #808080; padding:3px 6px; vertical-align:top;'>
						<div class='notes-par'><span class='notes-field-wrap'><span class='notes-field' data-field='KANJIKAN2' data-type='text' data-kind='editable'></span></span><span style='font-weight:bold;'>分：</span><span class='notes-field-wrap'><span class='notes-field' data-field='HDATE2' data-type='datetime' data-kind='editable'></span></span>
						</div>
					</td>
				</tr>
				<tr>
					<td style='border:1px solid #808080; padding:3px 6px; vertical-align:top; background:#e9f3ff; font-weight:bold; width:120px;'>
						<div class='notes-par'><span style='font-weight:bold;'>３</span>
						</div>
					</td>
					<td style='border:1px solid #808080; padding:3px 6px; vertical-align:top;'>
						<div class='notes-par'><span class='notes-field-wrap'><span class='notes-field' data-field='KANKEI3' data-type='text' data-kind='editable'></span></span>
						</div>
					</td>
					<td style='border:1px solid #808080; padding:3px 6px; vertical-align:top;'>
						<div class='notes-par'><span class='notes-field-wrap'><span class='notes-field' data-field='KANJIKAN3' data-type='text' data-kind='editable'></span></span><span style='font-weight:bold;'>分：</span><span class='notes-field-wrap'><span class='notes-field' data-field='HDATE3' data-type='datetime' data-kind='editable'></span></span>
						</div>
					</td>
				</tr>
			</table>
		</div>
	</div><br/>
	<div class='notes-section'>
		<div class='notes-section-body'>
			<table style='margin-top:1em; border-collapse:collapse; width:800px;'>
				<tr>
					<td style='background:#d9d9d9; padding:2px 6px; font-weight:bold;'>対応ﾒﾓ
					</td>
				</tr>
			</table><br/>
			<div class='notes-par'><span class='notes-field-wrap'><span class='notes-field' data-field='Memo' data-type='text' data-kind='editable'></span></span>
			</div>
		</div>
	</div><br/>
	<div class='notes-section' data-hidewhen='@Contains(@UserRoles;&quot;[JSOX]&quot;)'>
		<div class='notes-section-body'>
			<table style='margin-top:1em; border-collapse:collapse; width:800px;'>
				<tr>
					<td style='background:#d9d9d9; padding:2px 6px; font-weight:bold;'>添付資料
					</td>
				</tr>
			</table><br/>
			<div class='notes-par'><span style='font-weight:bold;'>PC修理 ・・・・：</span><span class='notes-field-wrap'><span class='notes-field' data-field='body_1' data-type='richtext' data-kind='editable'><p></p></span></span>
			</div><br/>
			<div class='notes-par'><span style='font-weight:bold;'>関連ｺｰﾙ</span><span style='font-weight:bold;'>・・・・：</span><span class='notes-field-wrap'><span class='notes-field' data-field='body' data-type='richtext' data-kind='editable'><p id='seg-001' data-id='seg-001'><div style='margin:8px 0; padding:10px; border:1px solid #e3e3e3; border-radius:10px;'><object data='name:p1' data-attachment='①.png' type='image/png'></object></div></p>
<p id='seg-002' data-id='seg-002'><div style='margin:8px 0; padding:10px; border:1px solid #e3e3e3; border-radius:10px;'><object data='name:p2' data-attachment='②.png' type='image/png'></object></div></p>
<p id='seg-003' data-id='seg-003'>seg-003</p></span></span>
			</div>
		</div>
	</div><br/>
	<div class='notes-section' data-hidewhen='@Contains(@UserRoles;&quot;[JSOX]&quot;)'>
		<div class='notes-section-body'>
			<table style='margin-top:1em; border-collapse:collapse; width:800px;'>
				<tr>
					<td style='background:#d9d9d9; padding:2px 6px; font-weight:bold;'>履歴情報
					</td>
				</tr>
			</table><br/>
			<div class='notes-par'><span class='notes-field-wrap'><span class='notes-field' data-field='history' data-type='text' data-kind='computed' data-allowmultivalues='true'>2024/09/30 19:25 渡部 真由美 CLOSE<br/>2024/09/27 18:08 渡部 真由美 OPEN<br/>2024/09/27 17:21 渡部 真由美 CLOSE<br/>2024/09/27 12:52 渡部 真由美 CLOSE<br/>2024/09/27 9:13 渡部 真由美 CLOSE<br/>2024/09/27 8:35 渡部 真由美 OPEN<br/>2024/09/27 8:32 渡部 真由美 OPEN</span></span>
			</div>
		</div>
	</div>
</div>

        </body>
        </html>
2026-02-17 08:57:32 INFO [main.services.graph_client] Create OneNote page parts: count=2 parts=[{'part_name': 'p1', 'filename': '①.png', 'content_type': 'image/png', 'size': 414638}, {'part_name': 'p2', 'filename': '②.png', 'content_type': 'image/png', 'size': 421450}]
2026-02-17 08:57:32 DEBUG [main.services.graph_client] Graph request: POST https://graph.microsoft.com/v1.0/me/onenote/sections/1-44fb02cf-3b28-43ab-8129-5c7e65e3213f/pages headers={'Authorization': '***REDACTED***'} kwargs={'multipart_parts': [{'part': 'Presentation', 'filename': 'presentation.html', 'content_type': 'text/html', 'size': 82813}, {'part': 'p1', 'filename': '①.png', 'content_type': 'image/png', 'size': 414638}, {'part': 'p2', 'filename': '②.png', 'content_type': 'image/png', 'size': 421450}]}
2026-02-17 08:57:45 DEBUG [urllib3.connectionpool] https://graph.microsoft.com:443 "POST /v1.0/me/onenote/sections/1-44fb02cf-3b28-43ab-8129-5c7e65e3213f/pages HTTP/1.1" 201 None
2026-02-17 08:57:45 INFO [main.services.graph_client] Graph request success: POST https://graph.microsoft.com/v1.0/me/onenote/sections/1-44fb02cf-3b28-43ab-8129-5c7e65e3213f/pages status=201 elapsed=13874ms
2026-02-17 08:57:45 DEBUG [main.services.graph_client] Graph request: PATCH https://graph.microsoft.com/v1.0/me/onenote/pages/1-6d18cdc28b724c168a1c5d8a24cd44a2!24-44fb02cf-3b28-43ab-8129-5c7e65e3213f/content headers={'Authorization': '***REDACTED***'} kwargs={'multipart_parts': [{'part': 'p1', 'filename': '③.png', 'content_type': 'image/png', 'size': 399916}, {'part': 'Commands', 'filename': 'commands.json', 'content_type': 'application/json', 'size': 283}]}
2026-02-17 08:58:35 DEBUG [urllib3.connectionpool] https://graph.microsoft.com:443 "PATCH /v1.0/me/onenote/pages/1-6d18cdc28b724c168a1c5d8a24cd44a2!24-44fb02cf-3b28-43ab-8129-5c7e65e3213f/content HTTP/1.1" 400 None
2026-02-17 08:58:35 ERROR [main.services.graph_client] Graph request failed: PATCH https://graph.microsoft.com/v1.0/me/onenote/pages/1-6d18cdc28b724c168a1c5d8a24cd44a2!24-44fb02cf-3b28-43ab-8129-5c7e65e3213f/content status=400 elapsed=49421ms body={"error":{"code":"20141","message":"The PATCH target P for action replace is not supported.","innerError":{"date":"2026-02-16T23:58:35","request-id":"10e294e8-e57e-4fd3-8ff4-5c171f2ad5c1","client-request-id":"10e294e8-e57e-4fd3-8ff4-5c171f2ad5c1"}}}
2026-02-17 09:01:57 DEBUG [main.services.graph_client] Graph request: GET https://graph.microsoft.com/v1.0/me/onenote/notebooks?$filter=displayName eq 'OHNO_Notes_to_OneNote'&$select=id,displayName headers={'Authorization': '***REDACTED***'} kwargs={}
2026-02-17 09:01:57 DEBUG [urllib3.connectionpool] Starting new HTTPS connection (1): graph.microsoft.com:443
2026-02-17 09:02:05 DEBUG [urllib3.connectionpool] https://graph.microsoft.com:443 "GET /v1.0/me/onenote/notebooks?$filter=displayName%20eq%20'OHNO_Notes_to_OneNote'&$select=id,displayName HTTP/1.1" 200 None
2026-02-17 09:02:05 INFO [main.services.graph_client] Graph request success: GET https://graph.microsoft.com/v1.0/me/onenote/notebooks?$filter=displayName eq 'OHNO_Notes_to_OneNote'&$select=id,displayName status=200 elapsed=8705ms
2026-02-17 09:02:05 DEBUG [main.services.graph_client] Graph request: GET https://graph.microsoft.com/v1.0/me/onenote/notebooks/1-2c806da6-c7ba-4813-8ea0-7de5801ec332/sections?$filter=displayName eq 'CallDB2024'&$select=id,displayName headers={'Authorization': '***REDACTED***'} kwargs={}
2026-02-17 09:02:06 DEBUG [urllib3.connectionpool] https://graph.microsoft.com:443 "GET /v1.0/me/onenote/notebooks/1-2c806da6-c7ba-4813-8ea0-7de5801ec332/sections?$filter=displayName%20eq%20'CallDB2024'&$select=id,displayName HTTP/1.1" 200 None
2026-02-17 09:02:06 INFO [main.services.graph_client] Graph request success: GET https://graph.microsoft.com/v1.0/me/onenote/notebooks/1-2c806da6-c7ba-4813-8ea0-7de5801ec332/sections?$filter=displayName eq 'CallDB2024'&$select=id,displayName status=200 elapsed=893ms
2026-02-17 09:02:07 INFO [main.services.graph_client] Create OneNote page XHTML:
<!DOCTYPE html>
        <html>
        <head>
        <title>【ﾒｰﾙ対応】【Prisma】Global Protect接続不良についてのご相談【NHフーズ・チリ 柴田】</title>
        </head>
        <body>
        <!-- source_dxl: C:\Users\SLY\Documents\Python実験\Python - OneNote\Git\Notes_to_OneNote_python\scripts\target_form\FORM_Call2024.nsf_Call4.dxl -->

<style>
.notes-form{font-family:MS PGothic,Meiryo,'Segoe UI',Arial,sans-serif;font-size:11pt;line-height:1.45;color:#222;}
.notes-form table{border-collapse:collapse; width:800px; table-layout:fixed;}
.notes-form td,.notes-form th{border:1px solid #808080; padding:3px 6px; vertical-align:top;}
.notes-form th{background:#efefef;font-weight:normal;}
.notes-form .notes-par{margin:2px 0;font-weight:bold;}
.notes-form .notes-unit{font-weight:normal;}
.notes-form .notes-field{display:inline-block;min-width:6em;min-height:1.2em;border:1px solid #666;background:#fff;padding:1px 4px;border-radius:2px;}
.notes-form .notes-field[data-kind='computed'],
.notes-form .notes-field[data-kind='computedfordisplay'],
.notes-form .notes-field[data-kind='computedwhencomposed']{background:#f7f7f7;color:#555;}
.notes-form .notes-link{color:#0645ad;text-decoration:underline;}
.notes-form .notes-subform{border:1px dashed #aaa;padding:6px;margin:6px 0;background:#fafafa;}
.notes-form .notes-subform-title{font-weight:bold;margin-bottom:4px;}
.notes-form .notes-section{border:1px solid #a0a0a0;margin:6px 0;}
.notes-form .notes-section-title{background:#d9d9d9;padding:2px 6px;font-weight:bold;}
.notes-form .notes-section-body{padding:4px 6px;}
.notes-form .notes-textlist{display:block;margin-left:1em;}

</style>
<div class='notes-form' data-design='コール受付(改4) (Call4)'>
	<div class='notes-section' data-hidewhen='@IsNewDoc'>
		<div class='notes-section-body'>

			<table style='margin-top:1em; border-collapse:collapse; width:800px;'>
				<tr>
					<td style='background:#d9d9d9; padding:2px 6px; font-weight:bold;'>一次対応</td>
				</tr>
			</table>
			<br/>
			<div class='notes-par'>
				<span class='notes-field-wrap'>
					<span class='notes-field' data-field='Title' data-type='text' data-kind='computedwhencomposed' style='font-weight:bold;'>新規コール受付（問題番号：409276083108）</span>
				</span>
			</div>
			<table style='border-collapse:collapse; width:800px; table-layout:fixed;' width='800' border='1' cellspacing='0' cellpadding='0'>
				<tr>
					<td style='border:1px solid #808080; padding:3px 6px; vertical-align:top; background:#e9f3ff; font-weight:bold; width:120px;'>
						<div class='notes-par'><span style='font-weight:bold;'>ユーザー番号</span>
						</div>
					</td>
					<td style='border:1px solid #808080; padding:3px 6px; vertical-align:top;'>
						<div class='notes-par'>
							<span class='notes-field-wrap'>
								<span class='notes-field' data-field='outline' data-type='text' data-kind='editable'>0828</span>
							</span>
						</div>
					</td>
					<td style='border:1px solid #808080; padding:3px 6px; vertical-align:top; background:#e9f3ff; font-weight:bold; width:120px;'>
						<div class='notes-par'><span style='font-weight:bold;'>会社CD</span>
						</div>
					</td>
					<td style='border:1px solid #808080; padding:3px 6px; vertical-align:top;'>
						<div class='notes-par'><span class='notes-field-wrap'><span class='notes-field' data-field='customercompanycd' data-type='text' data-kind='editable'>0828</span></span>
						</div>
					</td>
				</tr>
			</table>
			<table style= border-collapse:collapse; width:800px; table-layout:fixed;' width='800' border='1' cellspacing='0' cellpadding='0'>
				<tr>
					<td style='border:1px solid #808080; padding:3px 6px; vertical-align:top; background:#e9f3ff; font-weight:bold; width:120px;'>
						<div class='notes-par'><span style='font-weight:bold;'>問合せ発生時間</span>
						</div>
					</td>
					<td style='border:1px solid #808080; padding:3px 6px; vertical-align:top;' colspan='3'>
						<div class='notes-par'>
							<span class='notes-field-wrap'>
								<span class='notes-field' data-field='SDATE_Y' data-type='number' data-kind='editable'>2024</span>
							</span>
							<span style='font-weight:bold;'> 年</span>
							<span class='notes-field-wrap'>
								<span class='notes-field' data-field='SDATE_M' data-type='number' data-kind='editable'>9</span>
							</span>
							<span style='font-weight:bold;'> 月</span>
							<span class='notes-field-wrap'>
								<span class='notes-field' data-field='SDATE_D' data-type='number' data-kind='editable'>27</span>
							</span>
							<span style='font-weight:bold;'> 日（</span>
							<span class='notes-field-wrap'>
								<span class='notes-field' data-field='STIME_H' data-type='text' data-kind='editable'>7</span>
							</span>
							<span style='font-weight:bold;'> 時</span>
							<span class='notes-field-wrap'>
								<span class='notes-field' data-field='STIME_M' data-type='text' data-kind='editable'>48</span>
							</span>
							<span style='font-weight:bold;'> 分）</span>
						</div>
					</td>
				</tr>
				<tr>
					<td style='border:1px solid #808080; padding:3px 6px; vertical-align:top; background:#e9f3ff; font-weight:bold; width:120px;'>
						<div class='notes-par'><span style='font-weight:bold;'>対応開始時間</span>
						</div>
					</td>
					<td style='border:1px solid #808080; padding:3px 6px; vertical-align:top;' colspan='3'>
						<div class='notes-par'>
							<span class='notes-field-wrap'>
								<span class='notes-field' data-field='TDATE_Y' data-type='number' data-kind='editable'>2024</span>
							</span>
							<span style='font-weight:bold;'> 年</span>
							<span class='notes-field-wrap'>
								<span class='notes-field' data-field='TDATE_M' data-type='number' data-kind='editable'>9</span>
							</span>
							<span style='font-weight:bold;'> 月</span>
							<span class='notes-field-wrap'>
								<span class='notes-field' data-field='TDATE_D' data-type='number' data-kind='editable'>27</span>
							</span>
							<span style='font-weight:bold;'> 日（</span><span class='notes-field-wrap'>
								<span class='notes-field' data-field='TTIME_H' data-type='text' data-kind='editable'>8</span>
							</span>
							<span style='font-weight:bold;'> 時</span>
							<span class='notes-field-wrap'>
								<span class='notes-field' data-field='TTIME_M' data-type='text' data-kind='editable'>31</span>
							</span>
							<span style='font-weight:bold;'> 分）</span>
						</div>
					</td>
				</tr>
			</table>

			<table style='border-collapse:collapse; width:800px; table-layout:fixed;' width='800' border='1' cellspacing='0' cellpadding='0'>
				<tr>
					<td style='border:1px solid #808080; padding:3px 6px; vertical-align:top; background:#e9f3ff; font-weight:bold; width:120px;'>
						<div class='notes-par'><span style='font-weight:bold;'>事業所名</span>
						</div>
					</td>
					<td style='border:1px solid #808080; padding:3px 6px; vertical-align:top;'>
						<div class='notes-par'><span class='notes-field-wrap'><span class='notes-field' data-field='customername' data-type='text' data-kind='editable' data-allowmultivalues='true'>ＮＨフーズ・チリ</span></span>
						</div>
					</td>
					<td style='border:1px solid #808080; padding:3px 6px; vertical-align:top; background:#e9f3ff; font-weight:bold; width:120px;'>
						<div class='notes-par'><span style='font-weight:bold;'>事業所名（カナ）</span>
						</div>
					</td>
					<td style='border:1px solid #808080; padding:3px 6px; vertical-align:top;'>
						<div class='notes-par'><span class='notes-field-wrap'><span class='notes-field' data-field='kana' data-type='text' data-kind='editable'>NHﾌ-ｽﾞ･ﾁﾘ</span></span>
						</div>
					</td>
				</tr>
				<tr>
					<td style='border:1px solid #808080; padding:3px 6px; vertical-align:top; background:#e9f3ff; font-weight:bold; width:120px;'>
						<div class='notes-par'><span style='font-weight:bold;'>所属</span>
						</div>
					</td>
					<td style='border:1px solid #808080; padding:3px 6px; vertical-align:top;'>
						<div class='notes-par'><span class='notes-field-wrap'><span class='notes-field' data-field='SEC1' data-type='text' data-kind='editable'></span></span>
						</div>
					</td>
					<td style='border:1px solid #808080; padding:3px 6px; vertical-align:top;'>
						<div class='notes-par'><span class='notes-field-wrap'><span class='notes-field' data-field='SEC2' data-type='text' data-kind='editable'>海外事業本部</span></span>
						</div>
					</td>
					<td style='border:1px solid #808080; padding:3px 6px; vertical-align:top;'>
						<div class='notes-par'><span class='notes-field-wrap'><span class='notes-field' data-field='SEC3' data-type='text' data-kind='editable'>ＮＨフーズ・チリ</span></span>
						</div>
					</td>
				</tr>
				<tr>
					<td style='border:1px solid #808080; padding:3px 6px; vertical-align:top; background:#e9f3ff; font-weight:bold; width:120px;'>
						<div class='notes-par'><span style='font-weight:bold;'>住所</span>
						</div>
					</td>
					<td style='border:1px solid #808080; padding:3px 6px; vertical-align:top;'>
						<div class='notes-par'><span class='notes-field-wrap'><span class='notes-field' data-field='ADDRESS1' data-type='text' data-kind='editable'>－－</span></span>
						</div>
					</td>
					<td style='border:1px solid #808080; padding:3px 6px; vertical-align:top;'>
						<div class='notes-par'><span class='notes-field-wrap'><span class='notes-field' data-field='ADDRESS2' data-type='text' data-kind='editable'>－－－－－－</span></span>
						</div>
					</td>
					<td style='border:1px solid #808080; padding:3px 6px; vertical-align:top;'>
						<div class='notes-par'><span class='notes-field-wrap'><span class='notes-field' data-field='ADDRESS3' data-type='text' data-kind='editable'>－－－－－－ＡＶ．ＡＮＤＥＲＳＢＥＬＬＯ２６８７，ＯＦＩＣＩ</span></span>
						</div>
					</td>
				</tr>
				<tr>
					<td style='border:1px solid #808080; padding:3px 6px; vertical-align:top; background:#e9f3ff; font-weight:bold; width:120px;'>
						<div class='notes-par'><span style='font-weight:bold;'>電話</span>
						</div>
					</td>
					<td style='border:1px solid #808080; padding:3px 6px; vertical-align:top;'>
						<div class='notes-par'><span class='notes-field-wrap'><span class='notes-field' data-field='tel' data-type='text' data-kind='editable'>56-2-2438-68</span></span>
						</div>
					</td>
					<td style='border:1px solid #808080; padding:3px 6px; vertical-align:top; background:#e9f3ff; font-weight:bold; width:120px;'>
						<div class='notes-par'><span style='font-weight:bold;'>部門名</span>
						</div>
					</td>
					<td style='border:1px solid #808080; padding:3px 6px; vertical-align:top;'>
						<div class='notes-par'><span class='notes-field-wrap'><span class='notes-field' data-field='BUMON' data-type='text' data-kind='editable'>直轄</span></span>
						</div>
					</td>
				</tr>
				<tr>
					<td style='border:1px solid #808080; padding:3px 6px; vertical-align:top; background:#e9f3ff; font-weight:bold; width:120px;'>
						<div class='notes-par'><span style='font-weight:bold;'>ＦＡＸ</span>
						</div>
					</td>
					<td style='border:1px solid #808080; padding:3px 6px; vertical-align:top;'>
						<div class='notes-par'><span class='notes-field-wrap'><span class='notes-field' data-field='fax' data-type='text' data-kind='editable'></span></span>
						</div>
					</td>
					<td style='border:1px solid #808080; padding:3px 6px; vertical-align:top; background:#e9f3ff; font-weight:bold; width:120px;'>
						<div class='notes-par'><span style='font-weight:bold;'>会社区分</span>
						</div>
					</td>
					<td style='border:1px solid #808080; padding:3px 6px; vertical-align:top;'>
						<div class='notes-par'><span class='notes-field-wrap'><span class='notes-field' data-field='KAISHA' data-type='text' data-kind='editable'>商事会社（ＪＦ，イースタン）</span></span>
						</div>
					</td>
				</tr>
			</table><br/>
			<table style='margin-top:1em; border-collapse:collapse; width:800px; table-layout:fixed;' width='800' border='1' cellspacing='0' cellpadding='0' data-hidewhen='@Contains(@UserRoles;&quot;[JSOX]&quot;)'>
				<tr>
					<td style='border:1px solid #808080; padding:3px 6px; vertical-align:top; background:#e9f3ff; font-weight:bold; width:120px;'>
						<div class='notes-par'><span style='font-weight:bold;'>問合せ者氏名（漢字）</span>
						</div>
					</td>
					<td style='border:1px solid #808080; padding:3px 6px; vertical-align:top;'>
						<div class='notes-par'><span class='notes-field-wrap'><span class='notes-field' data-field='customername_1' data-type='text' data-kind='editable' data-allowmultivalues='true'>柴田.峻介</span></span>
						</div>
					</td>
					<td style='border:1px solid #808080; padding:3px 6px; vertical-align:top; background:#e9f3ff; font-weight:bold; width:120px;'>
						<div class='notes-par'><span style='font-weight:bold;'>問合せ者氏名（カナ）</span>
						</div>
					</td>
					<td style='border:1px solid #808080; padding:3px 6px; vertical-align:top;'>
						<div class='notes-par'><span class='notes-field-wrap'><span class='notes-field' data-field='customername_2' data-type='text' data-kind='editable' data-allowmultivalues='true'>ｼﾊﾞﾀ ｼｭﾝｽｹ</span></span>
						</div>
					</td>
				</tr>
				<tr data-hidewhen='@Contains(@UserRoles;&quot;[JSOX]&quot;)'>
					<td style='border:1px solid #808080; padding:3px 6px; vertical-align:top; background:#e9f3ff; font-weight:bold; width:120px;'>
						<div class='notes-par'><span style='font-weight:bold;'>問合せ者ユーザーID</span>
						</div>
					</td>
					<td style='border:1px solid #808080; padding:3px 6px; vertical-align:top;' data-hidewhen='@Contains(@UserRoles;&quot;[JSOX]&quot;)'>
						<div class='notes-par'><span class='notes-field-wrap'><span class='notes-field' data-field='customerID' data-type='text' data-kind='editable'>US0000443</span></span>
						</div>
					</td>
					<td style='border:1px solid #808080; padding:3px 6px; vertical-align:top; background:#e9f3ff; font-weight:bold; width:120px;'>
						<div class='notes-par'><span style='font-weight:bold;'>連絡先（携帯電話/内線番号）</span>
						</div>
					</td>
					<td style='border:1px solid #808080; padding:3px 6px; vertical-align:top;'>
						<div class='notes-par'><span class='notes-field-wrap'><span class='notes-field' data-field='customerkeitai' data-type='text' data-kind='editable' data-allowmultivalues='true'>+56-9-4075-1595</span></span>
						</div>
					</td>
				</tr>
			</table><br/>
			<div class='notes-par'><span style='font-weight:bold;'>一次　問い合わせ内容</span>
			</div>
			<table style='margin-top:1em; border-collapse:collapse; width:800px; table-layout:fixed;' width='800' border='1' cellspacing='0' cellpadding='0' data-hidewhen='!(@Contains(@UserRoles;&quot;[HELP]&quot;) | @Contains(@UserRoles;&quot;[二次]&quot;) | @Contains(@UserRoles;&quot;[関連]&quot;) | @Contains(@UserRoles;&quot;[携帯他]&quot;))'>
				<tr>
					<td style='border:1px solid #808080; padding:3px 6px; vertical-align:top; background:#e9f3ff; font-weight:bold; width:120px;'>
						<div class='notes-par'><span style='font-weight:bold;'>質問概要</span>
						</div>
					</td>
					<td style='border:1px solid #808080; padding:3px 6px; vertical-align:top;'>
						<div class='notes-par'><span class='notes-field-wrap'><span class='notes-field' data-field='outline' data-type='text' data-kind='editable'>【ﾒｰﾙ対応】【Prisma】Global Protect接続不良についてのご相談【NHフーズ・チリ 柴田】</span></span>
						</div>
					</td>
				</tr>
				<tr>
					<td style='border:1px solid #808080; padding:3px 6px; vertical-align:top; background:#e9f3ff; font-weight:bold; width:120px;'>
						<div class='notes-par'><span style='font-weight:bold;'>問合せ内容</span>
						</div>
						<div class='notes-par'><span style='font-weight:bold;'>（詳細）</span>
						</div>
					</td>
					<td style='border:1px solid #808080; padding:3px 6px; vertical-align:top;'>
						<div class='notes-par'><span class='notes-field-wrap'><span class='notes-field' data-field='inquiry' data-type='text' data-kind='editable'></span></span>
						</div>
					</td>
				</tr>
				<tr data-hidewhen='!(@Contains(@UserRoles;&quot;[HELP]&quot;) | @Contains(@UserRoles;&quot;[二次]&quot;) | @Contains(@UserRoles;&quot;[関連]&quot;) | @Contains(@UserRoles;&quot;[携帯他]&quot;))'>
					<td style='border:1px solid #808080; padding:3px 6px; vertical-align:top; background:#e9f3ff; font-weight:bold; width:120px;'>
						<div class='notes-par'><span style='font-weight:bold;'>対応内容</span>
						</div>
						<div class='notes-par'><span style='font-weight:bold;'>最終回答</span>
						</div>
					</td>
					<td style='border:1px solid #808080; padding:3px 6px; vertical-align:top;' data-hidewhen='!(@Contains(@UserRoles;&quot;[HELP]&quot;) | @Contains(@UserRoles;&quot;[二次]&quot;) | @Contains(@UserRoles;&quot;[関連]&quot;) | @Contains(@UserRoles;&quot;[携帯他]&quot;))'>
						<div class='notes-par'><span class='notes-field-wrap'><span class='notes-field' data-field='answer' data-type='text' data-kind='editable'></span></span>
						</div>
						<div class='notes-par'><span style='font-weight:bold;'>処理件数：</span><span class='notes-field-wrap'><span class='notes-field' data-field='Processing_number' data-type='text' data-kind='editable'></span></span>
						</div>
						<div class='notes-par'><span style='font-weight:bold;'>ﾊﾟｽﾜｰﾄﾞ</span><span style='font-weight:bold;'>ﾉｰﾂ：</span><span class='notes-field-wrap'><span class='notes-field' data-field='pass' data-type='text' data-kind='editable'></span></span><span style='font-weight:bold;'>AD：</span><span class='notes-field-wrap'><span class='notes-field' data-field='pass_1' data-type='text' data-kind='editable'></span></span><span style='font-weight:bold;'>その他：</span><span class='notes-field-wrap'><span class='notes-field' data-field='pass_2' data-type='text' data-kind='editable'></span></span>
						</div>
					</td>
				</tr>
				<tr>
					<td style='border:1px solid #808080; padding:3px 6px; vertical-align:top; background:#e9f3ff; font-weight:bold; width:120px;'>
						<div class='notes-par'><span style='font-weight:bold;'>対応時間</span>
						</div>
						<div class='notes-par'><span style='font-weight:bold;'>調査時間</span>
						</div>
					</td>
					<td style='border:1px solid #808080; padding:3px 6px; vertical-align:top;'>
						<div class='notes-par'><span class='notes-field-wrap'><span class='notes-field' data-field='JIKAN' data-type='number' data-kind='editable'>60</span></span><span style='font-weight:bold;'>分　【ログ送信日時</span><span style='font-weight:bold;'>】：</span><span class='notes-field-wrap'><span class='notes-field' data-field='JDATE_Y' data-type='text' data-kind='editable'></span></span><span style='font-weight:bold;'>年</span><span class='notes-field-wrap'><span class='notes-field' data-field='JDATE_M' data-type='text' data-kind='editable'></span></span><span style='font-weight:bold;'> 月</span><span class='notes-field-wrap'><span class='notes-field' data-field='JDATE_D' data-type='text' data-kind='editable'></span></span><span style='font-weight:bold;'>日（</span><span class='notes-field-wrap'><span class='notes-field' data-field='JTIME_H' data-type='text' data-kind='editable'></span></span><span style='font-weight:bold;'>時</span><span class='notes-field-wrap'><span class='notes-field' data-field='JTIME_M' data-type='text' data-kind='editable'></span></span><span style='font-weight:bold;'>分）</span>
						</div>
						<div class='notes-par'><span class='notes-field-wrap'><span class='notes-field' data-field='JIKAN2' data-type='number' data-kind='editable'>40</span></span><span style='font-weight:bold;'>分</span>
						</div>
						<div class='notes-par'><span style='font-weight:bold;'>追加対応者</span><span style='font-weight:bold;'>対応時間：</span><span class='notes-field-wrap'><span class='notes-field' data-field='JIKAN_3' data-type='number' data-kind='editable'></span></span><span style='font-weight:bold;'>分</span><span style='font-weight:bold;'>調査時間：</span><span class='notes-field-wrap'><span class='notes-field' data-field='JIKAN_4' data-type='number' data-kind='editable'></span></span><span style='font-weight:bold;'>分　　ログチェック：</span><span class='notes-field-wrap'><span class='notes-field' data-field='JIKAN_5' data-type='number' data-kind='editable'>1</span></span><span style='font-weight:bold;'> 分</span>
						</div>
					</td>
				</tr>
				<tr>
					<td style='border:1px solid #808080; padding:3px 6px; vertical-align:top; background:#e9f3ff; font-weight:bold; width:120px;'>
						<div class='notes-par'><span style='font-weight:bold;'>対応完了日時</span>
						</div>
					</td>
					<td style='border:1px solid #808080; padding:3px 6px; vertical-align:top;'>
						<div class='notes-par'><span class='notes-field-wrap'><span class='notes-field' data-field='EDATE_Y' data-type='number' data-kind='editable'>2024</span></span><span style='font-weight:bold;'> 年</span><span class='notes-field-wrap'><span class='notes-field' data-field='EDATE_M' data-type='number' data-kind='editable'>9</span></span><span style='font-weight:bold;'> 月</span><span class='notes-field-wrap'><span class='notes-field' data-field='EDATE_D' data-type='number' data-kind='editable'>27</span></span><span style='font-weight:bold;'> 日（</span><span class='notes-field-wrap'><span class='notes-field' data-field='ETIME_H' data-type='text' data-kind='editable'>11</span></span><span style='font-weight:bold;'> 時</span><span class='notes-field-wrap'><span class='notes-field' data-field='ETIME_M' data-type='text' data-kind='editable'>17</span></span><span style='font-weight:bold;'> 分）</span>
						</div>
					</td>
				</tr>
			</table><br/>
			<div class='notes-par'><span style='font-weight:bold;'>＜対象者情報＞</span>
			</div>
			<table style='margin-top:1em; border-collapse:collapse; width:800px; table-layout:fixed;' width='800' border='1' cellspacing='0' cellpadding='0' data-hidewhen='@Contains(@UserRoles;&quot;[JSOX]&quot;)'>
				<tr data-hidewhen='@Contains(@UserRoles;&quot;[JSOX]&quot;)'>
					<td style='border:1px solid #808080; padding:3px 6px; vertical-align:top; background:#e9f3ff; font-weight:bold; width:120px;' data-hidewhen='@Contains(@UserRoles;&quot;[JSOX]&quot;)'>
						<div class='notes-par'><span style='font-weight:bold;'>対象者氏名</span>
						</div>
					</td>
					<td style='border:1px solid #808080; padding:3px 6px; vertical-align:top;' data-hidewhen='@Contains(@UserRoles;&quot;[JSOX]&quot;)'>
						<div class='notes-par'><span class='notes-field-wrap'><span class='notes-field' data-field='name' data-type='text' data-kind='editable'></span></span>
						</div>
					</td>
					<td style='border:1px solid #808080; padding:3px 6px; vertical-align:top; background:#e9f3ff; font-weight:bold; width:120px;' data-hidewhen='@Contains(@UserRoles;&quot;[JSOX]&quot;)'>
						<div class='notes-par'><span style='font-weight:bold;'>ADユーザーID</span>
						</div>
					</td>
					<td style='border:1px solid #808080; padding:3px 6px; vertical-align:top;' data-hidewhen='@Contains(@UserRoles;&quot;[JSOX]&quot;)'>
						<div class='notes-par'><span class='notes-field-wrap'><span class='notes-field' data-field='ADID' data-type='text' data-kind='editable'></span></span>
						</div>
					</td>
				</tr>
				<tr>
					<td style='border:1px solid #808080; padding:3px 6px; vertical-align:top; background:#e9f3ff; font-weight:bold; width:120px;'>
						<div class='notes-par'><span style='font-weight:bold;'>コンピューター名</span>
						</div>
					</td>
					<td style='border:1px solid #808080; padding:3px 6px; vertical-align:top;'>
						<div class='notes-par'><span class='notes-field-wrap'><span class='notes-field' data-field='pc_name' data-type='text' data-kind='editable'></span></span>
						</div>
					</td>
					<td style='border:1px solid #808080; padding:3px 6px; vertical-align:top; background:#e9f3ff; font-weight:bold; width:120px;'>
						<div class='notes-par'><span style='font-weight:bold;'>メールアドレス</span>
						</div>
					</td>
					<td style='border:1px solid #808080; padding:3px 6px; vertical-align:top;'>
						<div class='notes-par'><span class='notes-field-wrap'><span class='notes-field' data-field='MailAddress' data-type='text' data-kind='editable'></span></span>
						</div>
					</td>
				</tr>
			</table><br/>
			<div class='notes-par'><span style='font-weight:bold;'>＜Office365情報＞</span>
			</div>
			<table style='margin-top:1em; border-collapse:collapse; width:800px; table-layout:fixed;' width='800' border='1' cellspacing='0' cellpadding='0' data-hidewhen='@Contains(@UserRoles;&quot;[JSOX]&quot;)'>
				<tr>
					<td style='border:1px solid #808080; padding:3px 6px; vertical-align:top; background:#e9f3ff; font-weight:bold; width:120px;'>
						<div class='notes-par'><span style='font-weight:bold;'>Offife365ライセンス</span>
						</div>
					</td>
					<td style='border:1px solid #808080; padding:3px 6px; vertical-align:top;'>
						<div class='notes-par'><span class='notes-field-wrap'><span class='notes-field' data-field='O365License' data-type='keyword' data-kind='editable'></span></span>
						</div>
					</td>
					<td style='border:1px solid #808080; padding:3px 6px; vertical-align:top; background:#e9f3ff; font-weight:bold; width:120px;'>
						<div class='notes-par'><span style='font-weight:bold;'>Outlook使用アプリ</span>
						</div>
					</td>
					<td style='border:1px solid #808080; padding:3px 6px; vertical-align:top;'>
						<div class='notes-par'><span class='notes-field-wrap'><span class='notes-field' data-field='OutlookApri' data-type='keyword' data-kind='editable'></span></span>
						</div>
					</td>
				</tr>
				<tr>
					<td style='border:1px solid #808080; padding:3px 6px; vertical-align:top; background:#e9f3ff; font-weight:bold; width:120px;'>
						<div class='notes-par'><span style='font-weight:bold;'>利用環境_端末</span>
						</div>
					</td>
					<td style='border:1px solid #808080; padding:3px 6px; vertical-align:top;'>
						<div class='notes-par'><span class='notes-field-wrap'><span class='notes-field' data-field='plathome' data-type='keyword' data-kind='editable'></span></span>
						</div>
					</td>
					<td style='border:1px solid #808080; padding:3px 6px; vertical-align:top; background:#e9f3ff; font-weight:bold; width:120px;'>
						<div class='notes-par'><span style='font-weight:bold;'>スマートデバイス回線番号</span>
						</div>
					</td>
					<td style='border:1px solid #808080; padding:3px 6px; vertical-align:top;'>
						<div class='notes-par'><span class='notes-field-wrap'><span class='notes-field' data-field='mobile_tel_no' data-type='text' data-kind='editable'></span></span>
						</div>
					</td>
				</tr>
			</table>

			<table style='border-collapse:collapse; width:800px; table-layout:fixed;' width='800' border='1' cellspacing='0' cellpadding='0' data-hidewhen='@Contains(@UserRoles;&quot;[JSOX]&quot;)'>
				<tr data-hidewhen='@Contains(@UserRoles;&quot;[JSOX]&quot;)'>
					<td style='border:1px solid #808080; padding:3px 6px; vertical-align:top; background:#e9f3ff; font-weight:bold; width:120px;' data-hidewhen='@Contains(@UserRoles;&quot;[JSOX]&quot;)'>
						<div class='notes-par'><span style='font-weight:bold;'>利用環境_種類</span>
						</div>
					</td>
					<td style='border:1px solid #808080; padding:3px 6px; vertical-align:top;' colspan='3' data-hidewhen='@Contains(@UserRoles;&quot;[JSOX]&quot;)'>
						<div class='notes-par'><span class='notes-field-wrap'><span class='notes-field' data-field='O365SYURUI' data-type='keyword' data-kind='editable' data-allowmultivalues='true'></span></span><span style='font-weight:bold;'>　(：</span><span class='notes-field-wrap'><span class='notes-field' data-field='BROWSER' data-type='keyword' data-kind='editable' data-allowmultivalues='true'></span></span><span style='font-weight:bold;'>)</span>
						</div>
					</td>
				</tr>
				<tr data-hidewhen='@Contains(@UserRoles;&quot;[JSOX]&quot;)'>
					<td style='border:1px solid #808080; padding:3px 6px; vertical-align:top; background:#e9f3ff; font-weight:bold; width:120px;'>
						<div class='notes-par'><span style='font-weight:bold;'>実施作業</span>
						</div>
					</td>
					<td style='border:1px solid #808080; padding:3px 6px; vertical-align:top;' colspan='3' data-hidewhen='@Contains(@UserRoles;&quot;[JSOX]&quot;)'>
						<div class='notes-par'><span class='notes-field-wrap'><span class='notes-field' data-field='SAGYO' data-type='keyword' data-kind='editable' data-allowmultivalues='true'></span></span>
						</div>
					</td>
				</tr>
			</table><br/>
			<table style='margin-top:1em; border-collapse:collapse; width:800px; table-layout:fixed;' width='800' border='1' cellspacing='0' cellpadding='0' data-hidewhen='@Contains(@UserRoles;&quot;[JSOX]&quot;)'>
				<tr>
					<td style='border:1px solid #808080; padding:3px 6px; vertical-align:top; background:#e9f3ff; font-weight:bold; width:120px;'>
						<div class='notes-par'><span style='font-weight:bold;'>問合せ種別</span>
						</div>
					</td>
					<td style='border:1px solid #808080; padding:3px 6px; vertical-align:top;'>
						<div class='notes-par'><span class='notes-field-wrap'><span class='notes-field' data-field='category1' data-type='keyword' data-kind='editable'>トラブル</span></span>
						</div>
					</td>
					<td style='border:1px solid #808080; padding:3px 6px; vertical-align:top; background:#e9f3ff; font-weight:bold; width:120px;'>
						<div class='notes-par'><span style='font-weight:bold;'>問合せチャネル</span>
						</div>
					</td>
					<td style='border:1px solid #808080; padding:3px 6px; vertical-align:top;'>
						<div class='notes-par'><span class='notes-field-wrap'><span class='notes-field' data-field='category5' data-type='keyword' data-kind='editable'>メール</span></span>
						</div>
					</td>
				</tr>
			</table>
			<table style='border-collapse:collapse; width:800px; table-layout:fixed;' width='800' border='1' cellspacing='0' cellpadding='0'>
				<tr>
					<td style='border:1px solid #808080; padding:3px 6px; vertical-align:top; background:#e9f3ff; font-weight:bold; width:120px;'>
						<div class='notes-par'><span style='font-weight:bold;'>問合せ内容</span>
						</div>
					</td>
					<td style='border:1px solid #808080; padding:3px 6px; vertical-align:top;'>
						<div class='notes-par'>
							<span class='notes-field-wrap'>
								<span class='notes-field' data-field='category3' data-type='text' data-kind='editable'>06.ネットワーク関連</span>
							</span>
						</div>
						<div class='notes-par'><span class='notes-field-wrap'><span class='notes-field' data-field='category4' data-type='text' data-kind='editable'>06.Prismaﾘﾓｰﾄｱｸｾｽ</span></span>
						</div>
						<div class='notes-par'><span class='notes-field-wrap'><span class='notes-field' data-field='category6' data-type='text' data-kind='editable'></span></span>
						</div>
					</td>
				</tr>
				<tr data-hidewhen='@Contains(@UserRoles;&quot;[JSOX]&quot;)'>
					<td style='border:1px solid #808080; padding:3px 6px; vertical-align:top; background:#e9f3ff; font-weight:bold; width:120px;' data-hidewhen='@Contains(@UserRoles;&quot;[JSOX]&quot;)'>
						<div class='notes-par'><span style='font-weight:bold;'>サポートデスクＤＢ</span>
						</div>
					</td>
					<td style='border:1px solid #808080; padding:3px 6px; vertical-align:top;' colspan='3' data-hidewhen='@Contains(@UserRoles;&quot;[JSOX]&quot;)'>
						<div class='notes-par'><span style='font-weight:bold;'>カテゴリ１：</span><span class='notes-field-wrap'><span class='notes-field' data-field='S_Category1' data-type='text' data-kind='editable'></span></span>
						</div>
						<div class='notes-par'><span style='font-weight:bold;'>カテゴリ２：</span><span class='notes-field-wrap'><span class='notes-field' data-field='S_Category2' data-type='text' data-kind='editable'></span></span>
						</div>
						<div class='notes-par'><span style='font-weight:bold;'>カテゴリ３：</span><span class='notes-field-wrap'><span class='notes-field' data-field='S_Category3' data-type='text' data-kind='editable'></span></span>
						</div>
						<div class='notes-par'><span style='font-weight:bold;'>件名：</span><span class='notes-field-wrap'><span class='notes-field' data-field='S_Outline' data-type='text' data-kind='editable'></span></span>
						</div>
					</td>
				</tr>
				<tr>
					<td style='border:1px solid #808080; padding:3px 6px; vertical-align:top; background:#e9f3ff; font-weight:bold; width:120px;'>
						<div class='notes-par'><span style='font-weight:bold;'>ヘルプマニュアル</span>
						</div>
					</td>
					<td style='border:1px solid #808080; padding:3px 6px; vertical-align:top;' colspan='3'>
						<div class='notes-par'><span style='font-weight:bold;'>カテゴリ１：</span><span class='notes-field-wrap'><span class='notes-field' data-field='H_Category1' data-type='text' data-kind='editable'></span></span>
						</div>
						<div class='notes-par'><span style='font-weight:bold;'>カテゴリ２：</span><span class='notes-field-wrap'><span class='notes-field' data-field='H_Category2' data-type='text' data-kind='editable'></span></span>
						</div>
						<div class='notes-par'><span style='font-weight:bold;'>件名：</span><span class='notes-field-wrap'><span class='notes-field' data-field='H_Outline' data-type='text' data-kind='editable'></span></span>
						</div>
					</td>
				</tr>
				<tr data-hidewhen='@Contains(@UserRoles;&quot;[JSOX]&quot;)'>
					<td style='border:1px solid #808080; padding:3px 6px; vertical-align:top; background:#e9f3ff; font-weight:bold; width:120px;' data-hidewhen='@Contains(@UserRoles;&quot;[JSOX]&quot;)'>
						<div class='notes-par'><span style='font-weight:bold;'>関連部門の</span>
						</div>
						<div class='notes-par'><span style='font-weight:bold;'>ｴｽｶﾚｰｼｮﾝ先</span>
						</div>
					</td>
					<td style='border:1px solid #808080; padding:3px 6px; vertical-align:top;' colspan='3' data-hidewhen='@Contains(@UserRoles;&quot;[JSOX]&quot;)'>
						<div class='notes-par'><span class='notes-field-wrap'><span class='notes-field' data-field='Escalation_1' data-type='text' data-kind='editable'></span></span><span style='font-weight:bold;'>※システム名</span>
						</div>
						<div class='notes-par'><span class='notes-field-wrap'><span class='notes-field' data-field='SSendTo_1' data-type='text' data-kind='editable'></span></span><span style='font-weight:bold;'>※送信先の宛先</span>
						</div>
						<div class='notes-par'><span class='notes-field-wrap'><span class='notes-field' data-field='SCC_1' data-type='text' data-kind='editable'></span></span><span style='font-weight:bold;'>※送信先のCC</span>
						</div>
					</td>
				</tr>
				<tr data-hidewhen='@Contains(@UserRoles;&quot;[JSOX]&quot;)'>
					<td style='border:1px solid #808080; padding:3px 6px; vertical-align:top; background:#e9f3ff; font-weight:bold; width:120px;' data-hidewhen='@Contains(@UserRoles;&quot;[JSOX]&quot;)'>
						<div class='notes-par'><span style='font-weight:bold;'>対応依頼先</span>
						</div>
					</td>
					<td style='border:1px solid #808080; padding:3px 6px; vertical-align:top;' colspan='3'>
						<div class='notes-par'><span class='notes-field-wrap'><span class='notes-field' data-field='Escalation_0_1' data-type='text' data-kind='editable'></span></span>
						</div>
					</td>
				</tr>
			</table><br/>
			<table style='margin-top:1em; border-collapse:collapse; width:800px; table-layout:fixed;' width='800' border='1' cellspacing='0' cellpadding='0' data-hidewhen='@Contains(@UserRoles;&quot;[JSOX]&quot;)'>
				<tr data-hidewhen='@Contains(@UserRoles;&quot;[JSOX]&quot;)'>
					<td style='border:1px solid #808080; padding:3px 6px; vertical-align:top; background:#f2f2f2; font-weight:bold; width:120px;' data-hidewhen='@Contains(@UserRoles;&quot;[JSOX]&quot;)'>
						<div class='notes-par'><span style='font-weight:bold;'>Hardware</span>
						</div>
					</td>
				</tr>
				<tr data-hidewhen='@Contains(@UserRoles;&quot;[JSOX]&quot;)'>
					<td style='border:1px solid #808080; padding:3px 6px; vertical-align:top; background:#e9f3ff; font-weight:bold; width:120px;' data-hidewhen='@Contains(@UserRoles;&quot;[JSOX]&quot;)'>
						<div class='notes-par'><span style='font-weight:bold;'>メーカー</span>
						</div>
					</td>
					<td style='border:1px solid #808080; padding:3px 6px; vertical-align:top;'>
						<div class='notes-par'><span class='notes-field-wrap'><span class='notes-field' data-field='HW' data-type='text' data-kind='editable'></span></span>
						</div>
					</td>
				</tr>
				<tr>
					<td style='border:1px solid #808080; padding:3px 6px; vertical-align:top; background:#e9f3ff; font-weight:bold; width:120px;'>
						<div class='notes-par'><span style='font-weight:bold;'>製品名</span>
						</div>
					</td>
					<td style='border:1px solid #808080; padding:3px 6px; vertical-align:top;'>
						<div class='notes-par'><span class='notes-field-wrap'><span class='notes-field' data-field='SEIHIN' data-type='text' data-kind='editable'></span></span>
						</div>
					</td>
				</tr>
				<tr>
					<td style='border:1px solid #808080; padding:3px 6px; vertical-align:top; background:#e9f3ff; font-weight:bold; width:120px;'>
						<div class='notes-par'><span style='font-weight:bold;'>製造番号</span>
						</div>
					</td>
					<td style='border:1px solid #808080; padding:3px 6px; vertical-align:top;'>
						<div class='notes-par'><span class='notes-field-wrap'><span class='notes-field' data-field='PCSN' data-type='text' data-kind='editable'></span></span>
						</div>
					</td>
				</tr>
			</table><br/>
			<div class='notes-par'><span class='notes-field-wrap'><span class='notes-field' data-field='TRWORK' data-type='text' data-kind='computed'>0</span></span>
			</div>
			<table style='margin-top:1em; border-collapse:collapse; width:800px; table-layout:fixed;' width='800' border='1' cellspacing='0' cellpadding='0' data-hidewhen='@Contains(@UserRoles;&quot;[JSOX]&quot;)'>
				<tr data-hidewhen='@Contains(@UserRoles;&quot;[JSOX]&quot;)'>
					<td style='border:1px solid #808080; padding:3px 6px; vertical-align:top; background:#e9f3ff; font-weight:bold; width:120px;' data-hidewhen='@Contains(@UserRoles;&quot;[JSOX]&quot;)'>
						<div class='notes-par'><span style='font-weight:bold;'>再ｲﾝｽﾄｰﾙ</span>
						</div>
					</td>
					<td style='border:1px solid #808080; padding:3px 6px; vertical-align:top;' data-hidewhen='@Contains(@UserRoles;&quot;[JSOX]&quot;)'>
						<div class='notes-par'>
							<span style='font-weight:bold;'>送付到着確認日：</span>
							<span class='notes-field-wrap'>
								<span class='notes-field' data-field='PCYY' data-type='number' data-kind='editable'></span>
							</span>
							<span style='font-weight:bold;'>年</span>
							<span class='notes-field-wrap'>
								<span class='notes-field' data-field='PCMY' data-type='number' data-kind='editable'></span>
							</span>
							<span style='font-weight:bold;'>月</span>
							<span class='notes-field-wrap'>
								<span class='notes-field' data-field='PCDY' data-type='number' data-kind='editable'></span>
							</span>
							<span style='font-weight:bold;'>日</span>
						</div>
						<div class='notes-par'>
							<span style='font-weight:bold;'>作業者：</span>
							<span class='notes-field' data-field='saitan' data-type='text' data-kind='editable'></span>
						</div>
					</td>
				</tr>
				<tr>
					<td style='border:1px solid #808080; padding:3px 6px; vertical-align:top; background:#e9f3ff; font-weight:bold; width:120px;'>
						<div class='notes-par'><span style='font-weight:bold;'>完了ﾀｲﾌﾟ</span>
						</div>
					</td>
					<td style='border:1px solid #808080; padding:3px 6px; vertical-align:top;'>
						<div class='notes-par'><span class='notes-field-wrap'><span class='notes-field' data-field='statusTYPE' data-type='keyword' data-kind='editable' data-allowmultivalues='true'>自己解決</span></span>
						</div>
						<div class='notes-par'><span class='notes-field-wrap'><span class='notes-field' data-field='MEKER_K' data-type='text' data-kind='editable'></span></span>
						</div>
					</td>
				</tr>
				<tr data-hidewhen='status!=&quot;引継ぎ依頼中&quot;'>
					<td style='border:1px solid #808080; padding:3px 6px; vertical-align:top; background:#e9f3ff; font-weight:bold; width:120px;'>
						<div class='notes-par'><span style='font-weight:bold;'>対応状況</span>
						</div>
					</td>
					<td style='border:1px solid #808080; padding:3px 6px; vertical-align:top;' data-hidewhen='status!=&quot;引継ぎ依頼中&quot;'>
						<div class='notes-par'><span class='notes-field-wrap'><span class='notes-field' data-field='status' data-type='keyword' data-kind='editable'>CLOSE</span></span>
						</div>
						<div class='notes-par'><span class='notes-field-wrap'><span class='notes-field' data-field='dispach' data-type='text' data-kind='computed'>引き継ぎ依頼先：</span></span>
						</div>
						<div class='notes-par'><span class='notes-field-wrap'><span class='notes-field' data-field='dispach_1' data-type='text' data-kind='computed'>調査依頼：　 -</span></span>
						</div>
						<div class='notes-par'><span style='font-weight:bold;'>依頼先担当者：</span><span class='notes-field-wrap'><span class='notes-field' data-field='SecondLineName' data-type='text' data-kind='editable'></span></span>
						</div>
					</td>
				</tr>
				<tr>
					<td style='border:1px solid #808080; padding:3px 6px; vertical-align:top; background:#e9f3ff; font-weight:bold; width:120px;'>
						<div class='notes-par'><span style='font-weight:bold;'>担当者</span>
						</div>
					</td>
					<td style='border:1px solid #808080; padding:3px 6px; vertical-align:top;'>
						<div class='notes-par'>
							<span class='notes-field-wrap'>
								<span class='notes-field' data-field='acc_main' data-type='keyword' data-kind='editable'>渡部 真由美</span>
							</span>
						</div>
						<div class='notes-par'>
							<span style='font-weight:bold;'>受付：</span>
							<span class='notes-field-wrap'>
								<span class='notes-field' data-field='create_name' data-type='text' data-kind='computedwhencomposed'>渡部 真由美</span>
							</span>
						</div>
						<div class='notes-par'>							
							<span style='font-weight:bold;'>前回対応：</span>
							<span class='notes-field-wrap'>
								<span class='notes-field' data-field='acc_name' data-type='text' data-kind='computed' data-allowmultivalues='true'>平田 幸恵</span>
							</span>
						</div>
					</td>
				</tr>
				<tr data-hidewhen='@Contains(@UserRoles;&quot;[JSOX]&quot;)'>
					<td style='border:1px solid #808080; padding:3px 6px; vertical-align:top; background:#e9f3ff; font-weight:bold; width:120px;' data-hidewhen='@Contains(@UserRoles;&quot;[JSOX]&quot;)'>
						<div class='notes-par'><span style='font-weight:bold;'>承認者</span>
						</div>
					</td>
					<td style='border:1px solid #808080; padding:3px 6px; vertical-align:top;' data-hidewhen='@Contains(@UserRoles;&quot;[JSOX]&quot;)'>
						<div class='notes-par'><span class='notes-field-wrap'><span class='notes-field' data-field='Escalation_Approve_1' data-type='text' data-kind='editable'></span></span>&nbsp;<span class='notes-field-wrap'><span class='notes-field' data-field='ESDATE_Y_1' data-type='number' data-kind='editable'></span></span><span style='font-weight:bold;'> 年</span><span class='notes-field-wrap'><span class='notes-field' data-field='ESDATE_M_1' data-type='number' data-kind='editable'></span></span><span style='font-weight:bold;'> 月</span><span class='notes-field-wrap'><span class='notes-field' data-field='ESDATE_D_1' data-type='number' data-kind='editable'></span></span><span style='font-weight:bold;'> 日（</span><span class='notes-field-wrap'><span class='notes-field' data-field='ESTIME_H_1' data-type='text' data-kind='editable'></span></span><span style='font-weight:bold;'>時</span><span class='notes-field-wrap'><span class='notes-field' data-field='ESTIME_M_1' data-type='text' data-kind='editable'></span></span><span style='font-weight:bold;'> 分）</span>
						</div>
					</td>
				</tr>
			</table>
		</div>
	</div><br/>
	<div class='notes-section' data-hidewhen='@Contains(@UserRoles;&quot;[JSOX]&quot;)'>
		<div class='notes-section-body'>
			<table style='margin-top:1em; border-collapse:collapse; width:800px;'>
				<tr>
					<td style='background:#d9d9d9; padding:2px 6px; font-weight:bold;'>関連部門
					</td>
				</tr>
			</table><br/>
			<div class='notes-par'><span style='font-weight:bold;'>区分：</span><span class='notes-field-wrap'><span class='notes-field' data-field='Third_Type' data-type='text' data-kind='editable'>不要</span></span>
			</div><br/>
			<div class='notes-par'><span style='font-weight:bold;'>関連部門　問い合わせ内容</span>
			</div>
			<table style='margin-top:1em; border-collapse:collapse; width:800px; table-layout:fixed;' width='800' border='1' cellspacing='0' cellpadding='0' data-hidewhen='@Contains(@UserRoles;&quot;[JSOX]&quot;)'>
				<tr data-hidewhen='Third_Type=&quot;不要&quot;'>
					<td style='border:1px solid #808080; padding:3px 6px; vertical-align:top; background:#e9f3ff; font-weight:bold; width:120px;' data-hidewhen='Third_Type=&quot;不要&quot;'>
						<div class='notes-par'><span style='font-weight:bold;'>担当者</span>
						</div>
					</td>
					<td style='border:1px solid #808080; padding:3px 6px; vertical-align:top;' data-hidewhen='Third_Type=&quot;不要&quot;'>
						<div class='notes-par'>
							<span class='notes-field-wrap'>
								<span class='notes-field' data-field='Third_Person' data-type='text' data-kind='editable'></span>
							</span>
						</div>
					</td>
				</tr>
				<tr data-hidewhen='Third_Type=&quot;不要&quot;'>
					<td style='border:1px solid #808080; padding:3px 6px; vertical-align:top; background:#e9f3ff; font-weight:bold; width:120px;'>
						<div class='notes-par'><span style='font-weight:bold;'>所属部署</span>
						</div>
					</td>
					<td style='border:1px solid #808080; padding:3px 6px; vertical-align:top;' data-hidewhen='Third_Type=&quot;不要&quot;'>
						<div class='notes-par'><span class='notes-field-wrap'><span class='notes-field' data-field='Third_Dept' data-type='text' data-kind='editable'></span></span>
						</div>
					</td>
				</tr>
				<tr data-hidewhen='Third_Type=&quot;不要&quot;'>
					<td style='border:1px solid #808080; padding:3px 6px; vertical-align:top; background:#e9f3ff; font-weight:bold; width:120px;' data-hidewhen='Third_Type=&quot;不要&quot;'>
						<div class='notes-par'><span style='font-weight:bold;'>連絡先</span>
						</div>
					</td>
					<td style='border:1px solid #808080; padding:3px 6px; vertical-align:top;' data-hidewhen='Third_Type=&quot;不要&quot;'>
						<div class='notes-par'><span class='notes-field-wrap'><span class='notes-field' data-field='Third_Contact' data-type='text' data-kind='editable'></span></span>
						</div>
					</td>
				</tr>
				<tr data-hidewhen='Third_Type=&quot;不要&quot;'>
					<td style='border:1px solid #808080; padding:3px 6px; vertical-align:top; background:#e9f3ff; font-weight:bold; width:120px;'>
						<div class='notes-par'><span style='font-weight:bold;'>受付日時</span>
						</div>
					</td>
					<td style='border:1px solid #808080; padding:3px 6px; vertical-align:top;' data-hidewhen='Third_Type=&quot;不要&quot;'>
						<div class='notes-par'><span class='notes-field-wrap'><span class='notes-field' data-field='SDATE_Y_2' data-type='number' data-kind='editable'></span></span><span style='font-weight:bold;'> 年</span><span class='notes-field-wrap'><span class='notes-field' data-field='SDATE_M_2' data-type='number' data-kind='editable'></span></span><span style='font-weight:bold;'> 月</span><span class='notes-field-wrap'><span class='notes-field' data-field='SDATE_D_2' data-type='number' data-kind='editable'></span></span><span style='font-weight:bold;'> 日（</span><span class='notes-field-wrap'><span class='notes-field' data-field='STIME_H_2' data-type='text' data-kind='editable'></span></span><span style='font-weight:bold;'> 時</span><span class='notes-field-wrap'><span class='notes-field' data-field='STIME_M_2' data-type='text' data-kind='editable'></span></span><span style='font-weight:bold;'> 分）</span>
						</div>
					</td>
				</tr>
				<tr>
					<td style='border:1px solid #808080; padding:3px 6px; vertical-align:top; background:#e9f3ff; font-weight:bold; width:120px;'>
						<div class='notes-par'><span style='font-weight:bold;'>中間回答日時</span>
						</div>
					</td>
					<td style='border:1px solid #808080; padding:3px 6px; vertical-align:top;' colspan='2'>
						<div class='notes-par'><span class='notes-field-wrap'><span class='notes-field' data-field='CDATE_Y_2' data-type='number' data-kind='editable'></span></span><span style='font-weight:bold;'> 年</span><span class='notes-field-wrap'><span class='notes-field' data-field='CDATE_M_2' data-type='number' data-kind='editable'></span></span><span style='font-weight:bold;'> 月</span><span class='notes-field-wrap'><span class='notes-field' data-field='CDATE_D_2' data-type='number' data-kind='editable'></span></span><span style='font-weight:bold;'> 日（</span><span class='notes-field-wrap'><span class='notes-field' data-field='CTIME_H_2' data-type='text' data-kind='editable'></span></span><span style='font-weight:bold;'> 時</span><span class='notes-field-wrap'><span class='notes-field' data-field='CTIME_M_2' data-type='text' data-kind='editable'></span></span><span style='font-weight:bold;'> 分）</span>
						</div>
					</td>
				</tr>
				<tr data-hidewhen='Third_Type=&quot;不要&quot;'>
					<td style='border:1px solid #808080; padding:3px 6px; vertical-align:top; background:#e9f3ff; font-weight:bold; width:120px;' data-hidewhen='Third_Type=&quot;不要&quot;'>
						<div class='notes-par'><span style='font-weight:bold;'>途中経過内容</span>
						</div>
						<div class='notes-par'><span style='font-weight:bold;'>（作業内容）</span>
						</div>
					</td>
					<td style='border:1px solid #808080; padding:3px 6px; vertical-align:top;' colspan='2'>
						<div class='notes-par'><span class='notes-field-wrap'><span class='notes-field' data-field='Third_half' data-type='text' data-kind='editable'></span></span>
						</div>
					</td>
				</tr>
				<tr>
					<td style='border:1px solid #808080; padding:3px 6px; vertical-align:top; background:#e9f3ff; font-weight:bold; width:120px;'>
						<div class='notes-par'><span style='font-weight:bold;'>最終回答日時</span>
						</div>
					</td>
					<td style='border:1px solid #808080; padding:3px 6px; vertical-align:top;' colspan='2'>
						<div class='notes-par'><span class='notes-field-wrap'><span class='notes-field' data-field='EDATE_Y_2' data-type='number' data-kind='editable'></span></span><span style='font-weight:bold;'> 年</span><span class='notes-field-wrap'><span class='notes-field' data-field='EDATE_M_2' data-type='number' data-kind='editable'></span></span><span style='font-weight:bold;'> 月</span><span class='notes-field-wrap'><span class='notes-field' data-field='EDATE_D_2' data-type='number' data-kind='editable'></span></span><span style='font-weight:bold;'> 日（</span><span class='notes-field-wrap'><span class='notes-field' data-field='ETIME_H_2' data-type='text' data-kind='editable'></span></span><span style='font-weight:bold;'> 時</span><span class='notes-field-wrap'><span class='notes-field' data-field='ETIME_M_2' data-type='text' data-kind='editable'></span></span><span style='font-weight:bold;'> 分）</span>
						</div>
					</td>
				</tr>
				<tr data-hidewhen='Third_Type=&quot;不要&quot; | (Third_Type=&quot;必要&quot; &amp; !(Escalation_1=&quot;UserID再作成&quot; | Escalation_1=&quot;ｾｷｭｱID PWﾘｾｯﾄ依頼&quot; | Escalation_1=&quot;ﾒｰﾙﾘｽﾄｱ依頼&quot;))'>
					<td style='border:1px solid #808080; padding:3px 6px; vertical-align:top; background:#e9f3ff; font-weight:bold; width:120px;'>
						<div class='notes-par'><span style='font-weight:bold;'>回答内容</span>
						</div>
					</td>
					<td style='border:1px solid #808080; padding:3px 6px; vertical-align:top;' data-hidewhen='Third_Type=&quot;不要&quot; | (Third_Type=&quot;必要&quot; &amp; !(Escalation_1=&quot;UserID再作成&quot; | Escalation_1=&quot;ｾｷｭｱID PWﾘｾｯﾄ依頼&quot; | Escalation_1=&quot;ﾒｰﾙﾘｽﾄｱ依頼&quot;))'>
						<div class='notes-par'><span class='notes-field-wrap'><span class='notes-field' data-field='Third_answer' data-type='text' data-kind='editable'></span></span>
						</div>
					</td>
				</tr>
				<tr>
					<td style='border:1px solid #808080; padding:3px 6px; vertical-align:top; background:#e9f3ff; font-weight:bold; width:120px;'>
						<div class='notes-par'><span style='font-weight:bold;'>問合せ種別</span>
						</div>
					</td>
					<td style='border:1px solid #808080; padding:3px 6px; vertical-align:top;' colspan='2'>
						<div class='notes-par'><span class='notes-field-wrap'><span class='notes-field' data-field='Second_category1' data-type='keyword' data-kind='editable'></span></span>
						</div>
					</td>
				</tr>
				<tr data-hidewhen='Third_Type=&quot;不要&quot;'>
					<td style='border:1px solid #808080; padding:3px 6px; vertical-align:top; background:#e9f3ff; font-weight:bold; width:120px;' data-hidewhen='Third_Type=&quot;不要&quot;'>
						<div class='notes-par'><span style='font-weight:bold;'>問合せ内容</span>
						</div>
					</td>
					<td style='border:1px solid #808080; padding:3px 6px; vertical-align:top;' data-hidewhen='Third_Type=&quot;不要&quot;'>
						<div class='notes-par'><span class='notes-field-wrap'><span class='notes-field' data-field='Second_category2' data-type='text' data-kind='computed'></span></span>
						</div>
						<div class='notes-par'><span class='notes-field-wrap'><span class='notes-field' data-field='Second_category3' data-type='text' data-kind='computed'></span></span>
						</div>
						<div class='notes-par'><span class='notes-field-wrap'><span class='notes-field' data-field='Second_category4' data-type='text' data-kind='computed'></span></span>
						</div>
					</td>
				</tr>
				<tr>
					<td style='border:1px solid #808080; padding:3px 6px; vertical-align:top; background:#e9f3ff; font-weight:bold; width:120px;'>
						<div class='notes-par'><span style='font-weight:bold;'>対応時間</span>
						</div>
						<div class='notes-par'><span style='font-weight:bold;'>調査時間</span>
						</div>
					</td>
					<td style='border:1px solid #808080; padding:3px 6px; vertical-align:top;' colspan='2'>
						<div class='notes-par'><span class='notes-field-wrap'><span class='notes-field' data-field='JIKAN_2_1' data-type='number' data-kind='editable'></span></span><span style='font-weight:bold;'>分</span>
						</div>
						<div class='notes-par'><span class='notes-field-wrap'><span class='notes-field' data-field='JIKAN_2_2' data-type='number' data-kind='editable'></span></span><span style='font-weight:bold;'>分</span>
						</div>
					</td>
				</tr>
				<tr>
					<td style='border:1px solid #808080; padding:3px 6px; vertical-align:top; background:#e9f3ff; font-weight:bold; width:120px;'>
						<div class='notes-par'><span style='font-weight:bold;'>障害</span>
						</div>
					</td>
					<td style='border:1px solid #808080; padding:3px 6px; vertical-align:top;' colspan='2'>
						<div class='notes-par'><span class='notes-field-wrap'><span class='notes-field' data-field='Trouble_2' data-type='keyword' data-kind='editable' data-allowmultivalues='true'></span></span>
						</div>
					</td>
				</tr>
				<tr>
					<td style='border:1px solid #808080; padding:3px 6px; vertical-align:top; background:#e9f3ff; font-weight:bold; width:120px;'>
						<div class='notes-par'><span style='font-weight:bold;'>上長コメント</span>
						</div>
					</td>
					<td style='border:1px solid #808080; padding:3px 6px; vertical-align:top;' colspan='2'>
						<div class='notes-par'><span class='notes-field-wrap'><span class='notes-field' data-field='Third_comment' data-type='text' data-kind='editable'></span></span>
						</div>
					</td>
				</tr>
				<tr>
					<td style='border:1px solid #808080; padding:3px 6px; vertical-align:top; background:#e9f3ff; font-weight:bold; width:120px;'>
						<div class='notes-par'><span style='font-weight:bold;'>上長承認</span>
						</div>
					</td>
					<td style='border:1px solid #808080; padding:3px 6px; vertical-align:top;' colspan='2'>
						<div class='notes-par'><span class='notes-field-wrap'><span class='notes-field' data-field='Trouble_Approve_2' data-type='text' data-kind='editable'></span></span>&nbsp;<span class='notes-field-wrap'><span class='notes-field' data-field='ADATE_Y_2' data-type='number' data-kind='editable'></span></span><span style='font-weight:bold;'> 年</span><span class='notes-field-wrap'><span class='notes-field' data-field='ADATE_M_2' data-type='number' data-kind='editable'></span></span><span style='font-weight:bold;'> 月</span><span class='notes-field-wrap'><span class='notes-field' data-field='ADATE_D_2' data-type='number' data-kind='editable'></span></span><span style='font-weight:bold;'> 日（</span><span class='notes-field-wrap'><span class='notes-field' data-field='ATIME_H_2' data-type='text' data-kind='editable'></span></span><span style='font-weight:bold;'> 時</span><span class='notes-field-wrap'><span class='notes-field' data-field='ATIME_M_2' data-type='text' data-kind='editable'></span></span><span style='font-weight:bold;'> 分）</span>
						</div>
					</td>
				</tr>
			</table>
		</div>
	</div><br/>
	<div class='notes-par'><span style='font-weight:bold;'>トラブルチケット</span><span style='font-weight:bold;'>(有無：</span><span class='notes-field-wrap'><span class='notes-field' data-field='TRUMU' data-type='keyword' data-kind='editable'>無</span></span><span style='font-weight:bold;'>）</span>
	</div>
	<table style='margin-top:1em; border-collapse:collapse; width:800px; table-layout:fixed;' width='800' border='1' cellspacing='0' cellpadding='0' data-hidewhen='@Contains(@UserRoles;&quot;[JSOX]&quot;)'>
		<tr data-hidewhen='@Contains(@UserRoles;&quot;[JSOX]&quot;)'>
			<td style='border:1px solid #808080; padding:3px 6px; vertical-align:top;' data-hidewhen='@Contains(@UserRoles;&quot;[JSOX]&quot;)'>
				<div class='notes-par'><span style='font-weight:bold;'>障害個所：</span><span class='notes-field-wrap'><span class='notes-field' data-field='KOSHO' data-type='keyword' data-kind='editable' data-allowmultivalues='true'></span></span>
				</div>
			</td>
		</tr>
	</table><br/>
	<div class='notes-section' data-hidewhen='@Contains(@UserRoles;&quot;[JSOX]&quot;)'>
		<div class='notes-section-body'>
			<div class='notes-par'><span style='font-weight:bold;'>（保守対応依頼）</span>
			</div>
			<table style='margin-top:1em; border-collapse:collapse; width:800px; table-layout:fixed;' width='800' border='1' cellspacing='0' cellpadding='0' data-hidewhen='@Contains(@UserRoles;&quot;[JSOX]&quot;)'>
				<tr data-hidewhen='@Contains(@UserRoles;&quot;[JSOX]&quot;)'>
					<td style='border:1px solid #808080; padding:3px 6px; vertical-align:top; background:#e9f3ff; font-weight:bold; width:120px;' data-hidewhen='@Contains(@UserRoles;&quot;[JSOX]&quot;)'>
						<div class='notes-par'><span style='font-weight:bold;'>会社名</span>
						</div>
					</td>
					<td style='border:1px solid #808080; padding:3px 6px; vertical-align:top;' data-hidewhen='@Contains(@UserRoles;&quot;[JSOX]&quot;)'>
						<div class='notes-par'><span class='notes-field-wrap'><span class='notes-field' data-field='TRMAKER' data-type='text' data-kind='editable'></span></span>
						</div>
					</td>
				</tr>
				<tr>
					<td style='border:1px solid #808080; padding:3px 6px; vertical-align:top; background:#e9f3ff; font-weight:bold; width:120px;'>
						<div class='notes-par'><span style='font-weight:bold;'>部署名</span>
						</div>
					</td>
					<td style='border:1px solid #808080; padding:3px 6px; vertical-align:top;'>
						<div class='notes-par'><span class='notes-field-wrap'><span class='notes-field' data-field='TRKBUSYO' data-type='text' data-kind='editable'></span></span>
						</div>
					</td>
				</tr>
				<tr>
					<td style='border:1px solid #808080; padding:3px 6px; vertical-align:top; background:#e9f3ff; font-weight:bold; width:120px;'>
						<div class='notes-par'><span style='font-weight:bold;'>担当者名</span>
						</div>
					</td>
					<td style='border:1px solid #808080; padding:3px 6px; vertical-align:top;'>
						<div class='notes-par'><span class='notes-field-wrap'><span class='notes-field' data-field='TRTANTO' data-type='text' data-kind='editable'></span></span><span style='font-weight:bold;'>　様</span>
						</div>
					</td>
				</tr>
				<tr>
					<td style='border:1px solid #808080; padding:3px 6px; vertical-align:top; background:#e9f3ff; font-weight:bold; width:120px;'>
						<div class='notes-par'><span style='font-weight:bold;'>ＦＡＸ</span>
						</div>
					</td>
					<td style='border:1px solid #808080; padding:3px 6px; vertical-align:top;'>
						<div class='notes-par'><span class='notes-field-wrap'><span class='notes-field' data-field='TRFAX' data-type='text' data-kind='editable'></span></span>
						</div>
					</td>
				</tr>
				<tr>
					<td style='border:1px solid #808080; padding:3px 6px; vertical-align:top; background:#e9f3ff; font-weight:bold; width:120px;'>
						<div class='notes-par'><span style='font-weight:bold;'>ＴＥＬ</span>
						</div>
					</td>
					<td style='border:1px solid #808080; padding:3px 6px; vertical-align:top;'>
						<div class='notes-par'><span class='notes-field-wrap'><span class='notes-field' data-field='TRTEL' data-type='text' data-kind='editable'></span></span>
						</div>
					</td>
				</tr>
			</table><br/>
			<table style='margin-top:1em; border-collapse:collapse; width:800px; table-layout:fixed;' width='800' border='1' cellspacing='0' cellpadding='0' data-hidewhen='@Contains(@UserRoles;&quot;[JSOX]&quot;)'>
				<tr data-hidewhen='@Contains(@UserRoles;&quot;[JSOX]&quot;)'>
					<td style='border:1px solid #808080; padding:3px 6px; vertical-align:top; background:#e9f3ff; font-weight:bold; width:120px;'>
						<div class='notes-par'><span style='font-weight:bold;'>チケット№</span>
						</div>
					</td>
					<td style='border:1px solid #808080; padding:3px 6px; vertical-align:top;'>
						<div class='notes-par'><span class='notes-field-wrap'><span class='notes-field' data-field='TRNO' data-type='text' data-kind='editable'></span></span>
						</div>
					</td>
					<td style='border:1px solid #808080; padding:3px 6px; vertical-align:top; background:#e9f3ff; font-weight:bold; width:120px;' data-hidewhen='@Contains(@UserRoles;&quot;[JSOX]&quot;)'>
						<div class='notes-par'><span style='font-weight:bold;'>ＯＳ</span>
						</div>
					</td>
					<td style='border:1px solid #808080; padding:3px 6px; vertical-align:top;' data-hidewhen='@Contains(@UserRoles;&quot;[JSOX]&quot;)'>
						<div class='notes-par'><span class='notes-field-wrap'><span class='notes-field' data-field='TROS' data-type='text' data-kind='editable'></span></span>
						</div>
					</td>
				</tr>
				<tr>
					<td style='border:1px solid #808080; padding:3px 6px; vertical-align:top; background:#e9f3ff; font-weight:bold; width:120px;'>
						<div class='notes-par'><span style='font-weight:bold;'>対象機種名</span>
						</div>
					</td>
					<td style='border:1px solid #808080; padding:3px 6px; vertical-align:top;'>
						<div class='notes-par'><span class='notes-field-wrap'><span class='notes-field' data-field='TRKISYU' data-type='text' data-kind='editable'></span></span>
						</div>
					</td>
					<td style='border:1px solid #808080; padding:3px 6px; vertical-align:top; background:#e9f3ff; font-weight:bold; width:120px;'>
						<div class='notes-par'><span style='font-weight:bold;'>品番(S/N)</span>
						</div>
					</td>
					<td style='border:1px solid #808080; padding:3px 6px; vertical-align:top;'>
						<div class='notes-par'><span class='notes-field-wrap'><span class='notes-field' data-field='TRSN' data-type='text' data-kind='editable'></span></span>
						</div>
					</td>
				</tr>
				<tr>
					<td style='border:1px solid #808080; padding:3px 6px; vertical-align:top; background:#e9f3ff; font-weight:bold; width:120px;'>
						<div class='notes-par'><span style='font-weight:bold;'>導入時期</span>
						</div>
					</td>
					<td style='border:1px solid #808080; padding:3px 6px; vertical-align:top;'>
						<div class='notes-par'><span class='notes-field-wrap'><span class='notes-field' data-field='TRJIKI' data-type='text' data-kind='editable'></span></span>
						</div>
					</td>
					<td style='border:1px solid #808080; padding:3px 6px; vertical-align:top; background:#e9f3ff; font-weight:bold; width:120px;'>
						<div class='notes-par'><span style='font-weight:bold;'>備考</span>
						</div>
					</td>
					<td style='border:1px solid #808080; padding:3px 6px; vertical-align:top;'>
						<div class='notes-par'><span class='notes-field-wrap'><span class='notes-field' data-field='TRBIKOU' data-type='text' data-kind='editable'></span></span>
						</div>
					</td>
				</tr>
			</table><br/>
			<div class='notes-par'><span style='font-weight:bold;'>（ユーザー情報）</span>
			</div>
			<table style='margin-top:1em; border-collapse:collapse; width:800px; table-layout:fixed;' width='800' border='1' cellspacing='0' cellpadding='0' data-hidewhen='@Contains(@UserRoles;&quot;[JSOX]&quot;)'>
				<tr data-hidewhen='@Contains(@UserRoles;&quot;[JSOX]&quot;)'>
					<td style='border:1px solid #808080; padding:3px 6px; vertical-align:top; background:#e9f3ff; font-weight:bold; width:120px;' data-hidewhen='@Contains(@UserRoles;&quot;[JSOX]&quot;)'>
						<div class='notes-par'><span style='font-weight:bold;'>氏名</span>
						</div>
					</td>
					<td style='border:1px solid #808080; padding:3px 6px; vertical-align:top;' data-hidewhen='@Contains(@UserRoles;&quot;[JSOX]&quot;)'>
						<div class='notes-par'><span class='notes-field-wrap'><span class='notes-field' data-field='TRYNAME' data-type='text' data-kind='editable'></span></span>
						</div>
					</td>
				</tr>
				<tr>
					<td style='border:1px solid #808080; padding:3px 6px; vertical-align:top; background:#e9f3ff; font-weight:bold; width:120px;'>
						<div class='notes-par'><span style='font-weight:bold;'>ＴＥＬ</span>
						</div>
					</td>
					<td style='border:1px solid #808080; padding:3px 6px; vertical-align:top;'>
						<div class='notes-par'><span class='notes-field-wrap'><span class='notes-field' data-field='TRYTEL' data-type='text' data-kind='editable'></span></span>
						</div>
					</td>
				</tr>
				<tr>
					<td style='border:1px solid #808080; padding:3px 6px; vertical-align:top; background:#e9f3ff; font-weight:bold; width:120px;'>
						<div class='notes-par'><span style='font-weight:bold;'>会社名</span>
						</div>
					</td>
					<td style='border:1px solid #808080; padding:3px 6px; vertical-align:top;'>
						<div class='notes-par'><span class='notes-field-wrap'><span class='notes-field' data-field='TRYKAISHA' data-type='text' data-kind='editable'></span></span>
						</div>
					</td>
				</tr>
				<tr>
					<td style='border:1px solid #808080; padding:3px 6px; vertical-align:top; background:#e9f3ff; font-weight:bold; width:120px;'>
						<div class='notes-par'><span style='font-weight:bold;'>事業所名</span>
						</div>
					</td>
					<td style='border:1px solid #808080; padding:3px 6px; vertical-align:top;'>
						<div class='notes-par'><span class='notes-field-wrap'><span class='notes-field' data-field='TRYJIGYOU' data-type='text' data-kind='editable'></span></span>
						</div>
					</td>
				</tr>
				<tr>
					<td style='border:1px solid #808080; padding:3px 6px; vertical-align:top; background:#e9f3ff; font-weight:bold; width:120px;'>
						<div class='notes-par'><span style='font-weight:bold;'>住所</span>
						</div>
					</td>
					<td style='border:1px solid #808080; padding:3px 6px; vertical-align:top;'>
						<div class='notes-par'><span class='notes-field-wrap'><span class='notes-field' data-field='TRYADDRESS' data-type='text' data-kind='editable'></span></span>
						</div>
					</td>
				</tr>
				<tr>
					<td style='border:1px solid #808080; padding:3px 6px; vertical-align:top; background:#e9f3ff; font-weight:bold; width:120px;'>
						<div class='notes-par'><span style='font-weight:bold;'>障害内容</span>
						</div>
					</td>
					<td style='border:1px solid #808080; padding:3px 6px; vertical-align:top;'>
						<div class='notes-par'><span class='notes-field-wrap'><span class='notes-field' data-field='TRYNAIYO' data-type='text' data-kind='editable'></span></span>
						</div>
					</td>
				</tr>
				<tr>
					<td style='border:1px solid #808080; padding:3px 6px; vertical-align:top; background:#e9f3ff; font-weight:bold; width:120px;'>
						<div class='notes-par'><span style='font-weight:bold;'>備考</span>
						</div>
					</td>
					<td style='border:1px solid #808080; padding:3px 6px; vertical-align:top;'>
						<div class='notes-par'><span class='notes-field-wrap'><span class='notes-field' data-field='TRYBIKOU' data-type='text' data-kind='editable'></span></span>
						</div>
					</td>
				</tr>
			</table>
		</div>
	</div><br/>
	<div class='notes-par'><span style='font-weight:bold;'>ＰＣ再セットアップ</span><span style='font-weight:bold;'>(</span><span style='font-weight:bold;'>有無：</span><span class='notes-field-wrap'><span class='notes-field' data-field='PCUMU' data-type='keyword' data-kind='editable'>無</span></span><span style='font-weight:bold;'>）</span>
	</div>
	<div class='notes-section' data-hidewhen='@Contains(@UserRoles;&quot;[JSOX]&quot;)'>
		<div class='notes-section-body'>
			<div class='notes-par'><span style='font-weight:bold;'>（ＰＣユーザー）</span>
			</div>
			<table style='margin-top:1em; border-collapse:collapse; width:800px; table-layout:fixed;' width='800' border='1' cellspacing='0' cellpadding='0'>
				<tr>
					<td style='border:1px solid #808080; padding:3px 6px; vertical-align:top; background:#e9f3ff; font-weight:bold; width:120px;'>
						<div class='notes-par'><span style='font-weight:bold;'>氏名</span>
						</div>
					</td>
					<td style='border:1px solid #808080; padding:3px 6px; vertical-align:top;'>
						<div class='notes-par'><span class='notes-field-wrap'><span class='notes-field' data-field='PCNAME' data-type='text' data-kind='editable'></span></span><span style='font-weight:bold;'>様</span>
						</div>
					</td>
				</tr>
				<tr>
					<td style='border:1px solid #808080; padding:3px 6px; vertical-align:top; background:#e9f3ff; font-weight:bold; width:120px;'>
						<div class='notes-par'><span style='font-weight:bold;'>会社名</span>
						</div>
					</td>
					<td style='border:1px solid #808080; padding:3px 6px; vertical-align:top;'>
						<div class='notes-par'><span class='notes-field-wrap'><span class='notes-field' data-field='PCKAISHA' data-type='text' data-kind='editable'></span></span>
						</div>
					</td>
				</tr>
				<tr>
					<td style='border:1px solid #808080; padding:3px 6px; vertical-align:top; background:#e9f3ff; font-weight:bold; width:120px;'>
						<div class='notes-par'><span style='font-weight:bold;'>事業所名</span>
						</div>
					</td>
					<td style='border:1px solid #808080; padding:3px 6px; vertical-align:top;'>
						<div class='notes-par'><span class='notes-field-wrap'><span class='notes-field' data-field='PCJIGYOU' data-type='text' data-kind='editable'></span></span>
						</div>
					</td>
				</tr>
				<tr>
					<td style='border:1px solid #808080; padding:3px 6px; vertical-align:top; background:#e9f3ff; font-weight:bold; width:120px;'>
						<div class='notes-par'><span style='font-weight:bold;'>住所</span>
						</div>
					</td>
					<td style='border:1px solid #808080; padding:3px 6px; vertical-align:top;'>
						<div class='notes-par'><span class='notes-field-wrap'><span class='notes-field' data-field='PCADDRESS' data-type='text' data-kind='editable'></span></span>
						</div>
					</td>
				</tr>
				<tr>
					<td style='border:1px solid #808080; padding:3px 6px; vertical-align:top; background:#e9f3ff; font-weight:bold; width:120px;'>
						<div class='notes-par'><span style='font-weight:bold;'>ＴＥＬ</span>
						</div>
					</td>
					<td style='border:1px solid #808080; padding:3px 6px; vertical-align:top;'>
						<div class='notes-par'><span class='notes-field-wrap'><span class='notes-field' data-field='PCTEL' data-type='text' data-kind='editable'></span></span>
						</div>
					</td>
				</tr>
				<tr>
					<td style='border:1px solid #808080; padding:3px 6px; vertical-align:top; background:#e9f3ff; font-weight:bold; width:120px;'>
						<div class='notes-par'><span style='font-weight:bold;'>ＦＡＸ</span>
						</div>
					</td>
					<td style='border:1px solid #808080; padding:3px 6px; vertical-align:top;'>
						<div class='notes-par'><span class='notes-field-wrap'><span class='notes-field' data-field='PCFAX' data-type='text' data-kind='editable'></span></span>
						</div>
					</td>
				</tr>
			</table><br/>
			<div class='notes-par'><span style='font-weight:bold;'>（使用ツール）</span>
			</div>
			<table style='margin-top:1em; border-collapse:collapse; width:800px; table-layout:fixed;' width='800' border='1' cellspacing='0' cellpadding='0' data-hidewhen='@Contains(@UserRoles;&quot;[JSOX]&quot;)'>
				<tr data-hidewhen='@Contains(@UserRoles;&quot;[JSOX]&quot;)'>
					<td style='border:1px solid #808080; padding:3px 6px; vertical-align:top;' data-hidewhen='@Contains(@UserRoles;&quot;[JSOX]&quot;)'>
						<div class='notes-par'><span class='notes-field-wrap'><span class='notes-field' data-field='TOOL' data-type='keyword' data-kind='editable' data-allowmultivalues='true'></span></span>
						</div>
					</td>
				</tr>
			</table><br/>
			<div class='notes-par'><span style='font-weight:bold;'>備考：</span><span class='notes-field-wrap'><span class='notes-field' data-field='BIKOU' data-type='text' data-kind='editable'></span></span>
			</div>
			<table style='margin-top:1em; border-collapse:collapse; width:800px; table-layout:fixed;' width='800' border='1' cellspacing='0' cellpadding='0' data-hidewhen='@Contains(@UserRoles;&quot;[JSOX]&quot;)'>
				<tr data-hidewhen='@Contains(@UserRoles;&quot;[JSOX]&quot;)'>
					<td style='border:1px solid #808080; padding:3px 6px; vertical-align:top; background:#e9f3ff; font-weight:bold; width:120px;' data-hidewhen='@Contains(@UserRoles;&quot;[JSOX]&quot;)'>
						<div class='notes-par'><span style='font-weight:bold;'>パソコン返送日</span>
						</div>
					</td>
					<td style='border:1px solid #808080; padding:3px 6px; vertical-align:top;' data-hidewhen='@Contains(@UserRoles;&quot;[JSOX]&quot;)'>
						<div class='notes-par'><span class='notes-field-wrap'><span class='notes-field' data-field='PCYH' data-type='number' data-kind='editable'></span></span><span style='font-weight:bold;'>年</span><span class='notes-field-wrap'><span class='notes-field' data-field='PCMH' data-type='number' data-kind='editable'></span></span><span style='font-weight:bold;'>月</span><span class='notes-field-wrap'><span class='notes-field' data-field='PCDH' data-type='number' data-kind='editable'></span></span><span style='font-weight:bold;'>日</span>
						</div>
					</td>
				</tr>
			</table><br/>
			<div class='notes-par'><span style='font-weight:bold;'>（再セットアップ関係者)</span>
			</div>
			<table style='margin-top:1em; border-collapse:collapse; width:800px; table-layout:fixed;' width='800' border='1' cellspacing='0' cellpadding='0' data-hidewhen='@Contains(@UserRoles;&quot;[JSOX]&quot;)'>
				<tr data-hidewhen='@Contains(@UserRoles;&quot;[JSOX]&quot;)'>
					<td style='border:1px solid #808080; padding:3px 6px; vertical-align:top; background:#e9f3ff; font-weight:bold; width:120px;' data-hidewhen='@Contains(@UserRoles;&quot;[JSOX]&quot;)'>
						<div class='notes-par'><span style='font-weight:bold;'>１</span>
						</div>
					</td>
					<td style='border:1px solid #808080; padding:3px 6px; vertical-align:top;' data-hidewhen='@Contains(@UserRoles;&quot;[JSOX]&quot;)'>
						<div class='notes-par'><span class='notes-field-wrap'><span class='notes-field' data-field='KANKEI1' data-type='text' data-kind='editable'></span></span>
						</div>
					</td>
					<td style='border:1px solid #808080; padding:3px 6px; vertical-align:top;' data-hidewhen='@Contains(@UserRoles;&quot;[JSOX]&quot;)'>
						<div class='notes-par'><span class='notes-field-wrap'><span class='notes-field' data-field='KANJIKAN1' data-type='text' data-kind='editable'></span></span><span style='font-weight:bold;'>分：</span><span class='notes-field-wrap'><span class='notes-field' data-field='HDATE1' data-type='datetime' data-kind='editable'></span></span>
						</div>
					</td>
				</tr>
				<tr>
					<td style='border:1px solid #808080; padding:3px 6px; vertical-align:top; background:#e9f3ff; font-weight:bold; width:120px;'>
						<div class='notes-par'><span style='font-weight:bold;'>２</span>
						</div>
					</td>
					<td style='border:1px solid #808080; padding:3px 6px; vertical-align:top;'>
						<div class='notes-par'><span class='notes-field-wrap'><span class='notes-field' data-field='KANKEI2' data-type='text' data-kind='editable'></span></span>
						</div>
					</td>
					<td style='border:1px solid #808080; padding:3px 6px; vertical-align:top;'>
						<div class='notes-par'><span class='notes-field-wrap'><span class='notes-field' data-field='KANJIKAN2' data-type='text' data-kind='editable'></span></span><span style='font-weight:bold;'>分：</span><span class='notes-field-wrap'><span class='notes-field' data-field='HDATE2' data-type='datetime' data-kind='editable'></span></span>
						</div>
					</td>
				</tr>
				<tr>
					<td style='border:1px solid #808080; padding:3px 6px; vertical-align:top; background:#e9f3ff; font-weight:bold; width:120px;'>
						<div class='notes-par'><span style='font-weight:bold;'>３</span>
						</div>
					</td>
					<td style='border:1px solid #808080; padding:3px 6px; vertical-align:top;'>
						<div class='notes-par'><span class='notes-field-wrap'><span class='notes-field' data-field='KANKEI3' data-type='text' data-kind='editable'></span></span>
						</div>
					</td>
					<td style='border:1px solid #808080; padding:3px 6px; vertical-align:top;'>
						<div class='notes-par'><span class='notes-field-wrap'><span class='notes-field' data-field='KANJIKAN3' data-type='text' data-kind='editable'></span></span><span style='font-weight:bold;'>分：</span><span class='notes-field-wrap'><span class='notes-field' data-field='HDATE3' data-type='datetime' data-kind='editable'></span></span>
						</div>
					</td>
				</tr>
			</table>
		</div>
	</div><br/>
	<div class='notes-section'>
		<div class='notes-section-body'>
			<table style='margin-top:1em; border-collapse:collapse; width:800px;'>
				<tr>
					<td style='background:#d9d9d9; padding:2px 6px; font-weight:bold;'>対応ﾒﾓ
					</td>
				</tr>
			</table><br/>
			<div class='notes-par'><span class='notes-field-wrap'><span class='notes-field' data-field='Memo' data-type='text' data-kind='editable'></span></span>
			</div>
		</div>
	</div><br/>
	<div class='notes-section' data-hidewhen='@Contains(@UserRoles;&quot;[JSOX]&quot;)'>
		<div class='notes-section-body'>
			<table style='margin-top:1em; border-collapse:collapse; width:800px;'>
				<tr>
					<td style='background:#d9d9d9; padding:2px 6px; font-weight:bold;'>添付資料
					</td>
				</tr>
			</table><br/>
			<div class='notes-par'><span style='font-weight:bold;'>PC修理 ・・・・：</span><span class='notes-field-wrap'><span class='notes-field' data-field='body_1' data-type='richtext' data-kind='editable'><p></p></span></span>
			</div><br/>
			<div class='notes-par'><span style='font-weight:bold;'>関連ｺｰﾙ</span><span style='font-weight:bold;'>・・・・：</span><span class='notes-field-wrap'><span class='notes-field' data-field='body' data-type='richtext' data-kind='editable'><div id='seg-001' data-id='seg-001'><div style='margin:8px 0; padding:10px; border:1px solid #e3e3e3; border-radius:10px;'><object data='name:p1' data-attachment='①.png' type='image/png'></object></div></div>
<div id='seg-002' data-id='seg-002'><div style='margin:8px 0; padding:10px; border:1px solid #e3e3e3; border-radius:10px;'><object data='name:p2' data-attachment='②.png' type='image/png'></object></div></div>
<div id='seg-003' data-id='seg-003'><span id='seg-003-anchor'>seg-003</span></div></span></span>
			</div>
		</div>
	</div><br/>
	<div class='notes-section' data-hidewhen='@Contains(@UserRoles;&quot;[JSOX]&quot;)'>
		<div class='notes-section-body'>
			<table style='margin-top:1em; border-collapse:collapse; width:800px;'>
				<tr>
					<td style='background:#d9d9d9; padding:2px 6px; font-weight:bold;'>履歴情報
					</td>
				</tr>
			</table><br/>
			<div class='notes-par'><span class='notes-field-wrap'><span class='notes-field' data-field='history' data-type='text' data-kind='computed' data-allowmultivalues='true'>2024/09/30 19:25 渡部 真由美 CLOSE<br/>2024/09/27 18:08 渡部 真由美 OPEN<br/>2024/09/27 17:21 渡部 真由美 CLOSE<br/>2024/09/27 12:52 渡部 真由美 CLOSE<br/>2024/09/27 9:13 渡部 真由美 CLOSE<br/>2024/09/27 8:35 渡部 真由美 OPEN<br/>2024/09/27 8:32 渡部 真由美 OPEN</span></span>
			</div>
		</div>
	</div>
</div>

        </body>
        </html>
2026-02-17 09:02:07 INFO [main.services.graph_client] Create OneNote page parts: count=2 parts=[{'part_name': 'p1', 'filename': '①.png', 'content_type': 'image/png', 'size': 414638}, {'part_name': 'p2', 'filename': '②.png', 'content_type': 'image/png', 'size': 421450}]
2026-02-17 09:02:07 DEBUG [main.services.graph_client] Graph request: POST https://graph.microsoft.com/v1.0/me/onenote/sections/1-44fb02cf-3b28-43ab-8129-5c7e65e3213f/pages headers={'Authorization': '***REDACTED***'} kwargs={'multipart_parts': [{'part': 'Presentation', 'filename': 'presentation.html', 'content_type': 'text/html', 'size': 82858}, {'part': 'p1', 'filename': '①.png', 'content_type': 'image/png', 'size': 414638}, {'part': 'p2', 'filename': '②.png', 'content_type': 'image/png', 'size': 421450}]}
2026-02-17 09:02:19 DEBUG [urllib3.connectionpool] https://graph.microsoft.com:443 "POST /v1.0/me/onenote/sections/1-44fb02cf-3b28-43ab-8129-5c7e65e3213f/pages HTTP/1.1" 201 None
2026-02-17 09:02:19 INFO [main.services.graph_client] Graph request success: POST https://graph.microsoft.com/v1.0/me/onenote/sections/1-44fb02cf-3b28-43ab-8129-5c7e65e3213f/pages status=201 elapsed=12042ms
2026-02-17 09:02:19 DEBUG [main.services.graph_client] Graph request: PATCH https://graph.microsoft.com/v1.0/me/onenote/pages/1-701e756eba8342ed97c49d01c31c4128!213-44fb02cf-3b28-43ab-8129-5c7e65e3213f/content headers={'Authorization': '***REDACTED***'} kwargs={'multipart_parts': [{'part': 'p1', 'filename': '③.png', 'content_type': 'image/png', 'size': 399916}, {'part': 'Commands', 'filename': 'commands.json', 'content_type': 'application/json', 'size': 295}]}
2026-02-17 09:02:29 DEBUG [urllib3.connectionpool] https://graph.microsoft.com:443 "PATCH /v1.0/me/onenote/pages/1-701e756eba8342ed97c49d01c31c4128!213-44fb02cf-3b28-43ab-8129-5c7e65e3213f/content HTTP/1.1" 400 None
2026-02-17 09:02:29 ERROR [main.services.graph_client] Graph request failed: PATCH https://graph.microsoft.com/v1.0/me/onenote/pages/1-701e756eba8342ed97c49d01c31c4128!213-44fb02cf-3b28-43ab-8129-5c7e65e3213f/content status=400 elapsed=10443ms body={"error":{"code":"20122","message":"The PATCH action $Delete not supported.","innerError":{"date":"2026-02-17T00:02:29","request-id":"fc683f86-a0bf-4c06-9759-cc9175bc8a95","client-request-id":"fc683f86-a0bf-4c06-9759-cc9175bc8a95"}}}
2026-02-17 09:05:25 DEBUG [main.services.graph_client] Graph request: GET https://graph.microsoft.com/v1.0/me/onenote/notebooks?$filter=displayName eq 'OHNO_Notes_to_OneNote'&$select=id,displayName headers={'Authorization': '***REDACTED***'} kwargs={}
2026-02-17 09:05:25 DEBUG [urllib3.connectionpool] Starting new HTTPS connection (1): graph.microsoft.com:443
2026-02-17 09:05:33 DEBUG [urllib3.connectionpool] https://graph.microsoft.com:443 "GET /v1.0/me/onenote/notebooks?$filter=displayName%20eq%20'OHNO_Notes_to_OneNote'&$select=id,displayName HTTP/1.1" 200 None
2026-02-17 09:05:34 INFO [main.services.graph_client] Graph request success: GET https://graph.microsoft.com/v1.0/me/onenote/notebooks?$filter=displayName eq 'OHNO_Notes_to_OneNote'&$select=id,displayName status=200 elapsed=9142ms
2026-02-17 09:05:34 DEBUG [main.services.graph_client] Graph request: GET https://graph.microsoft.com/v1.0/me/onenote/notebooks/1-2c806da6-c7ba-4813-8ea0-7de5801ec332/sections?$filter=displayName eq 'CallDB2024'&$select=id,displayName headers={'Authorization': '***REDACTED***'} kwargs={}
2026-02-17 09:05:35 DEBUG [urllib3.connectionpool] https://graph.microsoft.com:443 "GET /v1.0/me/onenote/notebooks/1-2c806da6-c7ba-4813-8ea0-7de5801ec332/sections?$filter=displayName%20eq%20'CallDB2024'&$select=id,displayName HTTP/1.1" 200 None
2026-02-17 09:05:35 INFO [main.services.graph_client] Graph request success: GET https://graph.microsoft.com/v1.0/me/onenote/notebooks/1-2c806da6-c7ba-4813-8ea0-7de5801ec332/sections?$filter=displayName eq 'CallDB2024'&$select=id,displayName status=200 elapsed=1327ms
2026-02-17 09:05:35 INFO [main.services.graph_client] Create OneNote page XHTML:
<!DOCTYPE html>
        <html>
        <head>
        <title>【ﾒｰﾙ対応】【Prisma】Global Protect接続不良についてのご相談【NHフーズ・チリ 柴田】</title>
        </head>
        <body>
        <!-- source_dxl: C:\Users\SLY\Documents\Python実験\Python - OneNote\Git\Notes_to_OneNote_python\scripts\target_form\FORM_Call2024.nsf_Call4.dxl -->

<style>
.notes-form{font-family:MS PGothic,Meiryo,'Segoe UI',Arial,sans-serif;font-size:11pt;line-height:1.45;color:#222;}
.notes-form table{border-collapse:collapse; width:800px; table-layout:fixed;}
.notes-form td,.notes-form th{border:1px solid #808080; padding:3px 6px; vertical-align:top;}
.notes-form th{background:#efefef;font-weight:normal;}
.notes-form .notes-par{margin:2px 0;font-weight:bold;}
.notes-form .notes-unit{font-weight:normal;}
.notes-form .notes-field{display:inline-block;min-width:6em;min-height:1.2em;border:1px solid #666;background:#fff;padding:1px 4px;border-radius:2px;}
.notes-form .notes-field[data-kind='computed'],
.notes-form .notes-field[data-kind='computedfordisplay'],
.notes-form .notes-field[data-kind='computedwhencomposed']{background:#f7f7f7;color:#555;}
.notes-form .notes-link{color:#0645ad;text-decoration:underline;}
.notes-form .notes-subform{border:1px dashed #aaa;padding:6px;margin:6px 0;background:#fafafa;}
.notes-form .notes-subform-title{font-weight:bold;margin-bottom:4px;}
.notes-form .notes-section{border:1px solid #a0a0a0;margin:6px 0;}
.notes-form .notes-section-title{background:#d9d9d9;padding:2px 6px;font-weight:bold;}
.notes-form .notes-section-body{padding:4px 6px;}
.notes-form .notes-textlist{display:block;margin-left:1em;}

</style>
<div class='notes-form' data-design='コール受付(改4) (Call4)'>
	<div class='notes-section' data-hidewhen='@IsNewDoc'>
		<div class='notes-section-body'>

			<table style='margin-top:1em; border-collapse:collapse; width:800px;'>
				<tr>
					<td style='background:#d9d9d9; padding:2px 6px; font-weight:bold;'>一次対応</td>
				</tr>
			</table>
			<br/>
			<div class='notes-par'>
				<span class='notes-field-wrap'>
					<span class='notes-field' data-field='Title' data-type='text' data-kind='computedwhencomposed' style='font-weight:bold;'>新規コール受付（問題番号：409276083108）</span>
				</span>
			</div>
			<table style='border-collapse:collapse; width:800px; table-layout:fixed;' width='800' border='1' cellspacing='0' cellpadding='0'>
				<tr>
					<td style='border:1px solid #808080; padding:3px 6px; vertical-align:top; background:#e9f3ff; font-weight:bold; width:120px;'>
						<div class='notes-par'><span style='font-weight:bold;'>ユーザー番号</span>
						</div>
					</td>
					<td style='border:1px solid #808080; padding:3px 6px; vertical-align:top;'>
						<div class='notes-par'>
							<span class='notes-field-wrap'>
								<span class='notes-field' data-field='outline' data-type='text' data-kind='editable'>0828</span>
							</span>
						</div>
					</td>
					<td style='border:1px solid #808080; padding:3px 6px; vertical-align:top; background:#e9f3ff; font-weight:bold; width:120px;'>
						<div class='notes-par'><span style='font-weight:bold;'>会社CD</span>
						</div>
					</td>
					<td style='border:1px solid #808080; padding:3px 6px; vertical-align:top;'>
						<div class='notes-par'><span class='notes-field-wrap'><span class='notes-field' data-field='customercompanycd' data-type='text' data-kind='editable'>0828</span></span>
						</div>
					</td>
				</tr>
			</table>
			<table style= border-collapse:collapse; width:800px; table-layout:fixed;' width='800' border='1' cellspacing='0' cellpadding='0'>
				<tr>
					<td style='border:1px solid #808080; padding:3px 6px; vertical-align:top; background:#e9f3ff; font-weight:bold; width:120px;'>
						<div class='notes-par'><span style='font-weight:bold;'>問合せ発生時間</span>
						</div>
					</td>
					<td style='border:1px solid #808080; padding:3px 6px; vertical-align:top;' colspan='3'>
						<div class='notes-par'>
							<span class='notes-field-wrap'>
								<span class='notes-field' data-field='SDATE_Y' data-type='number' data-kind='editable'>2024</span>
							</span>
							<span style='font-weight:bold;'> 年</span>
							<span class='notes-field-wrap'>
								<span class='notes-field' data-field='SDATE_M' data-type='number' data-kind='editable'>9</span>
							</span>
							<span style='font-weight:bold;'> 月</span>
							<span class='notes-field-wrap'>
								<span class='notes-field' data-field='SDATE_D' data-type='number' data-kind='editable'>27</span>
							</span>
							<span style='font-weight:bold;'> 日（</span>
							<span class='notes-field-wrap'>
								<span class='notes-field' data-field='STIME_H' data-type='text' data-kind='editable'>7</span>
							</span>
							<span style='font-weight:bold;'> 時</span>
							<span class='notes-field-wrap'>
								<span class='notes-field' data-field='STIME_M' data-type='text' data-kind='editable'>48</span>
							</span>
							<span style='font-weight:bold;'> 分）</span>
						</div>
					</td>
				</tr>
				<tr>
					<td style='border:1px solid #808080; padding:3px 6px; vertical-align:top; background:#e9f3ff; font-weight:bold; width:120px;'>
						<div class='notes-par'><span style='font-weight:bold;'>対応開始時間</span>
						</div>
					</td>
					<td style='border:1px solid #808080; padding:3px 6px; vertical-align:top;' colspan='3'>
						<div class='notes-par'>
							<span class='notes-field-wrap'>
								<span class='notes-field' data-field='TDATE_Y' data-type='number' data-kind='editable'>2024</span>
							</span>
							<span style='font-weight:bold;'> 年</span>
							<span class='notes-field-wrap'>
								<span class='notes-field' data-field='TDATE_M' data-type='number' data-kind='editable'>9</span>
							</span>
							<span style='font-weight:bold;'> 月</span>
							<span class='notes-field-wrap'>
								<span class='notes-field' data-field='TDATE_D' data-type='number' data-kind='editable'>27</span>
							</span>
							<span style='font-weight:bold;'> 日（</span><span class='notes-field-wrap'>
								<span class='notes-field' data-field='TTIME_H' data-type='text' data-kind='editable'>8</span>
							</span>
							<span style='font-weight:bold;'> 時</span>
							<span class='notes-field-wrap'>
								<span class='notes-field' data-field='TTIME_M' data-type='text' data-kind='editable'>31</span>
							</span>
							<span style='font-weight:bold;'> 分）</span>
						</div>
					</td>
				</tr>
			</table>

			<table style='border-collapse:collapse; width:800px; table-layout:fixed;' width='800' border='1' cellspacing='0' cellpadding='0'>
				<tr>
					<td style='border:1px solid #808080; padding:3px 6px; vertical-align:top; background:#e9f3ff; font-weight:bold; width:120px;'>
						<div class='notes-par'><span style='font-weight:bold;'>事業所名</span>
						</div>
					</td>
					<td style='border:1px solid #808080; padding:3px 6px; vertical-align:top;'>
						<div class='notes-par'><span class='notes-field-wrap'><span class='notes-field' data-field='customername' data-type='text' data-kind='editable' data-allowmultivalues='true'>ＮＨフーズ・チリ</span></span>
						</div>
					</td>
					<td style='border:1px solid #808080; padding:3px 6px; vertical-align:top; background:#e9f3ff; font-weight:bold; width:120px;'>
						<div class='notes-par'><span style='font-weight:bold;'>事業所名（カナ）</span>
						</div>
					</td>
					<td style='border:1px solid #808080; padding:3px 6px; vertical-align:top;'>
						<div class='notes-par'><span class='notes-field-wrap'><span class='notes-field' data-field='kana' data-type='text' data-kind='editable'>NHﾌ-ｽﾞ･ﾁﾘ</span></span>
						</div>
					</td>
				</tr>
				<tr>
					<td style='border:1px solid #808080; padding:3px 6px; vertical-align:top; background:#e9f3ff; font-weight:bold; width:120px;'>
						<div class='notes-par'><span style='font-weight:bold;'>所属</span>
						</div>
					</td>
					<td style='border:1px solid #808080; padding:3px 6px; vertical-align:top;'>
						<div class='notes-par'><span class='notes-field-wrap'><span class='notes-field' data-field='SEC1' data-type='text' data-kind='editable'></span></span>
						</div>
					</td>
					<td style='border:1px solid #808080; padding:3px 6px; vertical-align:top;'>
						<div class='notes-par'><span class='notes-field-wrap'><span class='notes-field' data-field='SEC2' data-type='text' data-kind='editable'>海外事業本部</span></span>
						</div>
					</td>
					<td style='border:1px solid #808080; padding:3px 6px; vertical-align:top;'>
						<div class='notes-par'><span class='notes-field-wrap'><span class='notes-field' data-field='SEC3' data-type='text' data-kind='editable'>ＮＨフーズ・チリ</span></span>
						</div>
					</td>
				</tr>
				<tr>
					<td style='border:1px solid #808080; padding:3px 6px; vertical-align:top; background:#e9f3ff; font-weight:bold; width:120px;'>
						<div class='notes-par'><span style='font-weight:bold;'>住所</span>
						</div>
					</td>
					<td style='border:1px solid #808080; padding:3px 6px; vertical-align:top;'>
						<div class='notes-par'><span class='notes-field-wrap'><span class='notes-field' data-field='ADDRESS1' data-type='text' data-kind='editable'>－－</span></span>
						</div>
					</td>
					<td style='border:1px solid #808080; padding:3px 6px; vertical-align:top;'>
						<div class='notes-par'><span class='notes-field-wrap'><span class='notes-field' data-field='ADDRESS2' data-type='text' data-kind='editable'>－－－－－－</span></span>
						</div>
					</td>
					<td style='border:1px solid #808080; padding:3px 6px; vertical-align:top;'>
						<div class='notes-par'><span class='notes-field-wrap'><span class='notes-field' data-field='ADDRESS3' data-type='text' data-kind='editable'>－－－－－－ＡＶ．ＡＮＤＥＲＳＢＥＬＬＯ２６８７，ＯＦＩＣＩ</span></span>
						</div>
					</td>
				</tr>
				<tr>
					<td style='border:1px solid #808080; padding:3px 6px; vertical-align:top; background:#e9f3ff; font-weight:bold; width:120px;'>
						<div class='notes-par'><span style='font-weight:bold;'>電話</span>
						</div>
					</td>
					<td style='border:1px solid #808080; padding:3px 6px; vertical-align:top;'>
						<div class='notes-par'><span class='notes-field-wrap'><span class='notes-field' data-field='tel' data-type='text' data-kind='editable'>56-2-2438-68</span></span>
						</div>
					</td>
					<td style='border:1px solid #808080; padding:3px 6px; vertical-align:top; background:#e9f3ff; font-weight:bold; width:120px;'>
						<div class='notes-par'><span style='font-weight:bold;'>部門名</span>
						</div>
					</td>
					<td style='border:1px solid #808080; padding:3px 6px; vertical-align:top;'>
						<div class='notes-par'><span class='notes-field-wrap'><span class='notes-field' data-field='BUMON' data-type='text' data-kind='editable'>直轄</span></span>
						</div>
					</td>
				</tr>
				<tr>
					<td style='border:1px solid #808080; padding:3px 6px; vertical-align:top; background:#e9f3ff; font-weight:bold; width:120px;'>
						<div class='notes-par'><span style='font-weight:bold;'>ＦＡＸ</span>
						</div>
					</td>
					<td style='border:1px solid #808080; padding:3px 6px; vertical-align:top;'>
						<div class='notes-par'><span class='notes-field-wrap'><span class='notes-field' data-field='fax' data-type='text' data-kind='editable'></span></span>
						</div>
					</td>
					<td style='border:1px solid #808080; padding:3px 6px; vertical-align:top; background:#e9f3ff; font-weight:bold; width:120px;'>
						<div class='notes-par'><span style='font-weight:bold;'>会社区分</span>
						</div>
					</td>
					<td style='border:1px solid #808080; padding:3px 6px; vertical-align:top;'>
						<div class='notes-par'><span class='notes-field-wrap'><span class='notes-field' data-field='KAISHA' data-type='text' data-kind='editable'>商事会社（ＪＦ，イースタン）</span></span>
						</div>
					</td>
				</tr>
			</table><br/>
			<table style='margin-top:1em; border-collapse:collapse; width:800px; table-layout:fixed;' width='800' border='1' cellspacing='0' cellpadding='0' data-hidewhen='@Contains(@UserRoles;&quot;[JSOX]&quot;)'>
				<tr>
					<td style='border:1px solid #808080; padding:3px 6px; vertical-align:top; background:#e9f3ff; font-weight:bold; width:120px;'>
						<div class='notes-par'><span style='font-weight:bold;'>問合せ者氏名（漢字）</span>
						</div>
					</td>
					<td style='border:1px solid #808080; padding:3px 6px; vertical-align:top;'>
						<div class='notes-par'><span class='notes-field-wrap'><span class='notes-field' data-field='customername_1' data-type='text' data-kind='editable' data-allowmultivalues='true'>柴田.峻介</span></span>
						</div>
					</td>
					<td style='border:1px solid #808080; padding:3px 6px; vertical-align:top; background:#e9f3ff; font-weight:bold; width:120px;'>
						<div class='notes-par'><span style='font-weight:bold;'>問合せ者氏名（カナ）</span>
						</div>
					</td>
					<td style='border:1px solid #808080; padding:3px 6px; vertical-align:top;'>
						<div class='notes-par'><span class='notes-field-wrap'><span class='notes-field' data-field='customername_2' data-type='text' data-kind='editable' data-allowmultivalues='true'>ｼﾊﾞﾀ ｼｭﾝｽｹ</span></span>
						</div>
					</td>
				</tr>
				<tr data-hidewhen='@Contains(@UserRoles;&quot;[JSOX]&quot;)'>
					<td style='border:1px solid #808080; padding:3px 6px; vertical-align:top; background:#e9f3ff; font-weight:bold; width:120px;'>
						<div class='notes-par'><span style='font-weight:bold;'>問合せ者ユーザーID</span>
						</div>
					</td>
					<td style='border:1px solid #808080; padding:3px 6px; vertical-align:top;' data-hidewhen='@Contains(@UserRoles;&quot;[JSOX]&quot;)'>
						<div class='notes-par'><span class='notes-field-wrap'><span class='notes-field' data-field='customerID' data-type='text' data-kind='editable'>US0000443</span></span>
						</div>
					</td>
					<td style='border:1px solid #808080; padding:3px 6px; vertical-align:top; background:#e9f3ff; font-weight:bold; width:120px;'>
						<div class='notes-par'><span style='font-weight:bold;'>連絡先（携帯電話/内線番号）</span>
						</div>
					</td>
					<td style='border:1px solid #808080; padding:3px 6px; vertical-align:top;'>
						<div class='notes-par'><span class='notes-field-wrap'><span class='notes-field' data-field='customerkeitai' data-type='text' data-kind='editable' data-allowmultivalues='true'>+56-9-4075-1595</span></span>
						</div>
					</td>
				</tr>
			</table><br/>
			<div class='notes-par'><span style='font-weight:bold;'>一次　問い合わせ内容</span>
			</div>
			<table style='margin-top:1em; border-collapse:collapse; width:800px; table-layout:fixed;' width='800' border='1' cellspacing='0' cellpadding='0' data-hidewhen='!(@Contains(@UserRoles;&quot;[HELP]&quot;) | @Contains(@UserRoles;&quot;[二次]&quot;) | @Contains(@UserRoles;&quot;[関連]&quot;) | @Contains(@UserRoles;&quot;[携帯他]&quot;))'>
				<tr>
					<td style='border:1px solid #808080; padding:3px 6px; vertical-align:top; background:#e9f3ff; font-weight:bold; width:120px;'>
						<div class='notes-par'><span style='font-weight:bold;'>質問概要</span>
						</div>
					</td>
					<td style='border:1px solid #808080; padding:3px 6px; vertical-align:top;'>
						<div class='notes-par'><span class='notes-field-wrap'><span class='notes-field' data-field='outline' data-type='text' data-kind='editable'>【ﾒｰﾙ対応】【Prisma】Global Protect接続不良についてのご相談【NHフーズ・チリ 柴田】</span></span>
						</div>
					</td>
				</tr>
				<tr>
					<td style='border:1px solid #808080; padding:3px 6px; vertical-align:top; background:#e9f3ff; font-weight:bold; width:120px;'>
						<div class='notes-par'><span style='font-weight:bold;'>問合せ内容</span>
						</div>
						<div class='notes-par'><span style='font-weight:bold;'>（詳細）</span>
						</div>
					</td>
					<td style='border:1px solid #808080; padding:3px 6px; vertical-align:top;'>
						<div class='notes-par'><span class='notes-field-wrap'><span class='notes-field' data-field='inquiry' data-type='text' data-kind='editable'></span></span>
						</div>
					</td>
				</tr>
				<tr data-hidewhen='!(@Contains(@UserRoles;&quot;[HELP]&quot;) | @Contains(@UserRoles;&quot;[二次]&quot;) | @Contains(@UserRoles;&quot;[関連]&quot;) | @Contains(@UserRoles;&quot;[携帯他]&quot;))'>
					<td style='border:1px solid #808080; padding:3px 6px; vertical-align:top; background:#e9f3ff; font-weight:bold; width:120px;'>
						<div class='notes-par'><span style='font-weight:bold;'>対応内容</span>
						</div>
						<div class='notes-par'><span style='font-weight:bold;'>最終回答</span>
						</div>
					</td>
					<td style='border:1px solid #808080; padding:3px 6px; vertical-align:top;' data-hidewhen='!(@Contains(@UserRoles;&quot;[HELP]&quot;) | @Contains(@UserRoles;&quot;[二次]&quot;) | @Contains(@UserRoles;&quot;[関連]&quot;) | @Contains(@UserRoles;&quot;[携帯他]&quot;))'>
						<div class='notes-par'><span class='notes-field-wrap'><span class='notes-field' data-field='answer' data-type='text' data-kind='editable'></span></span>
						</div>
						<div class='notes-par'><span style='font-weight:bold;'>処理件数：</span><span class='notes-field-wrap'><span class='notes-field' data-field='Processing_number' data-type='text' data-kind='editable'></span></span>
						</div>
						<div class='notes-par'><span style='font-weight:bold;'>ﾊﾟｽﾜｰﾄﾞ</span><span style='font-weight:bold;'>ﾉｰﾂ：</span><span class='notes-field-wrap'><span class='notes-field' data-field='pass' data-type='text' data-kind='editable'></span></span><span style='font-weight:bold;'>AD：</span><span class='notes-field-wrap'><span class='notes-field' data-field='pass_1' data-type='text' data-kind='editable'></span></span><span style='font-weight:bold;'>その他：</span><span class='notes-field-wrap'><span class='notes-field' data-field='pass_2' data-type='text' data-kind='editable'></span></span>
						</div>
					</td>
				</tr>
				<tr>
					<td style='border:1px solid #808080; padding:3px 6px; vertical-align:top; background:#e9f3ff; font-weight:bold; width:120px;'>
						<div class='notes-par'><span style='font-weight:bold;'>対応時間</span>
						</div>
						<div class='notes-par'><span style='font-weight:bold;'>調査時間</span>
						</div>
					</td>
					<td style='border:1px solid #808080; padding:3px 6px; vertical-align:top;'>
						<div class='notes-par'><span class='notes-field-wrap'><span class='notes-field' data-field='JIKAN' data-type='number' data-kind='editable'>60</span></span><span style='font-weight:bold;'>分　【ログ送信日時</span><span style='font-weight:bold;'>】：</span><span class='notes-field-wrap'><span class='notes-field' data-field='JDATE_Y' data-type='text' data-kind='editable'></span></span><span style='font-weight:bold;'>年</span><span class='notes-field-wrap'><span class='notes-field' data-field='JDATE_M' data-type='text' data-kind='editable'></span></span><span style='font-weight:bold;'> 月</span><span class='notes-field-wrap'><span class='notes-field' data-field='JDATE_D' data-type='text' data-kind='editable'></span></span><span style='font-weight:bold;'>日（</span><span class='notes-field-wrap'><span class='notes-field' data-field='JTIME_H' data-type='text' data-kind='editable'></span></span><span style='font-weight:bold;'>時</span><span class='notes-field-wrap'><span class='notes-field' data-field='JTIME_M' data-type='text' data-kind='editable'></span></span><span style='font-weight:bold;'>分）</span>
						</div>
						<div class='notes-par'><span class='notes-field-wrap'><span class='notes-field' data-field='JIKAN2' data-type='number' data-kind='editable'>40</span></span><span style='font-weight:bold;'>分</span>
						</div>
						<div class='notes-par'><span style='font-weight:bold;'>追加対応者</span><span style='font-weight:bold;'>対応時間：</span><span class='notes-field-wrap'><span class='notes-field' data-field='JIKAN_3' data-type='number' data-kind='editable'></span></span><span style='font-weight:bold;'>分</span><span style='font-weight:bold;'>調査時間：</span><span class='notes-field-wrap'><span class='notes-field' data-field='JIKAN_4' data-type='number' data-kind='editable'></span></span><span style='font-weight:bold;'>分　　ログチェック：</span><span class='notes-field-wrap'><span class='notes-field' data-field='JIKAN_5' data-type='number' data-kind='editable'>1</span></span><span style='font-weight:bold;'> 分</span>
						</div>
					</td>
				</tr>
				<tr>
					<td style='border:1px solid #808080; padding:3px 6px; vertical-align:top; background:#e9f3ff; font-weight:bold; width:120px;'>
						<div class='notes-par'><span style='font-weight:bold;'>対応完了日時</span>
						</div>
					</td>
					<td style='border:1px solid #808080; padding:3px 6px; vertical-align:top;'>
						<div class='notes-par'><span class='notes-field-wrap'><span class='notes-field' data-field='EDATE_Y' data-type='number' data-kind='editable'>2024</span></span><span style='font-weight:bold;'> 年</span><span class='notes-field-wrap'><span class='notes-field' data-field='EDATE_M' data-type='number' data-kind='editable'>9</span></span><span style='font-weight:bold;'> 月</span><span class='notes-field-wrap'><span class='notes-field' data-field='EDATE_D' data-type='number' data-kind='editable'>27</span></span><span style='font-weight:bold;'> 日（</span><span class='notes-field-wrap'><span class='notes-field' data-field='ETIME_H' data-type='text' data-kind='editable'>11</span></span><span style='font-weight:bold;'> 時</span><span class='notes-field-wrap'><span class='notes-field' data-field='ETIME_M' data-type='text' data-kind='editable'>17</span></span><span style='font-weight:bold;'> 分）</span>
						</div>
					</td>
				</tr>
			</table><br/>
			<div class='notes-par'><span style='font-weight:bold;'>＜対象者情報＞</span>
			</div>
			<table style='margin-top:1em; border-collapse:collapse; width:800px; table-layout:fixed;' width='800' border='1' cellspacing='0' cellpadding='0' data-hidewhen='@Contains(@UserRoles;&quot;[JSOX]&quot;)'>
				<tr data-hidewhen='@Contains(@UserRoles;&quot;[JSOX]&quot;)'>
					<td style='border:1px solid #808080; padding:3px 6px; vertical-align:top; background:#e9f3ff; font-weight:bold; width:120px;' data-hidewhen='@Contains(@UserRoles;&quot;[JSOX]&quot;)'>
						<div class='notes-par'><span style='font-weight:bold;'>対象者氏名</span>
						</div>
					</td>
					<td style='border:1px solid #808080; padding:3px 6px; vertical-align:top;' data-hidewhen='@Contains(@UserRoles;&quot;[JSOX]&quot;)'>
						<div class='notes-par'><span class='notes-field-wrap'><span class='notes-field' data-field='name' data-type='text' data-kind='editable'></span></span>
						</div>
					</td>
					<td style='border:1px solid #808080; padding:3px 6px; vertical-align:top; background:#e9f3ff; font-weight:bold; width:120px;' data-hidewhen='@Contains(@UserRoles;&quot;[JSOX]&quot;)'>
						<div class='notes-par'><span style='font-weight:bold;'>ADユーザーID</span>
						</div>
					</td>
					<td style='border:1px solid #808080; padding:3px 6px; vertical-align:top;' data-hidewhen='@Contains(@UserRoles;&quot;[JSOX]&quot;)'>
						<div class='notes-par'><span class='notes-field-wrap'><span class='notes-field' data-field='ADID' data-type='text' data-kind='editable'></span></span>
						</div>
					</td>
				</tr>
				<tr>
					<td style='border:1px solid #808080; padding:3px 6px; vertical-align:top; background:#e9f3ff; font-weight:bold; width:120px;'>
						<div class='notes-par'><span style='font-weight:bold;'>コンピューター名</span>
						</div>
					</td>
					<td style='border:1px solid #808080; padding:3px 6px; vertical-align:top;'>
						<div class='notes-par'><span class='notes-field-wrap'><span class='notes-field' data-field='pc_name' data-type='text' data-kind='editable'></span></span>
						</div>
					</td>
					<td style='border:1px solid #808080; padding:3px 6px; vertical-align:top; background:#e9f3ff; font-weight:bold; width:120px;'>
						<div class='notes-par'><span style='font-weight:bold;'>メールアドレス</span>
						</div>
					</td>
					<td style='border:1px solid #808080; padding:3px 6px; vertical-align:top;'>
						<div class='notes-par'><span class='notes-field-wrap'><span class='notes-field' data-field='MailAddress' data-type='text' data-kind='editable'></span></span>
						</div>
					</td>
				</tr>
			</table><br/>
			<div class='notes-par'><span style='font-weight:bold;'>＜Office365情報＞</span>
			</div>
			<table style='margin-top:1em; border-collapse:collapse; width:800px; table-layout:fixed;' width='800' border='1' cellspacing='0' cellpadding='0' data-hidewhen='@Contains(@UserRoles;&quot;[JSOX]&quot;)'>
				<tr>
					<td style='border:1px solid #808080; padding:3px 6px; vertical-align:top; background:#e9f3ff; font-weight:bold; width:120px;'>
						<div class='notes-par'><span style='font-weight:bold;'>Offife365ライセンス</span>
						</div>
					</td>
					<td style='border:1px solid #808080; padding:3px 6px; vertical-align:top;'>
						<div class='notes-par'><span class='notes-field-wrap'><span class='notes-field' data-field='O365License' data-type='keyword' data-kind='editable'></span></span>
						</div>
					</td>
					<td style='border:1px solid #808080; padding:3px 6px; vertical-align:top; background:#e9f3ff; font-weight:bold; width:120px;'>
						<div class='notes-par'><span style='font-weight:bold;'>Outlook使用アプリ</span>
						</div>
					</td>
					<td style='border:1px solid #808080; padding:3px 6px; vertical-align:top;'>
						<div class='notes-par'><span class='notes-field-wrap'><span class='notes-field' data-field='OutlookApri' data-type='keyword' data-kind='editable'></span></span>
						</div>
					</td>
				</tr>
				<tr>
					<td style='border:1px solid #808080; padding:3px 6px; vertical-align:top; background:#e9f3ff; font-weight:bold; width:120px;'>
						<div class='notes-par'><span style='font-weight:bold;'>利用環境_端末</span>
						</div>
					</td>
					<td style='border:1px solid #808080; padding:3px 6px; vertical-align:top;'>
						<div class='notes-par'><span class='notes-field-wrap'><span class='notes-field' data-field='plathome' data-type='keyword' data-kind='editable'></span></span>
						</div>
					</td>
					<td style='border:1px solid #808080; padding:3px 6px; vertical-align:top; background:#e9f3ff; font-weight:bold; width:120px;'>
						<div class='notes-par'><span style='font-weight:bold;'>スマートデバイス回線番号</span>
						</div>
					</td>
					<td style='border:1px solid #808080; padding:3px 6px; vertical-align:top;'>
						<div class='notes-par'><span class='notes-field-wrap'><span class='notes-field' data-field='mobile_tel_no' data-type='text' data-kind='editable'></span></span>
						</div>
					</td>
				</tr>
			</table>

			<table style='border-collapse:collapse; width:800px; table-layout:fixed;' width='800' border='1' cellspacing='0' cellpadding='0' data-hidewhen='@Contains(@UserRoles;&quot;[JSOX]&quot;)'>
				<tr data-hidewhen='@Contains(@UserRoles;&quot;[JSOX]&quot;)'>
					<td style='border:1px solid #808080; padding:3px 6px; vertical-align:top; background:#e9f3ff; font-weight:bold; width:120px;' data-hidewhen='@Contains(@UserRoles;&quot;[JSOX]&quot;)'>
						<div class='notes-par'><span style='font-weight:bold;'>利用環境_種類</span>
						</div>
					</td>
					<td style='border:1px solid #808080; padding:3px 6px; vertical-align:top;' colspan='3' data-hidewhen='@Contains(@UserRoles;&quot;[JSOX]&quot;)'>
						<div class='notes-par'><span class='notes-field-wrap'><span class='notes-field' data-field='O365SYURUI' data-type='keyword' data-kind='editable' data-allowmultivalues='true'></span></span><span style='font-weight:bold;'>　(：</span><span class='notes-field-wrap'><span class='notes-field' data-field='BROWSER' data-type='keyword' data-kind='editable' data-allowmultivalues='true'></span></span><span style='font-weight:bold;'>)</span>
						</div>
					</td>
				</tr>
				<tr data-hidewhen='@Contains(@UserRoles;&quot;[JSOX]&quot;)'>
					<td style='border:1px solid #808080; padding:3px 6px; vertical-align:top; background:#e9f3ff; font-weight:bold; width:120px;'>
						<div class='notes-par'><span style='font-weight:bold;'>実施作業</span>
						</div>
					</td>
					<td style='border:1px solid #808080; padding:3px 6px; vertical-align:top;' colspan='3' data-hidewhen='@Contains(@UserRoles;&quot;[JSOX]&quot;)'>
						<div class='notes-par'><span class='notes-field-wrap'><span class='notes-field' data-field='SAGYO' data-type='keyword' data-kind='editable' data-allowmultivalues='true'></span></span>
						</div>
					</td>
				</tr>
			</table><br/>
			<table style='margin-top:1em; border-collapse:collapse; width:800px; table-layout:fixed;' width='800' border='1' cellspacing='0' cellpadding='0' data-hidewhen='@Contains(@UserRoles;&quot;[JSOX]&quot;)'>
				<tr>
					<td style='border:1px solid #808080; padding:3px 6px; vertical-align:top; background:#e9f3ff; font-weight:bold; width:120px;'>
						<div class='notes-par'><span style='font-weight:bold;'>問合せ種別</span>
						</div>
					</td>
					<td style='border:1px solid #808080; padding:3px 6px; vertical-align:top;'>
						<div class='notes-par'><span class='notes-field-wrap'><span class='notes-field' data-field='category1' data-type='keyword' data-kind='editable'>トラブル</span></span>
						</div>
					</td>
					<td style='border:1px solid #808080; padding:3px 6px; vertical-align:top; background:#e9f3ff; font-weight:bold; width:120px;'>
						<div class='notes-par'><span style='font-weight:bold;'>問合せチャネル</span>
						</div>
					</td>
					<td style='border:1px solid #808080; padding:3px 6px; vertical-align:top;'>
						<div class='notes-par'><span class='notes-field-wrap'><span class='notes-field' data-field='category5' data-type='keyword' data-kind='editable'>メール</span></span>
						</div>
					</td>
				</tr>
			</table>
			<table style='border-collapse:collapse; width:800px; table-layout:fixed;' width='800' border='1' cellspacing='0' cellpadding='0'>
				<tr>
					<td style='border:1px solid #808080; padding:3px 6px; vertical-align:top; background:#e9f3ff; font-weight:bold; width:120px;'>
						<div class='notes-par'><span style='font-weight:bold;'>問合せ内容</span>
						</div>
					</td>
					<td style='border:1px solid #808080; padding:3px 6px; vertical-align:top;'>
						<div class='notes-par'>
							<span class='notes-field-wrap'>
								<span class='notes-field' data-field='category3' data-type='text' data-kind='editable'>06.ネットワーク関連</span>
							</span>
						</div>
						<div class='notes-par'><span class='notes-field-wrap'><span class='notes-field' data-field='category4' data-type='text' data-kind='editable'>06.Prismaﾘﾓｰﾄｱｸｾｽ</span></span>
						</div>
						<div class='notes-par'><span class='notes-field-wrap'><span class='notes-field' data-field='category6' data-type='text' data-kind='editable'></span></span>
						</div>
					</td>
				</tr>
				<tr data-hidewhen='@Contains(@UserRoles;&quot;[JSOX]&quot;)'>
					<td style='border:1px solid #808080; padding:3px 6px; vertical-align:top; background:#e9f3ff; font-weight:bold; width:120px;' data-hidewhen='@Contains(@UserRoles;&quot;[JSOX]&quot;)'>
						<div class='notes-par'><span style='font-weight:bold;'>サポートデスクＤＢ</span>
						</div>
					</td>
					<td style='border:1px solid #808080; padding:3px 6px; vertical-align:top;' colspan='3' data-hidewhen='@Contains(@UserRoles;&quot;[JSOX]&quot;)'>
						<div class='notes-par'><span style='font-weight:bold;'>カテゴリ１：</span><span class='notes-field-wrap'><span class='notes-field' data-field='S_Category1' data-type='text' data-kind='editable'></span></span>
						</div>
						<div class='notes-par'><span style='font-weight:bold;'>カテゴリ２：</span><span class='notes-field-wrap'><span class='notes-field' data-field='S_Category2' data-type='text' data-kind='editable'></span></span>
						</div>
						<div class='notes-par'><span style='font-weight:bold;'>カテゴリ３：</span><span class='notes-field-wrap'><span class='notes-field' data-field='S_Category3' data-type='text' data-kind='editable'></span></span>
						</div>
						<div class='notes-par'><span style='font-weight:bold;'>件名：</span><span class='notes-field-wrap'><span class='notes-field' data-field='S_Outline' data-type='text' data-kind='editable'></span></span>
						</div>
					</td>
				</tr>
				<tr>
					<td style='border:1px solid #808080; padding:3px 6px; vertical-align:top; background:#e9f3ff; font-weight:bold; width:120px;'>
						<div class='notes-par'><span style='font-weight:bold;'>ヘルプマニュアル</span>
						</div>
					</td>
					<td style='border:1px solid #808080; padding:3px 6px; vertical-align:top;' colspan='3'>
						<div class='notes-par'><span style='font-weight:bold;'>カテゴリ１：</span><span class='notes-field-wrap'><span class='notes-field' data-field='H_Category1' data-type='text' data-kind='editable'></span></span>
						</div>
						<div class='notes-par'><span style='font-weight:bold;'>カテゴリ２：</span><span class='notes-field-wrap'><span class='notes-field' data-field='H_Category2' data-type='text' data-kind='editable'></span></span>
						</div>
						<div class='notes-par'><span style='font-weight:bold;'>件名：</span><span class='notes-field-wrap'><span class='notes-field' data-field='H_Outline' data-type='text' data-kind='editable'></span></span>
						</div>
					</td>
				</tr>
				<tr data-hidewhen='@Contains(@UserRoles;&quot;[JSOX]&quot;)'>
					<td style='border:1px solid #808080; padding:3px 6px; vertical-align:top; background:#e9f3ff; font-weight:bold; width:120px;' data-hidewhen='@Contains(@UserRoles;&quot;[JSOX]&quot;)'>
						<div class='notes-par'><span style='font-weight:bold;'>関連部門の</span>
						</div>
						<div class='notes-par'><span style='font-weight:bold;'>ｴｽｶﾚｰｼｮﾝ先</span>
						</div>
					</td>
					<td style='border:1px solid #808080; padding:3px 6px; vertical-align:top;' colspan='3' data-hidewhen='@Contains(@UserRoles;&quot;[JSOX]&quot;)'>
						<div class='notes-par'><span class='notes-field-wrap'><span class='notes-field' data-field='Escalation_1' data-type='text' data-kind='editable'></span></span><span style='font-weight:bold;'>※システム名</span>
						</div>
						<div class='notes-par'><span class='notes-field-wrap'><span class='notes-field' data-field='SSendTo_1' data-type='text' data-kind='editable'></span></span><span style='font-weight:bold;'>※送信先の宛先</span>
						</div>
						<div class='notes-par'><span class='notes-field-wrap'><span class='notes-field' data-field='SCC_1' data-type='text' data-kind='editable'></span></span><span style='font-weight:bold;'>※送信先のCC</span>
						</div>
					</td>
				</tr>
				<tr data-hidewhen='@Contains(@UserRoles;&quot;[JSOX]&quot;)'>
					<td style='border:1px solid #808080; padding:3px 6px; vertical-align:top; background:#e9f3ff; font-weight:bold; width:120px;' data-hidewhen='@Contains(@UserRoles;&quot;[JSOX]&quot;)'>
						<div class='notes-par'><span style='font-weight:bold;'>対応依頼先</span>
						</div>
					</td>
					<td style='border:1px solid #808080; padding:3px 6px; vertical-align:top;' colspan='3'>
						<div class='notes-par'><span class='notes-field-wrap'><span class='notes-field' data-field='Escalation_0_1' data-type='text' data-kind='editable'></span></span>
						</div>
					</td>
				</tr>
			</table><br/>
			<table style='margin-top:1em; border-collapse:collapse; width:800px; table-layout:fixed;' width='800' border='1' cellspacing='0' cellpadding='0' data-hidewhen='@Contains(@UserRoles;&quot;[JSOX]&quot;)'>
				<tr data-hidewhen='@Contains(@UserRoles;&quot;[JSOX]&quot;)'>
					<td style='border:1px solid #808080; padding:3px 6px; vertical-align:top; background:#f2f2f2; font-weight:bold; width:120px;' data-hidewhen='@Contains(@UserRoles;&quot;[JSOX]&quot;)'>
						<div class='notes-par'><span style='font-weight:bold;'>Hardware</span>
						</div>
					</td>
				</tr>
				<tr data-hidewhen='@Contains(@UserRoles;&quot;[JSOX]&quot;)'>
					<td style='border:1px solid #808080; padding:3px 6px; vertical-align:top; background:#e9f3ff; font-weight:bold; width:120px;' data-hidewhen='@Contains(@UserRoles;&quot;[JSOX]&quot;)'>
						<div class='notes-par'><span style='font-weight:bold;'>メーカー</span>
						</div>
					</td>
					<td style='border:1px solid #808080; padding:3px 6px; vertical-align:top;'>
						<div class='notes-par'><span class='notes-field-wrap'><span class='notes-field' data-field='HW' data-type='text' data-kind='editable'></span></span>
						</div>
					</td>
				</tr>
				<tr>
					<td style='border:1px solid #808080; padding:3px 6px; vertical-align:top; background:#e9f3ff; font-weight:bold; width:120px;'>
						<div class='notes-par'><span style='font-weight:bold;'>製品名</span>
						</div>
					</td>
					<td style='border:1px solid #808080; padding:3px 6px; vertical-align:top;'>
						<div class='notes-par'><span class='notes-field-wrap'><span class='notes-field' data-field='SEIHIN' data-type='text' data-kind='editable'></span></span>
						</div>
					</td>
				</tr>
				<tr>
					<td style='border:1px solid #808080; padding:3px 6px; vertical-align:top; background:#e9f3ff; font-weight:bold; width:120px;'>
						<div class='notes-par'><span style='font-weight:bold;'>製造番号</span>
						</div>
					</td>
					<td style='border:1px solid #808080; padding:3px 6px; vertical-align:top;'>
						<div class='notes-par'><span class='notes-field-wrap'><span class='notes-field' data-field='PCSN' data-type='text' data-kind='editable'></span></span>
						</div>
					</td>
				</tr>
			</table><br/>
			<div class='notes-par'><span class='notes-field-wrap'><span class='notes-field' data-field='TRWORK' data-type='text' data-kind='computed'>0</span></span>
			</div>
			<table style='margin-top:1em; border-collapse:collapse; width:800px; table-layout:fixed;' width='800' border='1' cellspacing='0' cellpadding='0' data-hidewhen='@Contains(@UserRoles;&quot;[JSOX]&quot;)'>
				<tr data-hidewhen='@Contains(@UserRoles;&quot;[JSOX]&quot;)'>
					<td style='border:1px solid #808080; padding:3px 6px; vertical-align:top; background:#e9f3ff; font-weight:bold; width:120px;' data-hidewhen='@Contains(@UserRoles;&quot;[JSOX]&quot;)'>
						<div class='notes-par'><span style='font-weight:bold;'>再ｲﾝｽﾄｰﾙ</span>
						</div>
					</td>
					<td style='border:1px solid #808080; padding:3px 6px; vertical-align:top;' data-hidewhen='@Contains(@UserRoles;&quot;[JSOX]&quot;)'>
						<div class='notes-par'>
							<span style='font-weight:bold;'>送付到着確認日：</span>
							<span class='notes-field-wrap'>
								<span class='notes-field' data-field='PCYY' data-type='number' data-kind='editable'></span>
							</span>
							<span style='font-weight:bold;'>年</span>
							<span class='notes-field-wrap'>
								<span class='notes-field' data-field='PCMY' data-type='number' data-kind='editable'></span>
							</span>
							<span style='font-weight:bold;'>月</span>
							<span class='notes-field-wrap'>
								<span class='notes-field' data-field='PCDY' data-type='number' data-kind='editable'></span>
							</span>
							<span style='font-weight:bold;'>日</span>
						</div>
						<div class='notes-par'>
							<span style='font-weight:bold;'>作業者：</span>
							<span class='notes-field' data-field='saitan' data-type='text' data-kind='editable'></span>
						</div>
					</td>
				</tr>
				<tr>
					<td style='border:1px solid #808080; padding:3px 6px; vertical-align:top; background:#e9f3ff; font-weight:bold; width:120px;'>
						<div class='notes-par'><span style='font-weight:bold;'>完了ﾀｲﾌﾟ</span>
						</div>
					</td>
					<td style='border:1px solid #808080; padding:3px 6px; vertical-align:top;'>
						<div class='notes-par'><span class='notes-field-wrap'><span class='notes-field' data-field='statusTYPE' data-type='keyword' data-kind='editable' data-allowmultivalues='true'>自己解決</span></span>
						</div>
						<div class='notes-par'><span class='notes-field-wrap'><span class='notes-field' data-field='MEKER_K' data-type='text' data-kind='editable'></span></span>
						</div>
					</td>
				</tr>
				<tr data-hidewhen='status!=&quot;引継ぎ依頼中&quot;'>
					<td style='border:1px solid #808080; padding:3px 6px; vertical-align:top; background:#e9f3ff; font-weight:bold; width:120px;'>
						<div class='notes-par'><span style='font-weight:bold;'>対応状況</span>
						</div>
					</td>
					<td style='border:1px solid #808080; padding:3px 6px; vertical-align:top;' data-hidewhen='status!=&quot;引継ぎ依頼中&quot;'>
						<div class='notes-par'><span class='notes-field-wrap'><span class='notes-field' data-field='status' data-type='keyword' data-kind='editable'>CLOSE</span></span>
						</div>
						<div class='notes-par'><span class='notes-field-wrap'><span class='notes-field' data-field='dispach' data-type='text' data-kind='computed'>引き継ぎ依頼先：</span></span>
						</div>
						<div class='notes-par'><span class='notes-field-wrap'><span class='notes-field' data-field='dispach_1' data-type='text' data-kind='computed'>調査依頼：　 -</span></span>
						</div>
						<div class='notes-par'><span style='font-weight:bold;'>依頼先担当者：</span><span class='notes-field-wrap'><span class='notes-field' data-field='SecondLineName' data-type='text' data-kind='editable'></span></span>
						</div>
					</td>
				</tr>
				<tr>
					<td style='border:1px solid #808080; padding:3px 6px; vertical-align:top; background:#e9f3ff; font-weight:bold; width:120px;'>
						<div class='notes-par'><span style='font-weight:bold;'>担当者</span>
						</div>
					</td>
					<td style='border:1px solid #808080; padding:3px 6px; vertical-align:top;'>
						<div class='notes-par'>
							<span class='notes-field-wrap'>
								<span class='notes-field' data-field='acc_main' data-type='keyword' data-kind='editable'>渡部 真由美</span>
							</span>
						</div>
						<div class='notes-par'>
							<span style='font-weight:bold;'>受付：</span>
							<span class='notes-field-wrap'>
								<span class='notes-field' data-field='create_name' data-type='text' data-kind='computedwhencomposed'>渡部 真由美</span>
							</span>
						</div>
						<div class='notes-par'>							
							<span style='font-weight:bold;'>前回対応：</span>
							<span class='notes-field-wrap'>
								<span class='notes-field' data-field='acc_name' data-type='text' data-kind='computed' data-allowmultivalues='true'>平田 幸恵</span>
							</span>
						</div>
					</td>
				</tr>
				<tr data-hidewhen='@Contains(@UserRoles;&quot;[JSOX]&quot;)'>
					<td style='border:1px solid #808080; padding:3px 6px; vertical-align:top; background:#e9f3ff; font-weight:bold; width:120px;' data-hidewhen='@Contains(@UserRoles;&quot;[JSOX]&quot;)'>
						<div class='notes-par'><span style='font-weight:bold;'>承認者</span>
						</div>
					</td>
					<td style='border:1px solid #808080; padding:3px 6px; vertical-align:top;' data-hidewhen='@Contains(@UserRoles;&quot;[JSOX]&quot;)'>
						<div class='notes-par'><span class='notes-field-wrap'><span class='notes-field' data-field='Escalation_Approve_1' data-type='text' data-kind='editable'></span></span>&nbsp;<span class='notes-field-wrap'><span class='notes-field' data-field='ESDATE_Y_1' data-type='number' data-kind='editable'></span></span><span style='font-weight:bold;'> 年</span><span class='notes-field-wrap'><span class='notes-field' data-field='ESDATE_M_1' data-type='number' data-kind='editable'></span></span><span style='font-weight:bold;'> 月</span><span class='notes-field-wrap'><span class='notes-field' data-field='ESDATE_D_1' data-type='number' data-kind='editable'></span></span><span style='font-weight:bold;'> 日（</span><span class='notes-field-wrap'><span class='notes-field' data-field='ESTIME_H_1' data-type='text' data-kind='editable'></span></span><span style='font-weight:bold;'>時</span><span class='notes-field-wrap'><span class='notes-field' data-field='ESTIME_M_1' data-type='text' data-kind='editable'></span></span><span style='font-weight:bold;'> 分）</span>
						</div>
					</td>
				</tr>
			</table>
		</div>
	</div><br/>
	<div class='notes-section' data-hidewhen='@Contains(@UserRoles;&quot;[JSOX]&quot;)'>
		<div class='notes-section-body'>
			<table style='margin-top:1em; border-collapse:collapse; width:800px;'>
				<tr>
					<td style='background:#d9d9d9; padding:2px 6px; font-weight:bold;'>関連部門
					</td>
				</tr>
			</table><br/>
			<div class='notes-par'><span style='font-weight:bold;'>区分：</span><span class='notes-field-wrap'><span class='notes-field' data-field='Third_Type' data-type='text' data-kind='editable'>不要</span></span>
			</div><br/>
			<div class='notes-par'><span style='font-weight:bold;'>関連部門　問い合わせ内容</span>
			</div>
			<table style='margin-top:1em; border-collapse:collapse; width:800px; table-layout:fixed;' width='800' border='1' cellspacing='0' cellpadding='0' data-hidewhen='@Contains(@UserRoles;&quot;[JSOX]&quot;)'>
				<tr data-hidewhen='Third_Type=&quot;不要&quot;'>
					<td style='border:1px solid #808080; padding:3px 6px; vertical-align:top; background:#e9f3ff; font-weight:bold; width:120px;' data-hidewhen='Third_Type=&quot;不要&quot;'>
						<div class='notes-par'><span style='font-weight:bold;'>担当者</span>
						</div>
					</td>
					<td style='border:1px solid #808080; padding:3px 6px; vertical-align:top;' data-hidewhen='Third_Type=&quot;不要&quot;'>
						<div class='notes-par'>
							<span class='notes-field-wrap'>
								<span class='notes-field' data-field='Third_Person' data-type='text' data-kind='editable'></span>
							</span>
						</div>
					</td>
				</tr>
				<tr data-hidewhen='Third_Type=&quot;不要&quot;'>
					<td style='border:1px solid #808080; padding:3px 6px; vertical-align:top; background:#e9f3ff; font-weight:bold; width:120px;'>
						<div class='notes-par'><span style='font-weight:bold;'>所属部署</span>
						</div>
					</td>
					<td style='border:1px solid #808080; padding:3px 6px; vertical-align:top;' data-hidewhen='Third_Type=&quot;不要&quot;'>
						<div class='notes-par'><span class='notes-field-wrap'><span class='notes-field' data-field='Third_Dept' data-type='text' data-kind='editable'></span></span>
						</div>
					</td>
				</tr>
				<tr data-hidewhen='Third_Type=&quot;不要&quot;'>
					<td style='border:1px solid #808080; padding:3px 6px; vertical-align:top; background:#e9f3ff; font-weight:bold; width:120px;' data-hidewhen='Third_Type=&quot;不要&quot;'>
						<div class='notes-par'><span style='font-weight:bold;'>連絡先</span>
						</div>
					</td>
					<td style='border:1px solid #808080; padding:3px 6px; vertical-align:top;' data-hidewhen='Third_Type=&quot;不要&quot;'>
						<div class='notes-par'><span class='notes-field-wrap'><span class='notes-field' data-field='Third_Contact' data-type='text' data-kind='editable'></span></span>
						</div>
					</td>
				</tr>
				<tr data-hidewhen='Third_Type=&quot;不要&quot;'>
					<td style='border:1px solid #808080; padding:3px 6px; vertical-align:top; background:#e9f3ff; font-weight:bold; width:120px;'>
						<div class='notes-par'><span style='font-weight:bold;'>受付日時</span>
						</div>
					</td>
					<td style='border:1px solid #808080; padding:3px 6px; vertical-align:top;' data-hidewhen='Third_Type=&quot;不要&quot;'>
						<div class='notes-par'><span class='notes-field-wrap'><span class='notes-field' data-field='SDATE_Y_2' data-type='number' data-kind='editable'></span></span><span style='font-weight:bold;'> 年</span><span class='notes-field-wrap'><span class='notes-field' data-field='SDATE_M_2' data-type='number' data-kind='editable'></span></span><span style='font-weight:bold;'> 月</span><span class='notes-field-wrap'><span class='notes-field' data-field='SDATE_D_2' data-type='number' data-kind='editable'></span></span><span style='font-weight:bold;'> 日（</span><span class='notes-field-wrap'><span class='notes-field' data-field='STIME_H_2' data-type='text' data-kind='editable'></span></span><span style='font-weight:bold;'> 時</span><span class='notes-field-wrap'><span class='notes-field' data-field='STIME_M_2' data-type='text' data-kind='editable'></span></span><span style='font-weight:bold;'> 分）</span>
						</div>
					</td>
				</tr>
				<tr>
					<td style='border:1px solid #808080; padding:3px 6px; vertical-align:top; background:#e9f3ff; font-weight:bold; width:120px;'>
						<div class='notes-par'><span style='font-weight:bold;'>中間回答日時</span>
						</div>
					</td>
					<td style='border:1px solid #808080; padding:3px 6px; vertical-align:top;' colspan='2'>
						<div class='notes-par'><span class='notes-field-wrap'><span class='notes-field' data-field='CDATE_Y_2' data-type='number' data-kind='editable'></span></span><span style='font-weight:bold;'> 年</span><span class='notes-field-wrap'><span class='notes-field' data-field='CDATE_M_2' data-type='number' data-kind='editable'></span></span><span style='font-weight:bold;'> 月</span><span class='notes-field-wrap'><span class='notes-field' data-field='CDATE_D_2' data-type='number' data-kind='editable'></span></span><span style='font-weight:bold;'> 日（</span><span class='notes-field-wrap'><span class='notes-field' data-field='CTIME_H_2' data-type='text' data-kind='editable'></span></span><span style='font-weight:bold;'> 時</span><span class='notes-field-wrap'><span class='notes-field' data-field='CTIME_M_2' data-type='text' data-kind='editable'></span></span><span style='font-weight:bold;'> 分）</span>
						</div>
					</td>
				</tr>
				<tr data-hidewhen='Third_Type=&quot;不要&quot;'>
					<td style='border:1px solid #808080; padding:3px 6px; vertical-align:top; background:#e9f3ff; font-weight:bold; width:120px;' data-hidewhen='Third_Type=&quot;不要&quot;'>
						<div class='notes-par'><span style='font-weight:bold;'>途中経過内容</span>
						</div>
						<div class='notes-par'><span style='font-weight:bold;'>（作業内容）</span>
						</div>
					</td>
					<td style='border:1px solid #808080; padding:3px 6px; vertical-align:top;' colspan='2'>
						<div class='notes-par'><span class='notes-field-wrap'><span class='notes-field' data-field='Third_half' data-type='text' data-kind='editable'></span></span>
						</div>
					</td>
				</tr>
				<tr>
					<td style='border:1px solid #808080; padding:3px 6px; vertical-align:top; background:#e9f3ff; font-weight:bold; width:120px;'>
						<div class='notes-par'><span style='font-weight:bold;'>最終回答日時</span>
						</div>
					</td>
					<td style='border:1px solid #808080; padding:3px 6px; vertical-align:top;' colspan='2'>
						<div class='notes-par'><span class='notes-field-wrap'><span class='notes-field' data-field='EDATE_Y_2' data-type='number' data-kind='editable'></span></span><span style='font-weight:bold;'> 年</span><span class='notes-field-wrap'><span class='notes-field' data-field='EDATE_M_2' data-type='number' data-kind='editable'></span></span><span style='font-weight:bold;'> 月</span><span class='notes-field-wrap'><span class='notes-field' data-field='EDATE_D_2' data-type='number' data-kind='editable'></span></span><span style='font-weight:bold;'> 日（</span><span class='notes-field-wrap'><span class='notes-field' data-field='ETIME_H_2' data-type='text' data-kind='editable'></span></span><span style='font-weight:bold;'> 時</span><span class='notes-field-wrap'><span class='notes-field' data-field='ETIME_M_2' data-type='text' data-kind='editable'></span></span><span style='font-weight:bold;'> 分）</span>
						</div>
					</td>
				</tr>
				<tr data-hidewhen='Third_Type=&quot;不要&quot; | (Third_Type=&quot;必要&quot; &amp; !(Escalation_1=&quot;UserID再作成&quot; | Escalation_1=&quot;ｾｷｭｱID PWﾘｾｯﾄ依頼&quot; | Escalation_1=&quot;ﾒｰﾙﾘｽﾄｱ依頼&quot;))'>
					<td style='border:1px solid #808080; padding:3px 6px; vertical-align:top; background:#e9f3ff; font-weight:bold; width:120px;'>
						<div class='notes-par'><span style='font-weight:bold;'>回答内容</span>
						</div>
					</td>
					<td style='border:1px solid #808080; padding:3px 6px; vertical-align:top;' data-hidewhen='Third_Type=&quot;不要&quot; | (Third_Type=&quot;必要&quot; &amp; !(Escalation_1=&quot;UserID再作成&quot; | Escalation_1=&quot;ｾｷｭｱID PWﾘｾｯﾄ依頼&quot; | Escalation_1=&quot;ﾒｰﾙﾘｽﾄｱ依頼&quot;))'>
						<div class='notes-par'><span class='notes-field-wrap'><span class='notes-field' data-field='Third_answer' data-type='text' data-kind='editable'></span></span>
						</div>
					</td>
				</tr>
				<tr>
					<td style='border:1px solid #808080; padding:3px 6px; vertical-align:top; background:#e9f3ff; font-weight:bold; width:120px;'>
						<div class='notes-par'><span style='font-weight:bold;'>問合せ種別</span>
						</div>
					</td>
					<td style='border:1px solid #808080; padding:3px 6px; vertical-align:top;' colspan='2'>
						<div class='notes-par'><span class='notes-field-wrap'><span class='notes-field' data-field='Second_category1' data-type='keyword' data-kind='editable'></span></span>
						</div>
					</td>
				</tr>
				<tr data-hidewhen='Third_Type=&quot;不要&quot;'>
					<td style='border:1px solid #808080; padding:3px 6px; vertical-align:top; background:#e9f3ff; font-weight:bold; width:120px;' data-hidewhen='Third_Type=&quot;不要&quot;'>
						<div class='notes-par'><span style='font-weight:bold;'>問合せ内容</span>
						</div>
					</td>
					<td style='border:1px solid #808080; padding:3px 6px; vertical-align:top;' data-hidewhen='Third_Type=&quot;不要&quot;'>
						<div class='notes-par'><span class='notes-field-wrap'><span class='notes-field' data-field='Second_category2' data-type='text' data-kind='computed'></span></span>
						</div>
						<div class='notes-par'><span class='notes-field-wrap'><span class='notes-field' data-field='Second_category3' data-type='text' data-kind='computed'></span></span>
						</div>
						<div class='notes-par'><span class='notes-field-wrap'><span class='notes-field' data-field='Second_category4' data-type='text' data-kind='computed'></span></span>
						</div>
					</td>
				</tr>
				<tr>
					<td style='border:1px solid #808080; padding:3px 6px; vertical-align:top; background:#e9f3ff; font-weight:bold; width:120px;'>
						<div class='notes-par'><span style='font-weight:bold;'>対応時間</span>
						</div>
						<div class='notes-par'><span style='font-weight:bold;'>調査時間</span>
						</div>
					</td>
					<td style='border:1px solid #808080; padding:3px 6px; vertical-align:top;' colspan='2'>
						<div class='notes-par'><span class='notes-field-wrap'><span class='notes-field' data-field='JIKAN_2_1' data-type='number' data-kind='editable'></span></span><span style='font-weight:bold;'>分</span>
						</div>
						<div class='notes-par'><span class='notes-field-wrap'><span class='notes-field' data-field='JIKAN_2_2' data-type='number' data-kind='editable'></span></span><span style='font-weight:bold;'>分</span>
						</div>
					</td>
				</tr>
				<tr>
					<td style='border:1px solid #808080; padding:3px 6px; vertical-align:top; background:#e9f3ff; font-weight:bold; width:120px;'>
						<div class='notes-par'><span style='font-weight:bold;'>障害</span>
						</div>
					</td>
					<td style='border:1px solid #808080; padding:3px 6px; vertical-align:top;' colspan='2'>
						<div class='notes-par'><span class='notes-field-wrap'><span class='notes-field' data-field='Trouble_2' data-type='keyword' data-kind='editable' data-allowmultivalues='true'></span></span>
						</div>
					</td>
				</tr>
				<tr>
					<td style='border:1px solid #808080; padding:3px 6px; vertical-align:top; background:#e9f3ff; font-weight:bold; width:120px;'>
						<div class='notes-par'><span style='font-weight:bold;'>上長コメント</span>
						</div>
					</td>
					<td style='border:1px solid #808080; padding:3px 6px; vertical-align:top;' colspan='2'>
						<div class='notes-par'><span class='notes-field-wrap'><span class='notes-field' data-field='Third_comment' data-type='text' data-kind='editable'></span></span>
						</div>
					</td>
				</tr>
				<tr>
					<td style='border:1px solid #808080; padding:3px 6px; vertical-align:top; background:#e9f3ff; font-weight:bold; width:120px;'>
						<div class='notes-par'><span style='font-weight:bold;'>上長承認</span>
						</div>
					</td>
					<td style='border:1px solid #808080; padding:3px 6px; vertical-align:top;' colspan='2'>
						<div class='notes-par'><span class='notes-field-wrap'><span class='notes-field' data-field='Trouble_Approve_2' data-type='text' data-kind='editable'></span></span>&nbsp;<span class='notes-field-wrap'><span class='notes-field' data-field='ADATE_Y_2' data-type='number' data-kind='editable'></span></span><span style='font-weight:bold;'> 年</span><span class='notes-field-wrap'><span class='notes-field' data-field='ADATE_M_2' data-type='number' data-kind='editable'></span></span><span style='font-weight:bold;'> 月</span><span class='notes-field-wrap'><span class='notes-field' data-field='ADATE_D_2' data-type='number' data-kind='editable'></span></span><span style='font-weight:bold;'> 日（</span><span class='notes-field-wrap'><span class='notes-field' data-field='ATIME_H_2' data-type='text' data-kind='editable'></span></span><span style='font-weight:bold;'> 時</span><span class='notes-field-wrap'><span class='notes-field' data-field='ATIME_M_2' data-type='text' data-kind='editable'></span></span><span style='font-weight:bold;'> 分）</span>
						</div>
					</td>
				</tr>
			</table>
		</div>
	</div><br/>
	<div class='notes-par'><span style='font-weight:bold;'>トラブルチケット</span><span style='font-weight:bold;'>(有無：</span><span class='notes-field-wrap'><span class='notes-field' data-field='TRUMU' data-type='keyword' data-kind='editable'>無</span></span><span style='font-weight:bold;'>）</span>
	</div>
	<table style='margin-top:1em; border-collapse:collapse; width:800px; table-layout:fixed;' width='800' border='1' cellspacing='0' cellpadding='0' data-hidewhen='@Contains(@UserRoles;&quot;[JSOX]&quot;)'>
		<tr data-hidewhen='@Contains(@UserRoles;&quot;[JSOX]&quot;)'>
			<td style='border:1px solid #808080; padding:3px 6px; vertical-align:top;' data-hidewhen='@Contains(@UserRoles;&quot;[JSOX]&quot;)'>
				<div class='notes-par'><span style='font-weight:bold;'>障害個所：</span><span class='notes-field-wrap'><span class='notes-field' data-field='KOSHO' data-type='keyword' data-kind='editable' data-allowmultivalues='true'></span></span>
				</div>
			</td>
		</tr>
	</table><br/>
	<div class='notes-section' data-hidewhen='@Contains(@UserRoles;&quot;[JSOX]&quot;)'>
		<div class='notes-section-body'>
			<div class='notes-par'><span style='font-weight:bold;'>（保守対応依頼）</span>
			</div>
			<table style='margin-top:1em; border-collapse:collapse; width:800px; table-layout:fixed;' width='800' border='1' cellspacing='0' cellpadding='0' data-hidewhen='@Contains(@UserRoles;&quot;[JSOX]&quot;)'>
				<tr data-hidewhen='@Contains(@UserRoles;&quot;[JSOX]&quot;)'>
					<td style='border:1px solid #808080; padding:3px 6px; vertical-align:top; background:#e9f3ff; font-weight:bold; width:120px;' data-hidewhen='@Contains(@UserRoles;&quot;[JSOX]&quot;)'>
						<div class='notes-par'><span style='font-weight:bold;'>会社名</span>
						</div>
					</td>
					<td style='border:1px solid #808080; padding:3px 6px; vertical-align:top;' data-hidewhen='@Contains(@UserRoles;&quot;[JSOX]&quot;)'>
						<div class='notes-par'><span class='notes-field-wrap'><span class='notes-field' data-field='TRMAKER' data-type='text' data-kind='editable'></span></span>
						</div>
					</td>
				</tr>
				<tr>
					<td style='border:1px solid #808080; padding:3px 6px; vertical-align:top; background:#e9f3ff; font-weight:bold; width:120px;'>
						<div class='notes-par'><span style='font-weight:bold;'>部署名</span>
						</div>
					</td>
					<td style='border:1px solid #808080; padding:3px 6px; vertical-align:top;'>
						<div class='notes-par'><span class='notes-field-wrap'><span class='notes-field' data-field='TRKBUSYO' data-type='text' data-kind='editable'></span></span>
						</div>
					</td>
				</tr>
				<tr>
					<td style='border:1px solid #808080; padding:3px 6px; vertical-align:top; background:#e9f3ff; font-weight:bold; width:120px;'>
						<div class='notes-par'><span style='font-weight:bold;'>担当者名</span>
						</div>
					</td>
					<td style='border:1px solid #808080; padding:3px 6px; vertical-align:top;'>
						<div class='notes-par'><span class='notes-field-wrap'><span class='notes-field' data-field='TRTANTO' data-type='text' data-kind='editable'></span></span><span style='font-weight:bold;'>　様</span>
						</div>
					</td>
				</tr>
				<tr>
					<td style='border:1px solid #808080; padding:3px 6px; vertical-align:top; background:#e9f3ff; font-weight:bold; width:120px;'>
						<div class='notes-par'><span style='font-weight:bold;'>ＦＡＸ</span>
						</div>
					</td>
					<td style='border:1px solid #808080; padding:3px 6px; vertical-align:top;'>
						<div class='notes-par'><span class='notes-field-wrap'><span class='notes-field' data-field='TRFAX' data-type='text' data-kind='editable'></span></span>
						</div>
					</td>
				</tr>
				<tr>
					<td style='border:1px solid #808080; padding:3px 6px; vertical-align:top; background:#e9f3ff; font-weight:bold; width:120px;'>
						<div class='notes-par'><span style='font-weight:bold;'>ＴＥＬ</span>
						</div>
					</td>
					<td style='border:1px solid #808080; padding:3px 6px; vertical-align:top;'>
						<div class='notes-par'><span class='notes-field-wrap'><span class='notes-field' data-field='TRTEL' data-type='text' data-kind='editable'></span></span>
						</div>
					</td>
				</tr>
			</table><br/>
			<table style='margin-top:1em; border-collapse:collapse; width:800px; table-layout:fixed;' width='800' border='1' cellspacing='0' cellpadding='0' data-hidewhen='@Contains(@UserRoles;&quot;[JSOX]&quot;)'>
				<tr data-hidewhen='@Contains(@UserRoles;&quot;[JSOX]&quot;)'>
					<td style='border:1px solid #808080; padding:3px 6px; vertical-align:top; background:#e9f3ff; font-weight:bold; width:120px;'>
						<div class='notes-par'><span style='font-weight:bold;'>チケット№</span>
						</div>
					</td>
					<td style='border:1px solid #808080; padding:3px 6px; vertical-align:top;'>
						<div class='notes-par'><span class='notes-field-wrap'><span class='notes-field' data-field='TRNO' data-type='text' data-kind='editable'></span></span>
						</div>
					</td>
					<td style='border:1px solid #808080; padding:3px 6px; vertical-align:top; background:#e9f3ff; font-weight:bold; width:120px;' data-hidewhen='@Contains(@UserRoles;&quot;[JSOX]&quot;)'>
						<div class='notes-par'><span style='font-weight:bold;'>ＯＳ</span>
						</div>
					</td>
					<td style='border:1px solid #808080; padding:3px 6px; vertical-align:top;' data-hidewhen='@Contains(@UserRoles;&quot;[JSOX]&quot;)'>
						<div class='notes-par'><span class='notes-field-wrap'><span class='notes-field' data-field='TROS' data-type='text' data-kind='editable'></span></span>
						</div>
					</td>
				</tr>
				<tr>
					<td style='border:1px solid #808080; padding:3px 6px; vertical-align:top; background:#e9f3ff; font-weight:bold; width:120px;'>
						<div class='notes-par'><span style='font-weight:bold;'>対象機種名</span>
						</div>
					</td>
					<td style='border:1px solid #808080; padding:3px 6px; vertical-align:top;'>
						<div class='notes-par'><span class='notes-field-wrap'><span class='notes-field' data-field='TRKISYU' data-type='text' data-kind='editable'></span></span>
						</div>
					</td>
					<td style='border:1px solid #808080; padding:3px 6px; vertical-align:top; background:#e9f3ff; font-weight:bold; width:120px;'>
						<div class='notes-par'><span style='font-weight:bold;'>品番(S/N)</span>
						</div>
					</td>
					<td style='border:1px solid #808080; padding:3px 6px; vertical-align:top;'>
						<div class='notes-par'><span class='notes-field-wrap'><span class='notes-field' data-field='TRSN' data-type='text' data-kind='editable'></span></span>
						</div>
					</td>
				</tr>
				<tr>
					<td style='border:1px solid #808080; padding:3px 6px; vertical-align:top; background:#e9f3ff; font-weight:bold; width:120px;'>
						<div class='notes-par'><span style='font-weight:bold;'>導入時期</span>
						</div>
					</td>
					<td style='border:1px solid #808080; padding:3px 6px; vertical-align:top;'>
						<div class='notes-par'><span class='notes-field-wrap'><span class='notes-field' data-field='TRJIKI' data-type='text' data-kind='editable'></span></span>
						</div>
					</td>
					<td style='border:1px solid #808080; padding:3px 6px; vertical-align:top; background:#e9f3ff; font-weight:bold; width:120px;'>
						<div class='notes-par'><span style='font-weight:bold;'>備考</span>
						</div>
					</td>
					<td style='border:1px solid #808080; padding:3px 6px; vertical-align:top;'>
						<div class='notes-par'><span class='notes-field-wrap'><span class='notes-field' data-field='TRBIKOU' data-type='text' data-kind='editable'></span></span>
						</div>
					</td>
				</tr>
			</table><br/>
			<div class='notes-par'><span style='font-weight:bold;'>（ユーザー情報）</span>
			</div>
			<table style='margin-top:1em; border-collapse:collapse; width:800px; table-layout:fixed;' width='800' border='1' cellspacing='0' cellpadding='0' data-hidewhen='@Contains(@UserRoles;&quot;[JSOX]&quot;)'>
				<tr data-hidewhen='@Contains(@UserRoles;&quot;[JSOX]&quot;)'>
					<td style='border:1px solid #808080; padding:3px 6px; vertical-align:top; background:#e9f3ff; font-weight:bold; width:120px;' data-hidewhen='@Contains(@UserRoles;&quot;[JSOX]&quot;)'>
						<div class='notes-par'><span style='font-weight:bold;'>氏名</span>
						</div>
					</td>
					<td style='border:1px solid #808080; padding:3px 6px; vertical-align:top;' data-hidewhen='@Contains(@UserRoles;&quot;[JSOX]&quot;)'>
						<div class='notes-par'><span class='notes-field-wrap'><span class='notes-field' data-field='TRYNAME' data-type='text' data-kind='editable'></span></span>
						</div>
					</td>
				</tr>
				<tr>
					<td style='border:1px solid #808080; padding:3px 6px; vertical-align:top; background:#e9f3ff; font-weight:bold; width:120px;'>
						<div class='notes-par'><span style='font-weight:bold;'>ＴＥＬ</span>
						</div>
					</td>
					<td style='border:1px solid #808080; padding:3px 6px; vertical-align:top;'>
						<div class='notes-par'><span class='notes-field-wrap'><span class='notes-field' data-field='TRYTEL' data-type='text' data-kind='editable'></span></span>
						</div>
					</td>
				</tr>
				<tr>
					<td style='border:1px solid #808080; padding:3px 6px; vertical-align:top; background:#e9f3ff; font-weight:bold; width:120px;'>
						<div class='notes-par'><span style='font-weight:bold;'>会社名</span>
						</div>
					</td>
					<td style='border:1px solid #808080; padding:3px 6px; vertical-align:top;'>
						<div class='notes-par'><span class='notes-field-wrap'><span class='notes-field' data-field='TRYKAISHA' data-type='text' data-kind='editable'></span></span>
						</div>
					</td>
				</tr>
				<tr>
					<td style='border:1px solid #808080; padding:3px 6px; vertical-align:top; background:#e9f3ff; font-weight:bold; width:120px;'>
						<div class='notes-par'><span style='font-weight:bold;'>事業所名</span>
						</div>
					</td>
					<td style='border:1px solid #808080; padding:3px 6px; vertical-align:top;'>
						<div class='notes-par'><span class='notes-field-wrap'><span class='notes-field' data-field='TRYJIGYOU' data-type='text' data-kind='editable'></span></span>
						</div>
					</td>
				</tr>
				<tr>
					<td style='border:1px solid #808080; padding:3px 6px; vertical-align:top; background:#e9f3ff; font-weight:bold; width:120px;'>
						<div class='notes-par'><span style='font-weight:bold;'>住所</span>
						</div>
					</td>
					<td style='border:1px solid #808080; padding:3px 6px; vertical-align:top;'>
						<div class='notes-par'><span class='notes-field-wrap'><span class='notes-field' data-field='TRYADDRESS' data-type='text' data-kind='editable'></span></span>
						</div>
					</td>
				</tr>
				<tr>
					<td style='border:1px solid #808080; padding:3px 6px; vertical-align:top; background:#e9f3ff; font-weight:bold; width:120px;'>
						<div class='notes-par'><span style='font-weight:bold;'>障害内容</span>
						</div>
					</td>
					<td style='border:1px solid #808080; padding:3px 6px; vertical-align:top;'>
						<div class='notes-par'><span class='notes-field-wrap'><span class='notes-field' data-field='TRYNAIYO' data-type='text' data-kind='editable'></span></span>
						</div>
					</td>
				</tr>
				<tr>
					<td style='border:1px solid #808080; padding:3px 6px; vertical-align:top; background:#e9f3ff; font-weight:bold; width:120px;'>
						<div class='notes-par'><span style='font-weight:bold;'>備考</span>
						</div>
					</td>
					<td style='border:1px solid #808080; padding:3px 6px; vertical-align:top;'>
						<div class='notes-par'><span class='notes-field-wrap'><span class='notes-field' data-field='TRYBIKOU' data-type='text' data-kind='editable'></span></span>
						</div>
					</td>
				</tr>
			</table>
		</div>
	</div><br/>
	<div class='notes-par'><span style='font-weight:bold;'>ＰＣ再セットアップ</span><span style='font-weight:bold;'>(</span><span style='font-weight:bold;'>有無：</span><span class='notes-field-wrap'><span class='notes-field' data-field='PCUMU' data-type='keyword' data-kind='editable'>無</span></span><span style='font-weight:bold;'>）</span>
	</div>
	<div class='notes-section' data-hidewhen='@Contains(@UserRoles;&quot;[JSOX]&quot;)'>
		<div class='notes-section-body'>
			<div class='notes-par'><span style='font-weight:bold;'>（ＰＣユーザー）</span>
			</div>
			<table style='margin-top:1em; border-collapse:collapse; width:800px; table-layout:fixed;' width='800' border='1' cellspacing='0' cellpadding='0'>
				<tr>
					<td style='border:1px solid #808080; padding:3px 6px; vertical-align:top; background:#e9f3ff; font-weight:bold; width:120px;'>
						<div class='notes-par'><span style='font-weight:bold;'>氏名</span>
						</div>
					</td>
					<td style='border:1px solid #808080; padding:3px 6px; vertical-align:top;'>
						<div class='notes-par'><span class='notes-field-wrap'><span class='notes-field' data-field='PCNAME' data-type='text' data-kind='editable'></span></span><span style='font-weight:bold;'>様</span>
						</div>
					</td>
				</tr>
				<tr>
					<td style='border:1px solid #808080; padding:3px 6px; vertical-align:top; background:#e9f3ff; font-weight:bold; width:120px;'>
						<div class='notes-par'><span style='font-weight:bold;'>会社名</span>
						</div>
					</td>
					<td style='border:1px solid #808080; padding:3px 6px; vertical-align:top;'>
						<div class='notes-par'><span class='notes-field-wrap'><span class='notes-field' data-field='PCKAISHA' data-type='text' data-kind='editable'></span></span>
						</div>
					</td>
				</tr>
				<tr>
					<td style='border:1px solid #808080; padding:3px 6px; vertical-align:top; background:#e9f3ff; font-weight:bold; width:120px;'>
						<div class='notes-par'><span style='font-weight:bold;'>事業所名</span>
						</div>
					</td>
					<td style='border:1px solid #808080; padding:3px 6px; vertical-align:top;'>
						<div class='notes-par'><span class='notes-field-wrap'><span class='notes-field' data-field='PCJIGYOU' data-type='text' data-kind='editable'></span></span>
						</div>
					</td>
				</tr>
				<tr>
					<td style='border:1px solid #808080; padding:3px 6px; vertical-align:top; background:#e9f3ff; font-weight:bold; width:120px;'>
						<div class='notes-par'><span style='font-weight:bold;'>住所</span>
						</div>
					</td>
					<td style='border:1px solid #808080; padding:3px 6px; vertical-align:top;'>
						<div class='notes-par'><span class='notes-field-wrap'><span class='notes-field' data-field='PCADDRESS' data-type='text' data-kind='editable'></span></span>
						</div>
					</td>
				</tr>
				<tr>
					<td style='border:1px solid #808080; padding:3px 6px; vertical-align:top; background:#e9f3ff; font-weight:bold; width:120px;'>
						<div class='notes-par'><span style='font-weight:bold;'>ＴＥＬ</span>
						</div>
					</td>
					<td style='border:1px solid #808080; padding:3px 6px; vertical-align:top;'>
						<div class='notes-par'><span class='notes-field-wrap'><span class='notes-field' data-field='PCTEL' data-type='text' data-kind='editable'></span></span>
						</div>
					</td>
				</tr>
				<tr>
					<td style='border:1px solid #808080; padding:3px 6px; vertical-align:top; background:#e9f3ff; font-weight:bold; width:120px;'>
						<div class='notes-par'><span style='font-weight:bold;'>ＦＡＸ</span>
						</div>
					</td>
					<td style='border:1px solid #808080; padding:3px 6px; vertical-align:top;'>
						<div class='notes-par'><span class='notes-field-wrap'><span class='notes-field' data-field='PCFAX' data-type='text' data-kind='editable'></span></span>
						</div>
					</td>
				</tr>
			</table><br/>
			<div class='notes-par'><span style='font-weight:bold;'>（使用ツール）</span>
			</div>
			<table style='margin-top:1em; border-collapse:collapse; width:800px; table-layout:fixed;' width='800' border='1' cellspacing='0' cellpadding='0' data-hidewhen='@Contains(@UserRoles;&quot;[JSOX]&quot;)'>
				<tr data-hidewhen='@Contains(@UserRoles;&quot;[JSOX]&quot;)'>
					<td style='border:1px solid #808080; padding:3px 6px; vertical-align:top;' data-hidewhen='@Contains(@UserRoles;&quot;[JSOX]&quot;)'>
						<div class='notes-par'><span class='notes-field-wrap'><span class='notes-field' data-field='TOOL' data-type='keyword' data-kind='editable' data-allowmultivalues='true'></span></span>
						</div>
					</td>
				</tr>
			</table><br/>
			<div class='notes-par'><span style='font-weight:bold;'>備考：</span><span class='notes-field-wrap'><span class='notes-field' data-field='BIKOU' data-type='text' data-kind='editable'></span></span>
			</div>
			<table style='margin-top:1em; border-collapse:collapse; width:800px; table-layout:fixed;' width='800' border='1' cellspacing='0' cellpadding='0' data-hidewhen='@Contains(@UserRoles;&quot;[JSOX]&quot;)'>
				<tr data-hidewhen='@Contains(@UserRoles;&quot;[JSOX]&quot;)'>
					<td style='border:1px solid #808080; padding:3px 6px; vertical-align:top; background:#e9f3ff; font-weight:bold; width:120px;' data-hidewhen='@Contains(@UserRoles;&quot;[JSOX]&quot;)'>
						<div class='notes-par'><span style='font-weight:bold;'>パソコン返送日</span>
						</div>
					</td>
					<td style='border:1px solid #808080; padding:3px 6px; vertical-align:top;' data-hidewhen='@Contains(@UserRoles;&quot;[JSOX]&quot;)'>
						<div class='notes-par'><span class='notes-field-wrap'><span class='notes-field' data-field='PCYH' data-type='number' data-kind='editable'></span></span><span style='font-weight:bold;'>年</span><span class='notes-field-wrap'><span class='notes-field' data-field='PCMH' data-type='number' data-kind='editable'></span></span><span style='font-weight:bold;'>月</span><span class='notes-field-wrap'><span class='notes-field' data-field='PCDH' data-type='number' data-kind='editable'></span></span><span style='font-weight:bold;'>日</span>
						</div>
					</td>
				</tr>
			</table><br/>
			<div class='notes-par'><span style='font-weight:bold;'>（再セットアップ関係者)</span>
			</div>
			<table style='margin-top:1em; border-collapse:collapse; width:800px; table-layout:fixed;' width='800' border='1' cellspacing='0' cellpadding='0' data-hidewhen='@Contains(@UserRoles;&quot;[JSOX]&quot;)'>
				<tr data-hidewhen='@Contains(@UserRoles;&quot;[JSOX]&quot;)'>
					<td style='border:1px solid #808080; padding:3px 6px; vertical-align:top; background:#e9f3ff; font-weight:bold; width:120px;' data-hidewhen='@Contains(@UserRoles;&quot;[JSOX]&quot;)'>
						<div class='notes-par'><span style='font-weight:bold;'>１</span>
						</div>
					</td>
					<td style='border:1px solid #808080; padding:3px 6px; vertical-align:top;' data-hidewhen='@Contains(@UserRoles;&quot;[JSOX]&quot;)'>
						<div class='notes-par'><span class='notes-field-wrap'><span class='notes-field' data-field='KANKEI1' data-type='text' data-kind='editable'></span></span>
						</div>
					</td>
					<td style='border:1px solid #808080; padding:3px 6px; vertical-align:top;' data-hidewhen='@Contains(@UserRoles;&quot;[JSOX]&quot;)'>
						<div class='notes-par'><span class='notes-field-wrap'><span class='notes-field' data-field='KANJIKAN1' data-type='text' data-kind='editable'></span></span><span style='font-weight:bold;'>分：</span><span class='notes-field-wrap'><span class='notes-field' data-field='HDATE1' data-type='datetime' data-kind='editable'></span></span>
						</div>
					</td>
				</tr>
				<tr>
					<td style='border:1px solid #808080; padding:3px 6px; vertical-align:top; background:#e9f3ff; font-weight:bold; width:120px;'>
						<div class='notes-par'><span style='font-weight:bold;'>２</span>
						</div>
					</td>
					<td style='border:1px solid #808080; padding:3px 6px; vertical-align:top;'>
						<div class='notes-par'><span class='notes-field-wrap'><span class='notes-field' data-field='KANKEI2' data-type='text' data-kind='editable'></span></span>
						</div>
					</td>
					<td style='border:1px solid #808080; padding:3px 6px; vertical-align:top;'>
						<div class='notes-par'><span class='notes-field-wrap'><span class='notes-field' data-field='KANJIKAN2' data-type='text' data-kind='editable'></span></span><span style='font-weight:bold;'>分：</span><span class='notes-field-wrap'><span class='notes-field' data-field='HDATE2' data-type='datetime' data-kind='editable'></span></span>
						</div>
					</td>
				</tr>
				<tr>
					<td style='border:1px solid #808080; padding:3px 6px; vertical-align:top; background:#e9f3ff; font-weight:bold; width:120px;'>
						<div class='notes-par'><span style='font-weight:bold;'>３</span>
						</div>
					</td>
					<td style='border:1px solid #808080; padding:3px 6px; vertical-align:top;'>
						<div class='notes-par'><span class='notes-field-wrap'><span class='notes-field' data-field='KANKEI3' data-type='text' data-kind='editable'></span></span>
						</div>
					</td>
					<td style='border:1px solid #808080; padding:3px 6px; vertical-align:top;'>
						<div class='notes-par'><span class='notes-field-wrap'><span class='notes-field' data-field='KANJIKAN3' data-type='text' data-kind='editable'></span></span><span style='font-weight:bold;'>分：</span><span class='notes-field-wrap'><span class='notes-field' data-field='HDATE3' data-type='datetime' data-kind='editable'></span></span>
						</div>
					</td>
				</tr>
			</table>
		</div>
	</div><br/>
	<div class='notes-section'>
		<div class='notes-section-body'>
			<table style='margin-top:1em; border-collapse:collapse; width:800px;'>
				<tr>
					<td style='background:#d9d9d9; padding:2px 6px; font-weight:bold;'>対応ﾒﾓ
					</td>
				</tr>
			</table><br/>
			<div class='notes-par'><span class='notes-field-wrap'><span class='notes-field' data-field='Memo' data-type='text' data-kind='editable'></span></span>
			</div>
		</div>
	</div><br/>
	<div class='notes-section' data-hidewhen='@Contains(@UserRoles;&quot;[JSOX]&quot;)'>
		<div class='notes-section-body'>
			<table style='margin-top:1em; border-collapse:collapse; width:800px;'>
				<tr>
					<td style='background:#d9d9d9; padding:2px 6px; font-weight:bold;'>添付資料
					</td>
				</tr>
			</table><br/>
			<div class='notes-par'><span style='font-weight:bold;'>PC修理 ・・・・：</span><span class='notes-field-wrap'><span class='notes-field' data-field='body_1' data-type='richtext' data-kind='editable'><p></p></span></span>
			</div><br/>
			<div class='notes-par'><span style='font-weight:bold;'>関連ｺｰﾙ</span><span style='font-weight:bold;'>・・・・：</span><span class='notes-field-wrap'><span class='notes-field' data-field='body' data-type='richtext' data-kind='editable'><div id='seg-001' data-id='seg-001'><div style='margin:8px 0; padding:10px; border:1px solid #e3e3e3; border-radius:10px;'><object data='name:p1' data-attachment='①.png' type='image/png'></object></div></div>
<div id='seg-002' data-id='seg-002'><div style='margin:8px 0; padding:10px; border:1px solid #e3e3e3; border-radius:10px;'><object data='name:p2' data-attachment='②.png' type='image/png'></object></div></div>
<div id='seg-003' data-id='seg-003'><span id='seg-003-anchor'>seg-003</span></div></span></span>
			</div>
		</div>
	</div><br/>
	<div class='notes-section' data-hidewhen='@Contains(@UserRoles;&quot;[JSOX]&quot;)'>
		<div class='notes-section-body'>
			<table style='margin-top:1em; border-collapse:collapse; width:800px;'>
				<tr>
					<td style='background:#d9d9d9; padding:2px 6px; font-weight:bold;'>履歴情報
					</td>
				</tr>
			</table><br/>
			<div class='notes-par'><span class='notes-field-wrap'><span class='notes-field' data-field='history' data-type='text' data-kind='computed' data-allowmultivalues='true'>2024/09/30 19:25 渡部 真由美 CLOSE<br/>2024/09/27 18:08 渡部 真由美 OPEN<br/>2024/09/27 17:21 渡部 真由美 CLOSE<br/>2024/09/27 12:52 渡部 真由美 CLOSE<br/>2024/09/27 9:13 渡部 真由美 CLOSE<br/>2024/09/27 8:35 渡部 真由美 OPEN<br/>2024/09/27 8:32 渡部 真由美 OPEN</span></span>
			</div>
		</div>
	</div>
</div>

        </body>
        </html>
2026-02-17 09:05:36 INFO [main.services.graph_client] Create OneNote page parts: count=2 parts=[{'part_name': 'p1', 'filename': '①.png', 'content_type': 'image/png', 'size': 414638}, {'part_name': 'p2', 'filename': '②.png', 'content_type': 'image/png', 'size': 421450}]
2026-02-17 09:05:36 DEBUG [main.services.graph_client] Graph request: POST https://graph.microsoft.com/v1.0/me/onenote/sections/1-44fb02cf-3b28-43ab-8129-5c7e65e3213f/pages headers={'Authorization': '***REDACTED***'} kwargs={'multipart_parts': [{'part': 'Presentation', 'filename': 'presentation.html', 'content_type': 'text/html', 'size': 82858}, {'part': 'p1', 'filename': '①.png', 'content_type': 'image/png', 'size': 414638}, {'part': 'p2', 'filename': '②.png', 'content_type': 'image/png', 'size': 421450}]}
2026-02-17 09:05:52 DEBUG [urllib3.connectionpool] https://graph.microsoft.com:443 "POST /v1.0/me/onenote/sections/1-44fb02cf-3b28-43ab-8129-5c7e65e3213f/pages HTTP/1.1" 201 None
2026-02-17 09:05:52 INFO [main.services.graph_client] Graph request success: POST https://graph.microsoft.com/v1.0/me/onenote/sections/1-44fb02cf-3b28-43ab-8129-5c7e65e3213f/pages status=201 elapsed=16851ms
2026-02-17 09:05:52 DEBUG [main.services.graph_client] Graph request: PATCH https://graph.microsoft.com/v1.0/me/onenote/pages/1-461a4684497349bb892d81db8b71096c!139-44fb02cf-3b28-43ab-8129-5c7e65e3213f/content headers={'Authorization': '***REDACTED***'} kwargs={'multipart_parts': [{'part': 'p1', 'filename': '③.png', 'content_type': 'image/png', 'size': 399916}, {'part': 'Commands', 'filename': 'commands.json', 'content_type': 'application/json', 'size': 365}]}
2026-02-17 09:05:57 DEBUG [urllib3.connectionpool] https://graph.microsoft.com:443 "PATCH /v1.0/me/onenote/pages/1-461a4684497349bb892d81db8b71096c!139-44fb02cf-3b28-43ab-8129-5c7e65e3213f/content HTTP/1.1" 400 None
2026-02-17 09:05:57 ERROR [main.services.graph_client] Graph request failed: PATCH https://graph.microsoft.com/v1.0/me/onenote/pages/1-461a4684497349bb892d81db8b71096c!139-44fb02cf-3b28-43ab-8129-5c7e65e3213f/content status=400 elapsed=5109ms body={"error":{"code":"20149","message":"The target #seg-003-anchor of your PATCH action can not be found .","innerError":{"date":"2026-02-17T00:05:58","request-id":"4e5018de-3721-4149-9874-dcb1683d5208","client-request-id":"4e5018de-3721-4149-9874-dcb1683d5208"}}}
2026-02-17 09:09:11 DEBUG [main.services.graph_client] Graph request: GET https://graph.microsoft.com/v1.0/me/onenote/notebooks?$filter=displayName eq 'OHNO_Notes_to_OneNote'&$select=id,displayName headers={'Authorization': '***REDACTED***'} kwargs={}
2026-02-17 09:09:11 DEBUG [urllib3.connectionpool] Starting new HTTPS connection (1): graph.microsoft.com:443
2026-02-17 09:09:21 DEBUG [urllib3.connectionpool] https://graph.microsoft.com:443 "GET /v1.0/me/onenote/notebooks?$filter=displayName%20eq%20'OHNO_Notes_to_OneNote'&$select=id,displayName HTTP/1.1" 200 None
2026-02-17 09:09:21 INFO [main.services.graph_client] Graph request success: GET https://graph.microsoft.com/v1.0/me/onenote/notebooks?$filter=displayName eq 'OHNO_Notes_to_OneNote'&$select=id,displayName status=200 elapsed=9876ms
2026-02-17 09:09:21 DEBUG [main.services.graph_client] Graph request: GET https://graph.microsoft.com/v1.0/me/onenote/notebooks/1-2c806da6-c7ba-4813-8ea0-7de5801ec332/sections?$filter=displayName eq 'CallDB2024'&$select=id,displayName headers={'Authorization': '***REDACTED***'} kwargs={}
2026-02-17 09:09:22 DEBUG [urllib3.connectionpool] https://graph.microsoft.com:443 "GET /v1.0/me/onenote/notebooks/1-2c806da6-c7ba-4813-8ea0-7de5801ec332/sections?$filter=displayName%20eq%20'CallDB2024'&$select=id,displayName HTTP/1.1" 200 None
2026-02-17 09:09:22 INFO [main.services.graph_client] Graph request success: GET https://graph.microsoft.com/v1.0/me/onenote/notebooks/1-2c806da6-c7ba-4813-8ea0-7de5801ec332/sections?$filter=displayName eq 'CallDB2024'&$select=id,displayName status=200 elapsed=972ms
2026-02-17 09:09:22 INFO [main.services.graph_client] Create OneNote page XHTML:
<!DOCTYPE html>
        <html>
        <head>
        <title>【ﾒｰﾙ対応】【Prisma】Global Protect接続不良についてのご相談【NHフーズ・チリ 柴田】</title>
        </head>
        <body>
        <!-- source_dxl: C:\Users\SLY\Documents\Python実験\Python - OneNote\Git\Notes_to_OneNote_python\scripts\target_form\FORM_Call2024.nsf_Call4.dxl -->

<style>
.notes-form{font-family:MS PGothic,Meiryo,'Segoe UI',Arial,sans-serif;font-size:11pt;line-height:1.45;color:#222;}
.notes-form table{border-collapse:collapse; width:800px; table-layout:fixed;}
.notes-form td,.notes-form th{border:1px solid #808080; padding:3px 6px; vertical-align:top;}
.notes-form th{background:#efefef;font-weight:normal;}
.notes-form .notes-par{margin:2px 0;font-weight:bold;}
.notes-form .notes-unit{font-weight:normal;}
.notes-form .notes-field{display:inline-block;min-width:6em;min-height:1.2em;border:1px solid #666;background:#fff;padding:1px 4px;border-radius:2px;}
.notes-form .notes-field[data-kind='computed'],
.notes-form .notes-field[data-kind='computedfordisplay'],
.notes-form .notes-field[data-kind='computedwhencomposed']{background:#f7f7f7;color:#555;}
.notes-form .notes-link{color:#0645ad;text-decoration:underline;}
.notes-form .notes-subform{border:1px dashed #aaa;padding:6px;margin:6px 0;background:#fafafa;}
.notes-form .notes-subform-title{font-weight:bold;margin-bottom:4px;}
.notes-form .notes-section{border:1px solid #a0a0a0;margin:6px 0;}
.notes-form .notes-section-title{background:#d9d9d9;padding:2px 6px;font-weight:bold;}
.notes-form .notes-section-body{padding:4px 6px;}
.notes-form .notes-textlist{display:block;margin-left:1em;}

</style>
<div class='notes-form' data-design='コール受付(改4) (Call4)'>
	<div class='notes-section' data-hidewhen='@IsNewDoc'>
		<div class='notes-section-body'>

			<table style='margin-top:1em; border-collapse:collapse; width:800px;'>
				<tr>
					<td style='background:#d9d9d9; padding:2px 6px; font-weight:bold;'>一次対応</td>
				</tr>
			</table>
			<br/>
			<div class='notes-par'>
				<span class='notes-field-wrap'>
					<span class='notes-field' data-field='Title' data-type='text' data-kind='computedwhencomposed' style='font-weight:bold;'>新規コール受付（問題番号：409276083108）</span>
				</span>
			</div>
			<table style='border-collapse:collapse; width:800px; table-layout:fixed;' width='800' border='1' cellspacing='0' cellpadding='0'>
				<tr>
					<td style='border:1px solid #808080; padding:3px 6px; vertical-align:top; background:#e9f3ff; font-weight:bold; width:120px;'>
						<div class='notes-par'><span style='font-weight:bold;'>ユーザー番号</span>
						</div>
					</td>
					<td style='border:1px solid #808080; padding:3px 6px; vertical-align:top;'>
						<div class='notes-par'>
							<span class='notes-field-wrap'>
								<span class='notes-field' data-field='outline' data-type='text' data-kind='editable'>0828</span>
							</span>
						</div>
					</td>
					<td style='border:1px solid #808080; padding:3px 6px; vertical-align:top; background:#e9f3ff; font-weight:bold; width:120px;'>
						<div class='notes-par'><span style='font-weight:bold;'>会社CD</span>
						</div>
					</td>
					<td style='border:1px solid #808080; padding:3px 6px; vertical-align:top;'>
						<div class='notes-par'><span class='notes-field-wrap'><span class='notes-field' data-field='customercompanycd' data-type='text' data-kind='editable'>0828</span></span>
						</div>
					</td>
				</tr>
			</table>
			<table style= border-collapse:collapse; width:800px; table-layout:fixed;' width='800' border='1' cellspacing='0' cellpadding='0'>
				<tr>
					<td style='border:1px solid #808080; padding:3px 6px; vertical-align:top; background:#e9f3ff; font-weight:bold; width:120px;'>
						<div class='notes-par'><span style='font-weight:bold;'>問合せ発生時間</span>
						</div>
					</td>
					<td style='border:1px solid #808080; padding:3px 6px; vertical-align:top;' colspan='3'>
						<div class='notes-par'>
							<span class='notes-field-wrap'>
								<span class='notes-field' data-field='SDATE_Y' data-type='number' data-kind='editable'>2024</span>
							</span>
							<span style='font-weight:bold;'> 年</span>
							<span class='notes-field-wrap'>
								<span class='notes-field' data-field='SDATE_M' data-type='number' data-kind='editable'>9</span>
							</span>
							<span style='font-weight:bold;'> 月</span>
							<span class='notes-field-wrap'>
								<span class='notes-field' data-field='SDATE_D' data-type='number' data-kind='editable'>27</span>
							</span>
							<span style='font-weight:bold;'> 日（</span>
							<span class='notes-field-wrap'>
								<span class='notes-field' data-field='STIME_H' data-type='text' data-kind='editable'>7</span>
							</span>
							<span style='font-weight:bold;'> 時</span>
							<span class='notes-field-wrap'>
								<span class='notes-field' data-field='STIME_M' data-type='text' data-kind='editable'>48</span>
							</span>
							<span style='font-weight:bold;'> 分）</span>
						</div>
					</td>
				</tr>
				<tr>
					<td style='border:1px solid #808080; padding:3px 6px; vertical-align:top; background:#e9f3ff; font-weight:bold; width:120px;'>
						<div class='notes-par'><span style='font-weight:bold;'>対応開始時間</span>
						</div>
					</td>
					<td style='border:1px solid #808080; padding:3px 6px; vertical-align:top;' colspan='3'>
						<div class='notes-par'>
							<span class='notes-field-wrap'>
								<span class='notes-field' data-field='TDATE_Y' data-type='number' data-kind='editable'>2024</span>
							</span>
							<span style='font-weight:bold;'> 年</span>
							<span class='notes-field-wrap'>
								<span class='notes-field' data-field='TDATE_M' data-type='number' data-kind='editable'>9</span>
							</span>
							<span style='font-weight:bold;'> 月</span>
							<span class='notes-field-wrap'>
								<span class='notes-field' data-field='TDATE_D' data-type='number' data-kind='editable'>27</span>
							</span>
							<span style='font-weight:bold;'> 日（</span><span class='notes-field-wrap'>
								<span class='notes-field' data-field='TTIME_H' data-type='text' data-kind='editable'>8</span>
							</span>
							<span style='font-weight:bold;'> 時</span>
							<span class='notes-field-wrap'>
								<span class='notes-field' data-field='TTIME_M' data-type='text' data-kind='editable'>31</span>
							</span>
							<span style='font-weight:bold;'> 分）</span>
						</div>
					</td>
				</tr>
			</table>

			<table style='border-collapse:collapse; width:800px; table-layout:fixed;' width='800' border='1' cellspacing='0' cellpadding='0'>
				<tr>
					<td style='border:1px solid #808080; padding:3px 6px; vertical-align:top; background:#e9f3ff; font-weight:bold; width:120px;'>
						<div class='notes-par'><span style='font-weight:bold;'>事業所名</span>
						</div>
					</td>
					<td style='border:1px solid #808080; padding:3px 6px; vertical-align:top;'>
						<div class='notes-par'><span class='notes-field-wrap'><span class='notes-field' data-field='customername' data-type='text' data-kind='editable' data-allowmultivalues='true'>ＮＨフーズ・チリ</span></span>
						</div>
					</td>
					<td style='border:1px solid #808080; padding:3px 6px; vertical-align:top; background:#e9f3ff; font-weight:bold; width:120px;'>
						<div class='notes-par'><span style='font-weight:bold;'>事業所名（カナ）</span>
						</div>
					</td>
					<td style='border:1px solid #808080; padding:3px 6px; vertical-align:top;'>
						<div class='notes-par'><span class='notes-field-wrap'><span class='notes-field' data-field='kana' data-type='text' data-kind='editable'>NHﾌ-ｽﾞ･ﾁﾘ</span></span>
						</div>
					</td>
				</tr>
				<tr>
					<td style='border:1px solid #808080; padding:3px 6px; vertical-align:top; background:#e9f3ff; font-weight:bold; width:120px;'>
						<div class='notes-par'><span style='font-weight:bold;'>所属</span>
						</div>
					</td>
					<td style='border:1px solid #808080; padding:3px 6px; vertical-align:top;'>
						<div class='notes-par'><span class='notes-field-wrap'><span class='notes-field' data-field='SEC1' data-type='text' data-kind='editable'></span></span>
						</div>
					</td>
					<td style='border:1px solid #808080; padding:3px 6px; vertical-align:top;'>
						<div class='notes-par'><span class='notes-field-wrap'><span class='notes-field' data-field='SEC2' data-type='text' data-kind='editable'>海外事業本部</span></span>
						</div>
					</td>
					<td style='border:1px solid #808080; padding:3px 6px; vertical-align:top;'>
						<div class='notes-par'><span class='notes-field-wrap'><span class='notes-field' data-field='SEC3' data-type='text' data-kind='editable'>ＮＨフーズ・チリ</span></span>
						</div>
					</td>
				</tr>
				<tr>
					<td style='border:1px solid #808080; padding:3px 6px; vertical-align:top; background:#e9f3ff; font-weight:bold; width:120px;'>
						<div class='notes-par'><span style='font-weight:bold;'>住所</span>
						</div>
					</td>
					<td style='border:1px solid #808080; padding:3px 6px; vertical-align:top;'>
						<div class='notes-par'><span class='notes-field-wrap'><span class='notes-field' data-field='ADDRESS1' data-type='text' data-kind='editable'>－－</span></span>
						</div>
					</td>
					<td style='border:1px solid #808080; padding:3px 6px; vertical-align:top;'>
						<div class='notes-par'><span class='notes-field-wrap'><span class='notes-field' data-field='ADDRESS2' data-type='text' data-kind='editable'>－－－－－－</span></span>
						</div>
					</td>
					<td style='border:1px solid #808080; padding:3px 6px; vertical-align:top;'>
						<div class='notes-par'><span class='notes-field-wrap'><span class='notes-field' data-field='ADDRESS3' data-type='text' data-kind='editable'>－－－－－－ＡＶ．ＡＮＤＥＲＳＢＥＬＬＯ２６８７，ＯＦＩＣＩ</span></span>
						</div>
					</td>
				</tr>
				<tr>
					<td style='border:1px solid #808080; padding:3px 6px; vertical-align:top; background:#e9f3ff; font-weight:bold; width:120px;'>
						<div class='notes-par'><span style='font-weight:bold;'>電話</span>
						</div>
					</td>
					<td style='border:1px solid #808080; padding:3px 6px; vertical-align:top;'>
						<div class='notes-par'><span class='notes-field-wrap'><span class='notes-field' data-field='tel' data-type='text' data-kind='editable'>56-2-2438-68</span></span>
						</div>
					</td>
					<td style='border:1px solid #808080; padding:3px 6px; vertical-align:top; background:#e9f3ff; font-weight:bold; width:120px;'>
						<div class='notes-par'><span style='font-weight:bold;'>部門名</span>
						</div>
					</td>
					<td style='border:1px solid #808080; padding:3px 6px; vertical-align:top;'>
						<div class='notes-par'><span class='notes-field-wrap'><span class='notes-field' data-field='BUMON' data-type='text' data-kind='editable'>直轄</span></span>
						</div>
					</td>
				</tr>
				<tr>
					<td style='border:1px solid #808080; padding:3px 6px; vertical-align:top; background:#e9f3ff; font-weight:bold; width:120px;'>
						<div class='notes-par'><span style='font-weight:bold;'>ＦＡＸ</span>
						</div>
					</td>
					<td style='border:1px solid #808080; padding:3px 6px; vertical-align:top;'>
						<div class='notes-par'><span class='notes-field-wrap'><span class='notes-field' data-field='fax' data-type='text' data-kind='editable'></span></span>
						</div>
					</td>
					<td style='border:1px solid #808080; padding:3px 6px; vertical-align:top; background:#e9f3ff; font-weight:bold; width:120px;'>
						<div class='notes-par'><span style='font-weight:bold;'>会社区分</span>
						</div>
					</td>
					<td style='border:1px solid #808080; padding:3px 6px; vertical-align:top;'>
						<div class='notes-par'><span class='notes-field-wrap'><span class='notes-field' data-field='KAISHA' data-type='text' data-kind='editable'>商事会社（ＪＦ，イースタン）</span></span>
						</div>
					</td>
				</tr>
			</table><br/>
			<table style='margin-top:1em; border-collapse:collapse; width:800px; table-layout:fixed;' width='800' border='1' cellspacing='0' cellpadding='0' data-hidewhen='@Contains(@UserRoles;&quot;[JSOX]&quot;)'>
				<tr>
					<td style='border:1px solid #808080; padding:3px 6px; vertical-align:top; background:#e9f3ff; font-weight:bold; width:120px;'>
						<div class='notes-par'><span style='font-weight:bold;'>問合せ者氏名（漢字）</span>
						</div>
					</td>
					<td style='border:1px solid #808080; padding:3px 6px; vertical-align:top;'>
						<div class='notes-par'><span class='notes-field-wrap'><span class='notes-field' data-field='customername_1' data-type='text' data-kind='editable' data-allowmultivalues='true'>柴田.峻介</span></span>
						</div>
					</td>
					<td style='border:1px solid #808080; padding:3px 6px; vertical-align:top; background:#e9f3ff; font-weight:bold; width:120px;'>
						<div class='notes-par'><span style='font-weight:bold;'>問合せ者氏名（カナ）</span>
						</div>
					</td>
					<td style='border:1px solid #808080; padding:3px 6px; vertical-align:top;'>
						<div class='notes-par'><span class='notes-field-wrap'><span class='notes-field' data-field='customername_2' data-type='text' data-kind='editable' data-allowmultivalues='true'>ｼﾊﾞﾀ ｼｭﾝｽｹ</span></span>
						</div>
					</td>
				</tr>
				<tr data-hidewhen='@Contains(@UserRoles;&quot;[JSOX]&quot;)'>
					<td style='border:1px solid #808080; padding:3px 6px; vertical-align:top; background:#e9f3ff; font-weight:bold; width:120px;'>
						<div class='notes-par'><span style='font-weight:bold;'>問合せ者ユーザーID</span>
						</div>
					</td>
					<td style='border:1px solid #808080; padding:3px 6px; vertical-align:top;' data-hidewhen='@Contains(@UserRoles;&quot;[JSOX]&quot;)'>
						<div class='notes-par'><span class='notes-field-wrap'><span class='notes-field' data-field='customerID' data-type='text' data-kind='editable'>US0000443</span></span>
						</div>
					</td>
					<td style='border:1px solid #808080; padding:3px 6px; vertical-align:top; background:#e9f3ff; font-weight:bold; width:120px;'>
						<div class='notes-par'><span style='font-weight:bold;'>連絡先（携帯電話/内線番号）</span>
						</div>
					</td>
					<td style='border:1px solid #808080; padding:3px 6px; vertical-align:top;'>
						<div class='notes-par'><span class='notes-field-wrap'><span class='notes-field' data-field='customerkeitai' data-type='text' data-kind='editable' data-allowmultivalues='true'>+56-9-4075-1595</span></span>
						</div>
					</td>
				</tr>
			</table><br/>
			<div class='notes-par'><span style='font-weight:bold;'>一次　問い合わせ内容</span>
			</div>
			<table style='margin-top:1em; border-collapse:collapse; width:800px; table-layout:fixed;' width='800' border='1' cellspacing='0' cellpadding='0' data-hidewhen='!(@Contains(@UserRoles;&quot;[HELP]&quot;) | @Contains(@UserRoles;&quot;[二次]&quot;) | @Contains(@UserRoles;&quot;[関連]&quot;) | @Contains(@UserRoles;&quot;[携帯他]&quot;))'>
				<tr>
					<td style='border:1px solid #808080; padding:3px 6px; vertical-align:top; background:#e9f3ff; font-weight:bold; width:120px;'>
						<div class='notes-par'><span style='font-weight:bold;'>質問概要</span>
						</div>
					</td>
					<td style='border:1px solid #808080; padding:3px 6px; vertical-align:top;'>
						<div class='notes-par'><span class='notes-field-wrap'><span class='notes-field' data-field='outline' data-type='text' data-kind='editable'>【ﾒｰﾙ対応】【Prisma】Global Protect接続不良についてのご相談【NHフーズ・チリ 柴田】</span></span>
						</div>
					</td>
				</tr>
				<tr>
					<td style='border:1px solid #808080; padding:3px 6px; vertical-align:top; background:#e9f3ff; font-weight:bold; width:120px;'>
						<div class='notes-par'><span style='font-weight:bold;'>問合せ内容</span>
						</div>
						<div class='notes-par'><span style='font-weight:bold;'>（詳細）</span>
						</div>
					</td>
					<td style='border:1px solid #808080; padding:3px 6px; vertical-align:top;'>
						<div class='notes-par'><span class='notes-field-wrap'><span class='notes-field' data-field='inquiry' data-type='text' data-kind='editable'></span></span>
						</div>
					</td>
				</tr>
				<tr data-hidewhen='!(@Contains(@UserRoles;&quot;[HELP]&quot;) | @Contains(@UserRoles;&quot;[二次]&quot;) | @Contains(@UserRoles;&quot;[関連]&quot;) | @Contains(@UserRoles;&quot;[携帯他]&quot;))'>
					<td style='border:1px solid #808080; padding:3px 6px; vertical-align:top; background:#e9f3ff; font-weight:bold; width:120px;'>
						<div class='notes-par'><span style='font-weight:bold;'>対応内容</span>
						</div>
						<div class='notes-par'><span style='font-weight:bold;'>最終回答</span>
						</div>
					</td>
					<td style='border:1px solid #808080; padding:3px 6px; vertical-align:top;' data-hidewhen='!(@Contains(@UserRoles;&quot;[HELP]&quot;) | @Contains(@UserRoles;&quot;[二次]&quot;) | @Contains(@UserRoles;&quot;[関連]&quot;) | @Contains(@UserRoles;&quot;[携帯他]&quot;))'>
						<div class='notes-par'><span class='notes-field-wrap'><span class='notes-field' data-field='answer' data-type='text' data-kind='editable'></span></span>
						</div>
						<div class='notes-par'><span style='font-weight:bold;'>処理件数：</span><span class='notes-field-wrap'><span class='notes-field' data-field='Processing_number' data-type='text' data-kind='editable'></span></span>
						</div>
						<div class='notes-par'><span style='font-weight:bold;'>ﾊﾟｽﾜｰﾄﾞ</span><span style='font-weight:bold;'>ﾉｰﾂ：</span><span class='notes-field-wrap'><span class='notes-field' data-field='pass' data-type='text' data-kind='editable'></span></span><span style='font-weight:bold;'>AD：</span><span class='notes-field-wrap'><span class='notes-field' data-field='pass_1' data-type='text' data-kind='editable'></span></span><span style='font-weight:bold;'>その他：</span><span class='notes-field-wrap'><span class='notes-field' data-field='pass_2' data-type='text' data-kind='editable'></span></span>
						</div>
					</td>
				</tr>
				<tr>
					<td style='border:1px solid #808080; padding:3px 6px; vertical-align:top; background:#e9f3ff; font-weight:bold; width:120px;'>
						<div class='notes-par'><span style='font-weight:bold;'>対応時間</span>
						</div>
						<div class='notes-par'><span style='font-weight:bold;'>調査時間</span>
						</div>
					</td>
					<td style='border:1px solid #808080; padding:3px 6px; vertical-align:top;'>
						<div class='notes-par'><span class='notes-field-wrap'><span class='notes-field' data-field='JIKAN' data-type='number' data-kind='editable'>60</span></span><span style='font-weight:bold;'>分　【ログ送信日時</span><span style='font-weight:bold;'>】：</span><span class='notes-field-wrap'><span class='notes-field' data-field='JDATE_Y' data-type='text' data-kind='editable'></span></span><span style='font-weight:bold;'>年</span><span class='notes-field-wrap'><span class='notes-field' data-field='JDATE_M' data-type='text' data-kind='editable'></span></span><span style='font-weight:bold;'> 月</span><span class='notes-field-wrap'><span class='notes-field' data-field='JDATE_D' data-type='text' data-kind='editable'></span></span><span style='font-weight:bold;'>日（</span><span class='notes-field-wrap'><span class='notes-field' data-field='JTIME_H' data-type='text' data-kind='editable'></span></span><span style='font-weight:bold;'>時</span><span class='notes-field-wrap'><span class='notes-field' data-field='JTIME_M' data-type='text' data-kind='editable'></span></span><span style='font-weight:bold;'>分）</span>
						</div>
						<div class='notes-par'><span class='notes-field-wrap'><span class='notes-field' data-field='JIKAN2' data-type='number' data-kind='editable'>40</span></span><span style='font-weight:bold;'>分</span>
						</div>
						<div class='notes-par'><span style='font-weight:bold;'>追加対応者</span><span style='font-weight:bold;'>対応時間：</span><span class='notes-field-wrap'><span class='notes-field' data-field='JIKAN_3' data-type='number' data-kind='editable'></span></span><span style='font-weight:bold;'>分</span><span style='font-weight:bold;'>調査時間：</span><span class='notes-field-wrap'><span class='notes-field' data-field='JIKAN_4' data-type='number' data-kind='editable'></span></span><span style='font-weight:bold;'>分　　ログチェック：</span><span class='notes-field-wrap'><span class='notes-field' data-field='JIKAN_5' data-type='number' data-kind='editable'>1</span></span><span style='font-weight:bold;'> 分</span>
						</div>
					</td>
				</tr>
				<tr>
					<td style='border:1px solid #808080; padding:3px 6px; vertical-align:top; background:#e9f3ff; font-weight:bold; width:120px;'>
						<div class='notes-par'><span style='font-weight:bold;'>対応完了日時</span>
						</div>
					</td>
					<td style='border:1px solid #808080; padding:3px 6px; vertical-align:top;'>
						<div class='notes-par'><span class='notes-field-wrap'><span class='notes-field' data-field='EDATE_Y' data-type='number' data-kind='editable'>2024</span></span><span style='font-weight:bold;'> 年</span><span class='notes-field-wrap'><span class='notes-field' data-field='EDATE_M' data-type='number' data-kind='editable'>9</span></span><span style='font-weight:bold;'> 月</span><span class='notes-field-wrap'><span class='notes-field' data-field='EDATE_D' data-type='number' data-kind='editable'>27</span></span><span style='font-weight:bold;'> 日（</span><span class='notes-field-wrap'><span class='notes-field' data-field='ETIME_H' data-type='text' data-kind='editable'>11</span></span><span style='font-weight:bold;'> 時</span><span class='notes-field-wrap'><span class='notes-field' data-field='ETIME_M' data-type='text' data-kind='editable'>17</span></span><span style='font-weight:bold;'> 分）</span>
						</div>
					</td>
				</tr>
			</table><br/>
			<div class='notes-par'><span style='font-weight:bold;'>＜対象者情報＞</span>
			</div>
			<table style='margin-top:1em; border-collapse:collapse; width:800px; table-layout:fixed;' width='800' border='1' cellspacing='0' cellpadding='0' data-hidewhen='@Contains(@UserRoles;&quot;[JSOX]&quot;)'>
				<tr data-hidewhen='@Contains(@UserRoles;&quot;[JSOX]&quot;)'>
					<td style='border:1px solid #808080; padding:3px 6px; vertical-align:top; background:#e9f3ff; font-weight:bold; width:120px;' data-hidewhen='@Contains(@UserRoles;&quot;[JSOX]&quot;)'>
						<div class='notes-par'><span style='font-weight:bold;'>対象者氏名</span>
						</div>
					</td>
					<td style='border:1px solid #808080; padding:3px 6px; vertical-align:top;' data-hidewhen='@Contains(@UserRoles;&quot;[JSOX]&quot;)'>
						<div class='notes-par'><span class='notes-field-wrap'><span class='notes-field' data-field='name' data-type='text' data-kind='editable'></span></span>
						</div>
					</td>
					<td style='border:1px solid #808080; padding:3px 6px; vertical-align:top; background:#e9f3ff; font-weight:bold; width:120px;' data-hidewhen='@Contains(@UserRoles;&quot;[JSOX]&quot;)'>
						<div class='notes-par'><span style='font-weight:bold;'>ADユーザーID</span>
						</div>
					</td>
					<td style='border:1px solid #808080; padding:3px 6px; vertical-align:top;' data-hidewhen='@Contains(@UserRoles;&quot;[JSOX]&quot;)'>
						<div class='notes-par'><span class='notes-field-wrap'><span class='notes-field' data-field='ADID' data-type='text' data-kind='editable'></span></span>
						</div>
					</td>
				</tr>
				<tr>
					<td style='border:1px solid #808080; padding:3px 6px; vertical-align:top; background:#e9f3ff; font-weight:bold; width:120px;'>
						<div class='notes-par'><span style='font-weight:bold;'>コンピューター名</span>
						</div>
					</td>
					<td style='border:1px solid #808080; padding:3px 6px; vertical-align:top;'>
						<div class='notes-par'><span class='notes-field-wrap'><span class='notes-field' data-field='pc_name' data-type='text' data-kind='editable'></span></span>
						</div>
					</td>
					<td style='border:1px solid #808080; padding:3px 6px; vertical-align:top; background:#e9f3ff; font-weight:bold; width:120px;'>
						<div class='notes-par'><span style='font-weight:bold;'>メールアドレス</span>
						</div>
					</td>
					<td style='border:1px solid #808080; padding:3px 6px; vertical-align:top;'>
						<div class='notes-par'><span class='notes-field-wrap'><span class='notes-field' data-field='MailAddress' data-type='text' data-kind='editable'></span></span>
						</div>
					</td>
				</tr>
			</table><br/>
			<div class='notes-par'><span style='font-weight:bold;'>＜Office365情報＞</span>
			</div>
			<table style='margin-top:1em; border-collapse:collapse; width:800px; table-layout:fixed;' width='800' border='1' cellspacing='0' cellpadding='0' data-hidewhen='@Contains(@UserRoles;&quot;[JSOX]&quot;)'>
				<tr>
					<td style='border:1px solid #808080; padding:3px 6px; vertical-align:top; background:#e9f3ff; font-weight:bold; width:120px;'>
						<div class='notes-par'><span style='font-weight:bold;'>Offife365ライセンス</span>
						</div>
					</td>
					<td style='border:1px solid #808080; padding:3px 6px; vertical-align:top;'>
						<div class='notes-par'><span class='notes-field-wrap'><span class='notes-field' data-field='O365License' data-type='keyword' data-kind='editable'></span></span>
						</div>
					</td>
					<td style='border:1px solid #808080; padding:3px 6px; vertical-align:top; background:#e9f3ff; font-weight:bold; width:120px;'>
						<div class='notes-par'><span style='font-weight:bold;'>Outlook使用アプリ</span>
						</div>
					</td>
					<td style='border:1px solid #808080; padding:3px 6px; vertical-align:top;'>
						<div class='notes-par'><span class='notes-field-wrap'><span class='notes-field' data-field='OutlookApri' data-type='keyword' data-kind='editable'></span></span>
						</div>
					</td>
				</tr>
				<tr>
					<td style='border:1px solid #808080; padding:3px 6px; vertical-align:top; background:#e9f3ff; font-weight:bold; width:120px;'>
						<div class='notes-par'><span style='font-weight:bold;'>利用環境_端末</span>
						</div>
					</td>
					<td style='border:1px solid #808080; padding:3px 6px; vertical-align:top;'>
						<div class='notes-par'><span class='notes-field-wrap'><span class='notes-field' data-field='plathome' data-type='keyword' data-kind='editable'></span></span>
						</div>
					</td>
					<td style='border:1px solid #808080; padding:3px 6px; vertical-align:top; background:#e9f3ff; font-weight:bold; width:120px;'>
						<div class='notes-par'><span style='font-weight:bold;'>スマートデバイス回線番号</span>
						</div>
					</td>
					<td style='border:1px solid #808080; padding:3px 6px; vertical-align:top;'>
						<div class='notes-par'><span class='notes-field-wrap'><span class='notes-field' data-field='mobile_tel_no' data-type='text' data-kind='editable'></span></span>
						</div>
					</td>
				</tr>
			</table>

			<table style='border-collapse:collapse; width:800px; table-layout:fixed;' width='800' border='1' cellspacing='0' cellpadding='0' data-hidewhen='@Contains(@UserRoles;&quot;[JSOX]&quot;)'>
				<tr data-hidewhen='@Contains(@UserRoles;&quot;[JSOX]&quot;)'>
					<td style='border:1px solid #808080; padding:3px 6px; vertical-align:top; background:#e9f3ff; font-weight:bold; width:120px;' data-hidewhen='@Contains(@UserRoles;&quot;[JSOX]&quot;)'>
						<div class='notes-par'><span style='font-weight:bold;'>利用環境_種類</span>
						</div>
					</td>
					<td style='border:1px solid #808080; padding:3px 6px; vertical-align:top;' colspan='3' data-hidewhen='@Contains(@UserRoles;&quot;[JSOX]&quot;)'>
						<div class='notes-par'><span class='notes-field-wrap'><span class='notes-field' data-field='O365SYURUI' data-type='keyword' data-kind='editable' data-allowmultivalues='true'></span></span><span style='font-weight:bold;'>　(：</span><span class='notes-field-wrap'><span class='notes-field' data-field='BROWSER' data-type='keyword' data-kind='editable' data-allowmultivalues='true'></span></span><span style='font-weight:bold;'>)</span>
						</div>
					</td>
				</tr>
				<tr data-hidewhen='@Contains(@UserRoles;&quot;[JSOX]&quot;)'>
					<td style='border:1px solid #808080; padding:3px 6px; vertical-align:top; background:#e9f3ff; font-weight:bold; width:120px;'>
						<div class='notes-par'><span style='font-weight:bold;'>実施作業</span>
						</div>
					</td>
					<td style='border:1px solid #808080; padding:3px 6px; vertical-align:top;' colspan='3' data-hidewhen='@Contains(@UserRoles;&quot;[JSOX]&quot;)'>
						<div class='notes-par'><span class='notes-field-wrap'><span class='notes-field' data-field='SAGYO' data-type='keyword' data-kind='editable' data-allowmultivalues='true'></span></span>
						</div>
					</td>
				</tr>
			</table><br/>
			<table style='margin-top:1em; border-collapse:collapse; width:800px; table-layout:fixed;' width='800' border='1' cellspacing='0' cellpadding='0' data-hidewhen='@Contains(@UserRoles;&quot;[JSOX]&quot;)'>
				<tr>
					<td style='border:1px solid #808080; padding:3px 6px; vertical-align:top; background:#e9f3ff; font-weight:bold; width:120px;'>
						<div class='notes-par'><span style='font-weight:bold;'>問合せ種別</span>
						</div>
					</td>
					<td style='border:1px solid #808080; padding:3px 6px; vertical-align:top;'>
						<div class='notes-par'><span class='notes-field-wrap'><span class='notes-field' data-field='category1' data-type='keyword' data-kind='editable'>トラブル</span></span>
						</div>
					</td>
					<td style='border:1px solid #808080; padding:3px 6px; vertical-align:top; background:#e9f3ff; font-weight:bold; width:120px;'>
						<div class='notes-par'><span style='font-weight:bold;'>問合せチャネル</span>
						</div>
					</td>
					<td style='border:1px solid #808080; padding:3px 6px; vertical-align:top;'>
						<div class='notes-par'><span class='notes-field-wrap'><span class='notes-field' data-field='category5' data-type='keyword' data-kind='editable'>メール</span></span>
						</div>
					</td>
				</tr>
			</table>
			<table style='border-collapse:collapse; width:800px; table-layout:fixed;' width='800' border='1' cellspacing='0' cellpadding='0'>
				<tr>
					<td style='border:1px solid #808080; padding:3px 6px; vertical-align:top; background:#e9f3ff; font-weight:bold; width:120px;'>
						<div class='notes-par'><span style='font-weight:bold;'>問合せ内容</span>
						</div>
					</td>
					<td style='border:1px solid #808080; padding:3px 6px; vertical-align:top;'>
						<div class='notes-par'>
							<span class='notes-field-wrap'>
								<span class='notes-field' data-field='category3' data-type='text' data-kind='editable'>06.ネットワーク関連</span>
							</span>
						</div>
						<div class='notes-par'><span class='notes-field-wrap'><span class='notes-field' data-field='category4' data-type='text' data-kind='editable'>06.Prismaﾘﾓｰﾄｱｸｾｽ</span></span>
						</div>
						<div class='notes-par'><span class='notes-field-wrap'><span class='notes-field' data-field='category6' data-type='text' data-kind='editable'></span></span>
						</div>
					</td>
				</tr>
				<tr data-hidewhen='@Contains(@UserRoles;&quot;[JSOX]&quot;)'>
					<td style='border:1px solid #808080; padding:3px 6px; vertical-align:top; background:#e9f3ff; font-weight:bold; width:120px;' data-hidewhen='@Contains(@UserRoles;&quot;[JSOX]&quot;)'>
						<div class='notes-par'><span style='font-weight:bold;'>サポートデスクＤＢ</span>
						</div>
					</td>
					<td style='border:1px solid #808080; padding:3px 6px; vertical-align:top;' colspan='3' data-hidewhen='@Contains(@UserRoles;&quot;[JSOX]&quot;)'>
						<div class='notes-par'><span style='font-weight:bold;'>カテゴリ１：</span><span class='notes-field-wrap'><span class='notes-field' data-field='S_Category1' data-type='text' data-kind='editable'></span></span>
						</div>
						<div class='notes-par'><span style='font-weight:bold;'>カテゴリ２：</span><span class='notes-field-wrap'><span class='notes-field' data-field='S_Category2' data-type='text' data-kind='editable'></span></span>
						</div>
						<div class='notes-par'><span style='font-weight:bold;'>カテゴリ３：</span><span class='notes-field-wrap'><span class='notes-field' data-field='S_Category3' data-type='text' data-kind='editable'></span></span>
						</div>
						<div class='notes-par'><span style='font-weight:bold;'>件名：</span><span class='notes-field-wrap'><span class='notes-field' data-field='S_Outline' data-type='text' data-kind='editable'></span></span>
						</div>
					</td>
				</tr>
				<tr>
					<td style='border:1px solid #808080; padding:3px 6px; vertical-align:top; background:#e9f3ff; font-weight:bold; width:120px;'>
						<div class='notes-par'><span style='font-weight:bold;'>ヘルプマニュアル</span>
						</div>
					</td>
					<td style='border:1px solid #808080; padding:3px 6px; vertical-align:top;' colspan='3'>
						<div class='notes-par'><span style='font-weight:bold;'>カテゴリ１：</span><span class='notes-field-wrap'><span class='notes-field' data-field='H_Category1' data-type='text' data-kind='editable'></span></span>
						</div>
						<div class='notes-par'><span style='font-weight:bold;'>カテゴリ２：</span><span class='notes-field-wrap'><span class='notes-field' data-field='H_Category2' data-type='text' data-kind='editable'></span></span>
						</div>
						<div class='notes-par'><span style='font-weight:bold;'>件名：</span><span class='notes-field-wrap'><span class='notes-field' data-field='H_Outline' data-type='text' data-kind='editable'></span></span>
						</div>
					</td>
				</tr>
				<tr data-hidewhen='@Contains(@UserRoles;&quot;[JSOX]&quot;)'>
					<td style='border:1px solid #808080; padding:3px 6px; vertical-align:top; background:#e9f3ff; font-weight:bold; width:120px;' data-hidewhen='@Contains(@UserRoles;&quot;[JSOX]&quot;)'>
						<div class='notes-par'><span style='font-weight:bold;'>関連部門の</span>
						</div>
						<div class='notes-par'><span style='font-weight:bold;'>ｴｽｶﾚｰｼｮﾝ先</span>
						</div>
					</td>
					<td style='border:1px solid #808080; padding:3px 6px; vertical-align:top;' colspan='3' data-hidewhen='@Contains(@UserRoles;&quot;[JSOX]&quot;)'>
						<div class='notes-par'><span class='notes-field-wrap'><span class='notes-field' data-field='Escalation_1' data-type='text' data-kind='editable'></span></span><span style='font-weight:bold;'>※システム名</span>
						</div>
						<div class='notes-par'><span class='notes-field-wrap'><span class='notes-field' data-field='SSendTo_1' data-type='text' data-kind='editable'></span></span><span style='font-weight:bold;'>※送信先の宛先</span>
						</div>
						<div class='notes-par'><span class='notes-field-wrap'><span class='notes-field' data-field='SCC_1' data-type='text' data-kind='editable'></span></span><span style='font-weight:bold;'>※送信先のCC</span>
						</div>
					</td>
				</tr>
				<tr data-hidewhen='@Contains(@UserRoles;&quot;[JSOX]&quot;)'>
					<td style='border:1px solid #808080; padding:3px 6px; vertical-align:top; background:#e9f3ff; font-weight:bold; width:120px;' data-hidewhen='@Contains(@UserRoles;&quot;[JSOX]&quot;)'>
						<div class='notes-par'><span style='font-weight:bold;'>対応依頼先</span>
						</div>
					</td>
					<td style='border:1px solid #808080; padding:3px 6px; vertical-align:top;' colspan='3'>
						<div class='notes-par'><span class='notes-field-wrap'><span class='notes-field' data-field='Escalation_0_1' data-type='text' data-kind='editable'></span></span>
						</div>
					</td>
				</tr>
			</table><br/>
			<table style='margin-top:1em; border-collapse:collapse; width:800px; table-layout:fixed;' width='800' border='1' cellspacing='0' cellpadding='0' data-hidewhen='@Contains(@UserRoles;&quot;[JSOX]&quot;)'>
				<tr data-hidewhen='@Contains(@UserRoles;&quot;[JSOX]&quot;)'>
					<td style='border:1px solid #808080; padding:3px 6px; vertical-align:top; background:#f2f2f2; font-weight:bold; width:120px;' data-hidewhen='@Contains(@UserRoles;&quot;[JSOX]&quot;)'>
						<div class='notes-par'><span style='font-weight:bold;'>Hardware</span>
						</div>
					</td>
				</tr>
				<tr data-hidewhen='@Contains(@UserRoles;&quot;[JSOX]&quot;)'>
					<td style='border:1px solid #808080; padding:3px 6px; vertical-align:top; background:#e9f3ff; font-weight:bold; width:120px;' data-hidewhen='@Contains(@UserRoles;&quot;[JSOX]&quot;)'>
						<div class='notes-par'><span style='font-weight:bold;'>メーカー</span>
						</div>
					</td>
					<td style='border:1px solid #808080; padding:3px 6px; vertical-align:top;'>
						<div class='notes-par'><span class='notes-field-wrap'><span class='notes-field' data-field='HW' data-type='text' data-kind='editable'></span></span>
						</div>
					</td>
				</tr>
				<tr>
					<td style='border:1px solid #808080; padding:3px 6px; vertical-align:top; background:#e9f3ff; font-weight:bold; width:120px;'>
						<div class='notes-par'><span style='font-weight:bold;'>製品名</span>
						</div>
					</td>
					<td style='border:1px solid #808080; padding:3px 6px; vertical-align:top;'>
						<div class='notes-par'><span class='notes-field-wrap'><span class='notes-field' data-field='SEIHIN' data-type='text' data-kind='editable'></span></span>
						</div>
					</td>
				</tr>
				<tr>
					<td style='border:1px solid #808080; padding:3px 6px; vertical-align:top; background:#e9f3ff; font-weight:bold; width:120px;'>
						<div class='notes-par'><span style='font-weight:bold;'>製造番号</span>
						</div>
					</td>
					<td style='border:1px solid #808080; padding:3px 6px; vertical-align:top;'>
						<div class='notes-par'><span class='notes-field-wrap'><span class='notes-field' data-field='PCSN' data-type='text' data-kind='editable'></span></span>
						</div>
					</td>
				</tr>
			</table><br/>
			<div class='notes-par'><span class='notes-field-wrap'><span class='notes-field' data-field='TRWORK' data-type='text' data-kind='computed'>0</span></span>
			</div>
			<table style='margin-top:1em; border-collapse:collapse; width:800px; table-layout:fixed;' width='800' border='1' cellspacing='0' cellpadding='0' data-hidewhen='@Contains(@UserRoles;&quot;[JSOX]&quot;)'>
				<tr data-hidewhen='@Contains(@UserRoles;&quot;[JSOX]&quot;)'>
					<td style='border:1px solid #808080; padding:3px 6px; vertical-align:top; background:#e9f3ff; font-weight:bold; width:120px;' data-hidewhen='@Contains(@UserRoles;&quot;[JSOX]&quot;)'>
						<div class='notes-par'><span style='font-weight:bold;'>再ｲﾝｽﾄｰﾙ</span>
						</div>
					</td>
					<td style='border:1px solid #808080; padding:3px 6px; vertical-align:top;' data-hidewhen='@Contains(@UserRoles;&quot;[JSOX]&quot;)'>
						<div class='notes-par'>
							<span style='font-weight:bold;'>送付到着確認日：</span>
							<span class='notes-field-wrap'>
								<span class='notes-field' data-field='PCYY' data-type='number' data-kind='editable'></span>
							</span>
							<span style='font-weight:bold;'>年</span>
							<span class='notes-field-wrap'>
								<span class='notes-field' data-field='PCMY' data-type='number' data-kind='editable'></span>
							</span>
							<span style='font-weight:bold;'>月</span>
							<span class='notes-field-wrap'>
								<span class='notes-field' data-field='PCDY' data-type='number' data-kind='editable'></span>
							</span>
							<span style='font-weight:bold;'>日</span>
						</div>
						<div class='notes-par'>
							<span style='font-weight:bold;'>作業者：</span>
							<span class='notes-field' data-field='saitan' data-type='text' data-kind='editable'></span>
						</div>
					</td>
				</tr>
				<tr>
					<td style='border:1px solid #808080; padding:3px 6px; vertical-align:top; background:#e9f3ff; font-weight:bold; width:120px;'>
						<div class='notes-par'><span style='font-weight:bold;'>完了ﾀｲﾌﾟ</span>
						</div>
					</td>
					<td style='border:1px solid #808080; padding:3px 6px; vertical-align:top;'>
						<div class='notes-par'><span class='notes-field-wrap'><span class='notes-field' data-field='statusTYPE' data-type='keyword' data-kind='editable' data-allowmultivalues='true'>自己解決</span></span>
						</div>
						<div class='notes-par'><span class='notes-field-wrap'><span class='notes-field' data-field='MEKER_K' data-type='text' data-kind='editable'></span></span>
						</div>
					</td>
				</tr>
				<tr data-hidewhen='status!=&quot;引継ぎ依頼中&quot;'>
					<td style='border:1px solid #808080; padding:3px 6px; vertical-align:top; background:#e9f3ff; font-weight:bold; width:120px;'>
						<div class='notes-par'><span style='font-weight:bold;'>対応状況</span>
						</div>
					</td>
					<td style='border:1px solid #808080; padding:3px 6px; vertical-align:top;' data-hidewhen='status!=&quot;引継ぎ依頼中&quot;'>
						<div class='notes-par'><span class='notes-field-wrap'><span class='notes-field' data-field='status' data-type='keyword' data-kind='editable'>CLOSE</span></span>
						</div>
						<div class='notes-par'><span class='notes-field-wrap'><span class='notes-field' data-field='dispach' data-type='text' data-kind='computed'>引き継ぎ依頼先：</span></span>
						</div>
						<div class='notes-par'><span class='notes-field-wrap'><span class='notes-field' data-field='dispach_1' data-type='text' data-kind='computed'>調査依頼：　 -</span></span>
						</div>
						<div class='notes-par'><span style='font-weight:bold;'>依頼先担当者：</span><span class='notes-field-wrap'><span class='notes-field' data-field='SecondLineName' data-type='text' data-kind='editable'></span></span>
						</div>
					</td>
				</tr>
				<tr>
					<td style='border:1px solid #808080; padding:3px 6px; vertical-align:top; background:#e9f3ff; font-weight:bold; width:120px;'>
						<div class='notes-par'><span style='font-weight:bold;'>担当者</span>
						</div>
					</td>
					<td style='border:1px solid #808080; padding:3px 6px; vertical-align:top;'>
						<div class='notes-par'>
							<span class='notes-field-wrap'>
								<span class='notes-field' data-field='acc_main' data-type='keyword' data-kind='editable'>渡部 真由美</span>
							</span>
						</div>
						<div class='notes-par'>
							<span style='font-weight:bold;'>受付：</span>
							<span class='notes-field-wrap'>
								<span class='notes-field' data-field='create_name' data-type='text' data-kind='computedwhencomposed'>渡部 真由美</span>
							</span>
						</div>
						<div class='notes-par'>							
							<span style='font-weight:bold;'>前回対応：</span>
							<span class='notes-field-wrap'>
								<span class='notes-field' data-field='acc_name' data-type='text' data-kind='computed' data-allowmultivalues='true'>平田 幸恵</span>
							</span>
						</div>
					</td>
				</tr>
				<tr data-hidewhen='@Contains(@UserRoles;&quot;[JSOX]&quot;)'>
					<td style='border:1px solid #808080; padding:3px 6px; vertical-align:top; background:#e9f3ff; font-weight:bold; width:120px;' data-hidewhen='@Contains(@UserRoles;&quot;[JSOX]&quot;)'>
						<div class='notes-par'><span style='font-weight:bold;'>承認者</span>
						</div>
					</td>
					<td style='border:1px solid #808080; padding:3px 6px; vertical-align:top;' data-hidewhen='@Contains(@UserRoles;&quot;[JSOX]&quot;)'>
						<div class='notes-par'><span class='notes-field-wrap'><span class='notes-field' data-field='Escalation_Approve_1' data-type='text' data-kind='editable'></span></span>&nbsp;<span class='notes-field-wrap'><span class='notes-field' data-field='ESDATE_Y_1' data-type='number' data-kind='editable'></span></span><span style='font-weight:bold;'> 年</span><span class='notes-field-wrap'><span class='notes-field' data-field='ESDATE_M_1' data-type='number' data-kind='editable'></span></span><span style='font-weight:bold;'> 月</span><span class='notes-field-wrap'><span class='notes-field' data-field='ESDATE_D_1' data-type='number' data-kind='editable'></span></span><span style='font-weight:bold;'> 日（</span><span class='notes-field-wrap'><span class='notes-field' data-field='ESTIME_H_1' data-type='text' data-kind='editable'></span></span><span style='font-weight:bold;'>時</span><span class='notes-field-wrap'><span class='notes-field' data-field='ESTIME_M_1' data-type='text' data-kind='editable'></span></span><span style='font-weight:bold;'> 分）</span>
						</div>
					</td>
				</tr>
			</table>
		</div>
	</div><br/>
	<div class='notes-section' data-hidewhen='@Contains(@UserRoles;&quot;[JSOX]&quot;)'>
		<div class='notes-section-body'>
			<table style='margin-top:1em; border-collapse:collapse; width:800px;'>
				<tr>
					<td style='background:#d9d9d9; padding:2px 6px; font-weight:bold;'>関連部門
					</td>
				</tr>
			</table><br/>
			<div class='notes-par'><span style='font-weight:bold;'>区分：</span><span class='notes-field-wrap'><span class='notes-field' data-field='Third_Type' data-type='text' data-kind='editable'>不要</span></span>
			</div><br/>
			<div class='notes-par'><span style='font-weight:bold;'>関連部門　問い合わせ内容</span>
			</div>
			<table style='margin-top:1em; border-collapse:collapse; width:800px; table-layout:fixed;' width='800' border='1' cellspacing='0' cellpadding='0' data-hidewhen='@Contains(@UserRoles;&quot;[JSOX]&quot;)'>
				<tr data-hidewhen='Third_Type=&quot;不要&quot;'>
					<td style='border:1px solid #808080; padding:3px 6px; vertical-align:top; background:#e9f3ff; font-weight:bold; width:120px;' data-hidewhen='Third_Type=&quot;不要&quot;'>
						<div class='notes-par'><span style='font-weight:bold;'>担当者</span>
						</div>
					</td>
					<td style='border:1px solid #808080; padding:3px 6px; vertical-align:top;' data-hidewhen='Third_Type=&quot;不要&quot;'>
						<div class='notes-par'>
							<span class='notes-field-wrap'>
								<span class='notes-field' data-field='Third_Person' data-type='text' data-kind='editable'></span>
							</span>
						</div>
					</td>
				</tr>
				<tr data-hidewhen='Third_Type=&quot;不要&quot;'>
					<td style='border:1px solid #808080; padding:3px 6px; vertical-align:top; background:#e9f3ff; font-weight:bold; width:120px;'>
						<div class='notes-par'><span style='font-weight:bold;'>所属部署</span>
						</div>
					</td>
					<td style='border:1px solid #808080; padding:3px 6px; vertical-align:top;' data-hidewhen='Third_Type=&quot;不要&quot;'>
						<div class='notes-par'><span class='notes-field-wrap'><span class='notes-field' data-field='Third_Dept' data-type='text' data-kind='editable'></span></span>
						</div>
					</td>
				</tr>
				<tr data-hidewhen='Third_Type=&quot;不要&quot;'>
					<td style='border:1px solid #808080; padding:3px 6px; vertical-align:top; background:#e9f3ff; font-weight:bold; width:120px;' data-hidewhen='Third_Type=&quot;不要&quot;'>
						<div class='notes-par'><span style='font-weight:bold;'>連絡先</span>
						</div>
					</td>
					<td style='border:1px solid #808080; padding:3px 6px; vertical-align:top;' data-hidewhen='Third_Type=&quot;不要&quot;'>
						<div class='notes-par'><span class='notes-field-wrap'><span class='notes-field' data-field='Third_Contact' data-type='text' data-kind='editable'></span></span>
						</div>
					</td>
				</tr>
				<tr data-hidewhen='Third_Type=&quot;不要&quot;'>
					<td style='border:1px solid #808080; padding:3px 6px; vertical-align:top; background:#e9f3ff; font-weight:bold; width:120px;'>
						<div class='notes-par'><span style='font-weight:bold;'>受付日時</span>
						</div>
					</td>
					<td style='border:1px solid #808080; padding:3px 6px; vertical-align:top;' data-hidewhen='Third_Type=&quot;不要&quot;'>
						<div class='notes-par'><span class='notes-field-wrap'><span class='notes-field' data-field='SDATE_Y_2' data-type='number' data-kind='editable'></span></span><span style='font-weight:bold;'> 年</span><span class='notes-field-wrap'><span class='notes-field' data-field='SDATE_M_2' data-type='number' data-kind='editable'></span></span><span style='font-weight:bold;'> 月</span><span class='notes-field-wrap'><span class='notes-field' data-field='SDATE_D_2' data-type='number' data-kind='editable'></span></span><span style='font-weight:bold;'> 日（</span><span class='notes-field-wrap'><span class='notes-field' data-field='STIME_H_2' data-type='text' data-kind='editable'></span></span><span style='font-weight:bold;'> 時</span><span class='notes-field-wrap'><span class='notes-field' data-field='STIME_M_2' data-type='text' data-kind='editable'></span></span><span style='font-weight:bold;'> 分）</span>
						</div>
					</td>
				</tr>
				<tr>
					<td style='border:1px solid #808080; padding:3px 6px; vertical-align:top; background:#e9f3ff; font-weight:bold; width:120px;'>
						<div class='notes-par'><span style='font-weight:bold;'>中間回答日時</span>
						</div>
					</td>
					<td style='border:1px solid #808080; padding:3px 6px; vertical-align:top;' colspan='2'>
						<div class='notes-par'><span class='notes-field-wrap'><span class='notes-field' data-field='CDATE_Y_2' data-type='number' data-kind='editable'></span></span><span style='font-weight:bold;'> 年</span><span class='notes-field-wrap'><span class='notes-field' data-field='CDATE_M_2' data-type='number' data-kind='editable'></span></span><span style='font-weight:bold;'> 月</span><span class='notes-field-wrap'><span class='notes-field' data-field='CDATE_D_2' data-type='number' data-kind='editable'></span></span><span style='font-weight:bold;'> 日（</span><span class='notes-field-wrap'><span class='notes-field' data-field='CTIME_H_2' data-type='text' data-kind='editable'></span></span><span style='font-weight:bold;'> 時</span><span class='notes-field-wrap'><span class='notes-field' data-field='CTIME_M_2' data-type='text' data-kind='editable'></span></span><span style='font-weight:bold;'> 分）</span>
						</div>
					</td>
				</tr>
				<tr data-hidewhen='Third_Type=&quot;不要&quot;'>
					<td style='border:1px solid #808080; padding:3px 6px; vertical-align:top; background:#e9f3ff; font-weight:bold; width:120px;' data-hidewhen='Third_Type=&quot;不要&quot;'>
						<div class='notes-par'><span style='font-weight:bold;'>途中経過内容</span>
						</div>
						<div class='notes-par'><span style='font-weight:bold;'>（作業内容）</span>
						</div>
					</td>
					<td style='border:1px solid #808080; padding:3px 6px; vertical-align:top;' colspan='2'>
						<div class='notes-par'><span class='notes-field-wrap'><span class='notes-field' data-field='Third_half' data-type='text' data-kind='editable'></span></span>
						</div>
					</td>
				</tr>
				<tr>
					<td style='border:1px solid #808080; padding:3px 6px; vertical-align:top; background:#e9f3ff; font-weight:bold; width:120px;'>
						<div class='notes-par'><span style='font-weight:bold;'>最終回答日時</span>
						</div>
					</td>
					<td style='border:1px solid #808080; padding:3px 6px; vertical-align:top;' colspan='2'>
						<div class='notes-par'><span class='notes-field-wrap'><span class='notes-field' data-field='EDATE_Y_2' data-type='number' data-kind='editable'></span></span><span style='font-weight:bold;'> 年</span><span class='notes-field-wrap'><span class='notes-field' data-field='EDATE_M_2' data-type='number' data-kind='editable'></span></span><span style='font-weight:bold;'> 月</span><span class='notes-field-wrap'><span class='notes-field' data-field='EDATE_D_2' data-type='number' data-kind='editable'></span></span><span style='font-weight:bold;'> 日（</span><span class='notes-field-wrap'><span class='notes-field' data-field='ETIME_H_2' data-type='text' data-kind='editable'></span></span><span style='font-weight:bold;'> 時</span><span class='notes-field-wrap'><span class='notes-field' data-field='ETIME_M_2' data-type='text' data-kind='editable'></span></span><span style='font-weight:bold;'> 分）</span>
						</div>
					</td>
				</tr>
				<tr data-hidewhen='Third_Type=&quot;不要&quot; | (Third_Type=&quot;必要&quot; &amp; !(Escalation_1=&quot;UserID再作成&quot; | Escalation_1=&quot;ｾｷｭｱID PWﾘｾｯﾄ依頼&quot; | Escalation_1=&quot;ﾒｰﾙﾘｽﾄｱ依頼&quot;))'>
					<td style='border:1px solid #808080; padding:3px 6px; vertical-align:top; background:#e9f3ff; font-weight:bold; width:120px;'>
						<div class='notes-par'><span style='font-weight:bold;'>回答内容</span>
						</div>
					</td>
					<td style='border:1px solid #808080; padding:3px 6px; vertical-align:top;' data-hidewhen='Third_Type=&quot;不要&quot; | (Third_Type=&quot;必要&quot; &amp; !(Escalation_1=&quot;UserID再作成&quot; | Escalation_1=&quot;ｾｷｭｱID PWﾘｾｯﾄ依頼&quot; | Escalation_1=&quot;ﾒｰﾙﾘｽﾄｱ依頼&quot;))'>
						<div class='notes-par'><span class='notes-field-wrap'><span class='notes-field' data-field='Third_answer' data-type='text' data-kind='editable'></span></span>
						</div>
					</td>
				</tr>
				<tr>
					<td style='border:1px solid #808080; padding:3px 6px; vertical-align:top; background:#e9f3ff; font-weight:bold; width:120px;'>
						<div class='notes-par'><span style='font-weight:bold;'>問合せ種別</span>
						</div>
					</td>
					<td style='border:1px solid #808080; padding:3px 6px; vertical-align:top;' colspan='2'>
						<div class='notes-par'><span class='notes-field-wrap'><span class='notes-field' data-field='Second_category1' data-type='keyword' data-kind='editable'></span></span>
						</div>
					</td>
				</tr>
				<tr data-hidewhen='Third_Type=&quot;不要&quot;'>
					<td style='border:1px solid #808080; padding:3px 6px; vertical-align:top; background:#e9f3ff; font-weight:bold; width:120px;' data-hidewhen='Third_Type=&quot;不要&quot;'>
						<div class='notes-par'><span style='font-weight:bold;'>問合せ内容</span>
						</div>
					</td>
					<td style='border:1px solid #808080; padding:3px 6px; vertical-align:top;' data-hidewhen='Third_Type=&quot;不要&quot;'>
						<div class='notes-par'><span class='notes-field-wrap'><span class='notes-field' data-field='Second_category2' data-type='text' data-kind='computed'></span></span>
						</div>
						<div class='notes-par'><span class='notes-field-wrap'><span class='notes-field' data-field='Second_category3' data-type='text' data-kind='computed'></span></span>
						</div>
						<div class='notes-par'><span class='notes-field-wrap'><span class='notes-field' data-field='Second_category4' data-type='text' data-kind='computed'></span></span>
						</div>
					</td>
				</tr>
				<tr>
					<td style='border:1px solid #808080; padding:3px 6px; vertical-align:top; background:#e9f3ff; font-weight:bold; width:120px;'>
						<div class='notes-par'><span style='font-weight:bold;'>対応時間</span>
						</div>
						<div class='notes-par'><span style='font-weight:bold;'>調査時間</span>
						</div>
					</td>
					<td style='border:1px solid #808080; padding:3px 6px; vertical-align:top;' colspan='2'>
						<div class='notes-par'><span class='notes-field-wrap'><span class='notes-field' data-field='JIKAN_2_1' data-type='number' data-kind='editable'></span></span><span style='font-weight:bold;'>分</span>
						</div>
						<div class='notes-par'><span class='notes-field-wrap'><span class='notes-field' data-field='JIKAN_2_2' data-type='number' data-kind='editable'></span></span><span style='font-weight:bold;'>分</span>
						</div>
					</td>
				</tr>
				<tr>
					<td style='border:1px solid #808080; padding:3px 6px; vertical-align:top; background:#e9f3ff; font-weight:bold; width:120px;'>
						<div class='notes-par'><span style='font-weight:bold;'>障害</span>
						</div>
					</td>
					<td style='border:1px solid #808080; padding:3px 6px; vertical-align:top;' colspan='2'>
						<div class='notes-par'><span class='notes-field-wrap'><span class='notes-field' data-field='Trouble_2' data-type='keyword' data-kind='editable' data-allowmultivalues='true'></span></span>
						</div>
					</td>
				</tr>
				<tr>
					<td style='border:1px solid #808080; padding:3px 6px; vertical-align:top; background:#e9f3ff; font-weight:bold; width:120px;'>
						<div class='notes-par'><span style='font-weight:bold;'>上長コメント</span>
						</div>
					</td>
					<td style='border:1px solid #808080; padding:3px 6px; vertical-align:top;' colspan='2'>
						<div class='notes-par'><span class='notes-field-wrap'><span class='notes-field' data-field='Third_comment' data-type='text' data-kind='editable'></span></span>
						</div>
					</td>
				</tr>
				<tr>
					<td style='border:1px solid #808080; padding:3px 6px; vertical-align:top; background:#e9f3ff; font-weight:bold; width:120px;'>
						<div class='notes-par'><span style='font-weight:bold;'>上長承認</span>
						</div>
					</td>
					<td style='border:1px solid #808080; padding:3px 6px; vertical-align:top;' colspan='2'>
						<div class='notes-par'><span class='notes-field-wrap'><span class='notes-field' data-field='Trouble_Approve_2' data-type='text' data-kind='editable'></span></span>&nbsp;<span class='notes-field-wrap'><span class='notes-field' data-field='ADATE_Y_2' data-type='number' data-kind='editable'></span></span><span style='font-weight:bold;'> 年</span><span class='notes-field-wrap'><span class='notes-field' data-field='ADATE_M_2' data-type='number' data-kind='editable'></span></span><span style='font-weight:bold;'> 月</span><span class='notes-field-wrap'><span class='notes-field' data-field='ADATE_D_2' data-type='number' data-kind='editable'></span></span><span style='font-weight:bold;'> 日（</span><span class='notes-field-wrap'><span class='notes-field' data-field='ATIME_H_2' data-type='text' data-kind='editable'></span></span><span style='font-weight:bold;'> 時</span><span class='notes-field-wrap'><span class='notes-field' data-field='ATIME_M_2' data-type='text' data-kind='editable'></span></span><span style='font-weight:bold;'> 分）</span>
						</div>
					</td>
				</tr>
			</table>
		</div>
	</div><br/>
	<div class='notes-par'><span style='font-weight:bold;'>トラブルチケット</span><span style='font-weight:bold;'>(有無：</span><span class='notes-field-wrap'><span class='notes-field' data-field='TRUMU' data-type='keyword' data-kind='editable'>無</span></span><span style='font-weight:bold;'>）</span>
	</div>
	<table style='margin-top:1em; border-collapse:collapse; width:800px; table-layout:fixed;' width='800' border='1' cellspacing='0' cellpadding='0' data-hidewhen='@Contains(@UserRoles;&quot;[JSOX]&quot;)'>
		<tr data-hidewhen='@Contains(@UserRoles;&quot;[JSOX]&quot;)'>
			<td style='border:1px solid #808080; padding:3px 6px; vertical-align:top;' data-hidewhen='@Contains(@UserRoles;&quot;[JSOX]&quot;)'>
				<div class='notes-par'><span style='font-weight:bold;'>障害個所：</span><span class='notes-field-wrap'><span class='notes-field' data-field='KOSHO' data-type='keyword' data-kind='editable' data-allowmultivalues='true'></span></span>
				</div>
			</td>
		</tr>
	</table><br/>
	<div class='notes-section' data-hidewhen='@Contains(@UserRoles;&quot;[JSOX]&quot;)'>
		<div class='notes-section-body'>
			<div class='notes-par'><span style='font-weight:bold;'>（保守対応依頼）</span>
			</div>
			<table style='margin-top:1em; border-collapse:collapse; width:800px; table-layout:fixed;' width='800' border='1' cellspacing='0' cellpadding='0' data-hidewhen='@Contains(@UserRoles;&quot;[JSOX]&quot;)'>
				<tr data-hidewhen='@Contains(@UserRoles;&quot;[JSOX]&quot;)'>
					<td style='border:1px solid #808080; padding:3px 6px; vertical-align:top; background:#e9f3ff; font-weight:bold; width:120px;' data-hidewhen='@Contains(@UserRoles;&quot;[JSOX]&quot;)'>
						<div class='notes-par'><span style='font-weight:bold;'>会社名</span>
						</div>
					</td>
					<td style='border:1px solid #808080; padding:3px 6px; vertical-align:top;' data-hidewhen='@Contains(@UserRoles;&quot;[JSOX]&quot;)'>
						<div class='notes-par'><span class='notes-field-wrap'><span class='notes-field' data-field='TRMAKER' data-type='text' data-kind='editable'></span></span>
						</div>
					</td>
				</tr>
				<tr>
					<td style='border:1px solid #808080; padding:3px 6px; vertical-align:top; background:#e9f3ff; font-weight:bold; width:120px;'>
						<div class='notes-par'><span style='font-weight:bold;'>部署名</span>
						</div>
					</td>
					<td style='border:1px solid #808080; padding:3px 6px; vertical-align:top;'>
						<div class='notes-par'><span class='notes-field-wrap'><span class='notes-field' data-field='TRKBUSYO' data-type='text' data-kind='editable'></span></span>
						</div>
					</td>
				</tr>
				<tr>
					<td style='border:1px solid #808080; padding:3px 6px; vertical-align:top; background:#e9f3ff; font-weight:bold; width:120px;'>
						<div class='notes-par'><span style='font-weight:bold;'>担当者名</span>
						</div>
					</td>
					<td style='border:1px solid #808080; padding:3px 6px; vertical-align:top;'>
						<div class='notes-par'><span class='notes-field-wrap'><span class='notes-field' data-field='TRTANTO' data-type='text' data-kind='editable'></span></span><span style='font-weight:bold;'>　様</span>
						</div>
					</td>
				</tr>
				<tr>
					<td style='border:1px solid #808080; padding:3px 6px; vertical-align:top; background:#e9f3ff; font-weight:bold; width:120px;'>
						<div class='notes-par'><span style='font-weight:bold;'>ＦＡＸ</span>
						</div>
					</td>
					<td style='border:1px solid #808080; padding:3px 6px; vertical-align:top;'>
						<div class='notes-par'><span class='notes-field-wrap'><span class='notes-field' data-field='TRFAX' data-type='text' data-kind='editable'></span></span>
						</div>
					</td>
				</tr>
				<tr>
					<td style='border:1px solid #808080; padding:3px 6px; vertical-align:top; background:#e9f3ff; font-weight:bold; width:120px;'>
						<div class='notes-par'><span style='font-weight:bold;'>ＴＥＬ</span>
						</div>
					</td>
					<td style='border:1px solid #808080; padding:3px 6px; vertical-align:top;'>
						<div class='notes-par'><span class='notes-field-wrap'><span class='notes-field' data-field='TRTEL' data-type='text' data-kind='editable'></span></span>
						</div>
					</td>
				</tr>
			</table><br/>
			<table style='margin-top:1em; border-collapse:collapse; width:800px; table-layout:fixed;' width='800' border='1' cellspacing='0' cellpadding='0' data-hidewhen='@Contains(@UserRoles;&quot;[JSOX]&quot;)'>
				<tr data-hidewhen='@Contains(@UserRoles;&quot;[JSOX]&quot;)'>
					<td style='border:1px solid #808080; padding:3px 6px; vertical-align:top; background:#e9f3ff; font-weight:bold; width:120px;'>
						<div class='notes-par'><span style='font-weight:bold;'>チケット№</span>
						</div>
					</td>
					<td style='border:1px solid #808080; padding:3px 6px; vertical-align:top;'>
						<div class='notes-par'><span class='notes-field-wrap'><span class='notes-field' data-field='TRNO' data-type='text' data-kind='editable'></span></span>
						</div>
					</td>
					<td style='border:1px solid #808080; padding:3px 6px; vertical-align:top; background:#e9f3ff; font-weight:bold; width:120px;' data-hidewhen='@Contains(@UserRoles;&quot;[JSOX]&quot;)'>
						<div class='notes-par'><span style='font-weight:bold;'>ＯＳ</span>
						</div>
					</td>
					<td style='border:1px solid #808080; padding:3px 6px; vertical-align:top;' data-hidewhen='@Contains(@UserRoles;&quot;[JSOX]&quot;)'>
						<div class='notes-par'><span class='notes-field-wrap'><span class='notes-field' data-field='TROS' data-type='text' data-kind='editable'></span></span>
						</div>
					</td>
				</tr>
				<tr>
					<td style='border:1px solid #808080; padding:3px 6px; vertical-align:top; background:#e9f3ff; font-weight:bold; width:120px;'>
						<div class='notes-par'><span style='font-weight:bold;'>対象機種名</span>
						</div>
					</td>
					<td style='border:1px solid #808080; padding:3px 6px; vertical-align:top;'>
						<div class='notes-par'><span class='notes-field-wrap'><span class='notes-field' data-field='TRKISYU' data-type='text' data-kind='editable'></span></span>
						</div>
					</td>
					<td style='border:1px solid #808080; padding:3px 6px; vertical-align:top; background:#e9f3ff; font-weight:bold; width:120px;'>
						<div class='notes-par'><span style='font-weight:bold;'>品番(S/N)</span>
						</div>
					</td>
					<td style='border:1px solid #808080; padding:3px 6px; vertical-align:top;'>
						<div class='notes-par'><span class='notes-field-wrap'><span class='notes-field' data-field='TRSN' data-type='text' data-kind='editable'></span></span>
						</div>
					</td>
				</tr>
				<tr>
					<td style='border:1px solid #808080; padding:3px 6px; vertical-align:top; background:#e9f3ff; font-weight:bold; width:120px;'>
						<div class='notes-par'><span style='font-weight:bold;'>導入時期</span>
						</div>
					</td>
					<td style='border:1px solid #808080; padding:3px 6px; vertical-align:top;'>
						<div class='notes-par'><span class='notes-field-wrap'><span class='notes-field' data-field='TRJIKI' data-type='text' data-kind='editable'></span></span>
						</div>
					</td>
					<td style='border:1px solid #808080; padding:3px 6px; vertical-align:top; background:#e9f3ff; font-weight:bold; width:120px;'>
						<div class='notes-par'><span style='font-weight:bold;'>備考</span>
						</div>
					</td>
					<td style='border:1px solid #808080; padding:3px 6px; vertical-align:top;'>
						<div class='notes-par'><span class='notes-field-wrap'><span class='notes-field' data-field='TRBIKOU' data-type='text' data-kind='editable'></span></span>
						</div>
					</td>
				</tr>
			</table><br/>
			<div class='notes-par'><span style='font-weight:bold;'>（ユーザー情報）</span>
			</div>
			<table style='margin-top:1em; border-collapse:collapse; width:800px; table-layout:fixed;' width='800' border='1' cellspacing='0' cellpadding='0' data-hidewhen='@Contains(@UserRoles;&quot;[JSOX]&quot;)'>
				<tr data-hidewhen='@Contains(@UserRoles;&quot;[JSOX]&quot;)'>
					<td style='border:1px solid #808080; padding:3px 6px; vertical-align:top; background:#e9f3ff; font-weight:bold; width:120px;' data-hidewhen='@Contains(@UserRoles;&quot;[JSOX]&quot;)'>
						<div class='notes-par'><span style='font-weight:bold;'>氏名</span>
						</div>
					</td>
					<td style='border:1px solid #808080; padding:3px 6px; vertical-align:top;' data-hidewhen='@Contains(@UserRoles;&quot;[JSOX]&quot;)'>
						<div class='notes-par'><span class='notes-field-wrap'><span class='notes-field' data-field='TRYNAME' data-type='text' data-kind='editable'></span></span>
						</div>
					</td>
				</tr>
				<tr>
					<td style='border:1px solid #808080; padding:3px 6px; vertical-align:top; background:#e9f3ff; font-weight:bold; width:120px;'>
						<div class='notes-par'><span style='font-weight:bold;'>ＴＥＬ</span>
						</div>
					</td>
					<td style='border:1px solid #808080; padding:3px 6px; vertical-align:top;'>
						<div class='notes-par'><span class='notes-field-wrap'><span class='notes-field' data-field='TRYTEL' data-type='text' data-kind='editable'></span></span>
						</div>
					</td>
				</tr>
				<tr>
					<td style='border:1px solid #808080; padding:3px 6px; vertical-align:top; background:#e9f3ff; font-weight:bold; width:120px;'>
						<div class='notes-par'><span style='font-weight:bold;'>会社名</span>
						</div>
					</td>
					<td style='border:1px solid #808080; padding:3px 6px; vertical-align:top;'>
						<div class='notes-par'><span class='notes-field-wrap'><span class='notes-field' data-field='TRYKAISHA' data-type='text' data-kind='editable'></span></span>
						</div>
					</td>
				</tr>
				<tr>
					<td style='border:1px solid #808080; padding:3px 6px; vertical-align:top; background:#e9f3ff; font-weight:bold; width:120px;'>
						<div class='notes-par'><span style='font-weight:bold;'>事業所名</span>
						</div>
					</td>
					<td style='border:1px solid #808080; padding:3px 6px; vertical-align:top;'>
						<div class='notes-par'><span class='notes-field-wrap'><span class='notes-field' data-field='TRYJIGYOU' data-type='text' data-kind='editable'></span></span>
						</div>
					</td>
				</tr>
				<tr>
					<td style='border:1px solid #808080; padding:3px 6px; vertical-align:top; background:#e9f3ff; font-weight:bold; width:120px;'>
						<div class='notes-par'><span style='font-weight:bold;'>住所</span>
						</div>
					</td>
					<td style='border:1px solid #808080; padding:3px 6px; vertical-align:top;'>
						<div class='notes-par'><span class='notes-field-wrap'><span class='notes-field' data-field='TRYADDRESS' data-type='text' data-kind='editable'></span></span>
						</div>
					</td>
				</tr>
				<tr>
					<td style='border:1px solid #808080; padding:3px 6px; vertical-align:top; background:#e9f3ff; font-weight:bold; width:120px;'>
						<div class='notes-par'><span style='font-weight:bold;'>障害内容</span>
						</div>
					</td>
					<td style='border:1px solid #808080; padding:3px 6px; vertical-align:top;'>
						<div class='notes-par'><span class='notes-field-wrap'><span class='notes-field' data-field='TRYNAIYO' data-type='text' data-kind='editable'></span></span>
						</div>
					</td>
				</tr>
				<tr>
					<td style='border:1px solid #808080; padding:3px 6px; vertical-align:top; background:#e9f3ff; font-weight:bold; width:120px;'>
						<div class='notes-par'><span style='font-weight:bold;'>備考</span>
						</div>
					</td>
					<td style='border:1px solid #808080; padding:3px 6px; vertical-align:top;'>
						<div class='notes-par'><span class='notes-field-wrap'><span class='notes-field' data-field='TRYBIKOU' data-type='text' data-kind='editable'></span></span>
						</div>
					</td>
				</tr>
			</table>
		</div>
	</div><br/>
	<div class='notes-par'><span style='font-weight:bold;'>ＰＣ再セットアップ</span><span style='font-weight:bold;'>(</span><span style='font-weight:bold;'>有無：</span><span class='notes-field-wrap'><span class='notes-field' data-field='PCUMU' data-type='keyword' data-kind='editable'>無</span></span><span style='font-weight:bold;'>）</span>
	</div>
	<div class='notes-section' data-hidewhen='@Contains(@UserRoles;&quot;[JSOX]&quot;)'>
		<div class='notes-section-body'>
			<div class='notes-par'><span style='font-weight:bold;'>（ＰＣユーザー）</span>
			</div>
			<table style='margin-top:1em; border-collapse:collapse; width:800px; table-layout:fixed;' width='800' border='1' cellspacing='0' cellpadding='0'>
				<tr>
					<td style='border:1px solid #808080; padding:3px 6px; vertical-align:top; background:#e9f3ff; font-weight:bold; width:120px;'>
						<div class='notes-par'><span style='font-weight:bold;'>氏名</span>
						</div>
					</td>
					<td style='border:1px solid #808080; padding:3px 6px; vertical-align:top;'>
						<div class='notes-par'><span class='notes-field-wrap'><span class='notes-field' data-field='PCNAME' data-type='text' data-kind='editable'></span></span><span style='font-weight:bold;'>様</span>
						</div>
					</td>
				</tr>
				<tr>
					<td style='border:1px solid #808080; padding:3px 6px; vertical-align:top; background:#e9f3ff; font-weight:bold; width:120px;'>
						<div class='notes-par'><span style='font-weight:bold;'>会社名</span>
						</div>
					</td>
					<td style='border:1px solid #808080; padding:3px 6px; vertical-align:top;'>
						<div class='notes-par'><span class='notes-field-wrap'><span class='notes-field' data-field='PCKAISHA' data-type='text' data-kind='editable'></span></span>
						</div>
					</td>
				</tr>
				<tr>
					<td style='border:1px solid #808080; padding:3px 6px; vertical-align:top; background:#e9f3ff; font-weight:bold; width:120px;'>
						<div class='notes-par'><span style='font-weight:bold;'>事業所名</span>
						</div>
					</td>
					<td style='border:1px solid #808080; padding:3px 6px; vertical-align:top;'>
						<div class='notes-par'><span class='notes-field-wrap'><span class='notes-field' data-field='PCJIGYOU' data-type='text' data-kind='editable'></span></span>
						</div>
					</td>
				</tr>
				<tr>
					<td style='border:1px solid #808080; padding:3px 6px; vertical-align:top; background:#e9f3ff; font-weight:bold; width:120px;'>
						<div class='notes-par'><span style='font-weight:bold;'>住所</span>
						</div>
					</td>
					<td style='border:1px solid #808080; padding:3px 6px; vertical-align:top;'>
						<div class='notes-par'><span class='notes-field-wrap'><span class='notes-field' data-field='PCADDRESS' data-type='text' data-kind='editable'></span></span>
						</div>
					</td>
				</tr>
				<tr>
					<td style='border:1px solid #808080; padding:3px 6px; vertical-align:top; background:#e9f3ff; font-weight:bold; width:120px;'>
						<div class='notes-par'><span style='font-weight:bold;'>ＴＥＬ</span>
						</div>
					</td>
					<td style='border:1px solid #808080; padding:3px 6px; vertical-align:top;'>
						<div class='notes-par'><span class='notes-field-wrap'><span class='notes-field' data-field='PCTEL' data-type='text' data-kind='editable'></span></span>
						</div>
					</td>
				</tr>
				<tr>
					<td style='border:1px solid #808080; padding:3px 6px; vertical-align:top; background:#e9f3ff; font-weight:bold; width:120px;'>
						<div class='notes-par'><span style='font-weight:bold;'>ＦＡＸ</span>
						</div>
					</td>
					<td style='border:1px solid #808080; padding:3px 6px; vertical-align:top;'>
						<div class='notes-par'><span class='notes-field-wrap'><span class='notes-field' data-field='PCFAX' data-type='text' data-kind='editable'></span></span>
						</div>
					</td>
				</tr>
			</table><br/>
			<div class='notes-par'><span style='font-weight:bold;'>（使用ツール）</span>
			</div>
			<table style='margin-top:1em; border-collapse:collapse; width:800px; table-layout:fixed;' width='800' border='1' cellspacing='0' cellpadding='0' data-hidewhen='@Contains(@UserRoles;&quot;[JSOX]&quot;)'>
				<tr data-hidewhen='@Contains(@UserRoles;&quot;[JSOX]&quot;)'>
					<td style='border:1px solid #808080; padding:3px 6px; vertical-align:top;' data-hidewhen='@Contains(@UserRoles;&quot;[JSOX]&quot;)'>
						<div class='notes-par'><span class='notes-field-wrap'><span class='notes-field' data-field='TOOL' data-type='keyword' data-kind='editable' data-allowmultivalues='true'></span></span>
						</div>
					</td>
				</tr>
			</table><br/>
			<div class='notes-par'><span style='font-weight:bold;'>備考：</span><span class='notes-field-wrap'><span class='notes-field' data-field='BIKOU' data-type='text' data-kind='editable'></span></span>
			</div>
			<table style='margin-top:1em; border-collapse:collapse; width:800px; table-layout:fixed;' width='800' border='1' cellspacing='0' cellpadding='0' data-hidewhen='@Contains(@UserRoles;&quot;[JSOX]&quot;)'>
				<tr data-hidewhen='@Contains(@UserRoles;&quot;[JSOX]&quot;)'>
					<td style='border:1px solid #808080; padding:3px 6px; vertical-align:top; background:#e9f3ff; font-weight:bold; width:120px;' data-hidewhen='@Contains(@UserRoles;&quot;[JSOX]&quot;)'>
						<div class='notes-par'><span style='font-weight:bold;'>パソコン返送日</span>
						</div>
					</td>
					<td style='border:1px solid #808080; padding:3px 6px; vertical-align:top;' data-hidewhen='@Contains(@UserRoles;&quot;[JSOX]&quot;)'>
						<div class='notes-par'><span class='notes-field-wrap'><span class='notes-field' data-field='PCYH' data-type='number' data-kind='editable'></span></span><span style='font-weight:bold;'>年</span><span class='notes-field-wrap'><span class='notes-field' data-field='PCMH' data-type='number' data-kind='editable'></span></span><span style='font-weight:bold;'>月</span><span class='notes-field-wrap'><span class='notes-field' data-field='PCDH' data-type='number' data-kind='editable'></span></span><span style='font-weight:bold;'>日</span>
						</div>
					</td>
				</tr>
			</table><br/>
			<div class='notes-par'><span style='font-weight:bold;'>（再セットアップ関係者)</span>
			</div>
			<table style='margin-top:1em; border-collapse:collapse; width:800px; table-layout:fixed;' width='800' border='1' cellspacing='0' cellpadding='0' data-hidewhen='@Contains(@UserRoles;&quot;[JSOX]&quot;)'>
				<tr data-hidewhen='@Contains(@UserRoles;&quot;[JSOX]&quot;)'>
					<td style='border:1px solid #808080; padding:3px 6px; vertical-align:top; background:#e9f3ff; font-weight:bold; width:120px;' data-hidewhen='@Contains(@UserRoles;&quot;[JSOX]&quot;)'>
						<div class='notes-par'><span style='font-weight:bold;'>１</span>
						</div>
					</td>
					<td style='border:1px solid #808080; padding:3px 6px; vertical-align:top;' data-hidewhen='@Contains(@UserRoles;&quot;[JSOX]&quot;)'>
						<div class='notes-par'><span class='notes-field-wrap'><span class='notes-field' data-field='KANKEI1' data-type='text' data-kind='editable'></span></span>
						</div>
					</td>
					<td style='border:1px solid #808080; padding:3px 6px; vertical-align:top;' data-hidewhen='@Contains(@UserRoles;&quot;[JSOX]&quot;)'>
						<div class='notes-par'><span class='notes-field-wrap'><span class='notes-field' data-field='KANJIKAN1' data-type='text' data-kind='editable'></span></span><span style='font-weight:bold;'>分：</span><span class='notes-field-wrap'><span class='notes-field' data-field='HDATE1' data-type='datetime' data-kind='editable'></span></span>
						</div>
					</td>
				</tr>
				<tr>
					<td style='border:1px solid #808080; padding:3px 6px; vertical-align:top; background:#e9f3ff; font-weight:bold; width:120px;'>
						<div class='notes-par'><span style='font-weight:bold;'>２</span>
						</div>
					</td>
					<td style='border:1px solid #808080; padding:3px 6px; vertical-align:top;'>
						<div class='notes-par'><span class='notes-field-wrap'><span class='notes-field' data-field='KANKEI2' data-type='text' data-kind='editable'></span></span>
						</div>
					</td>
					<td style='border:1px solid #808080; padding:3px 6px; vertical-align:top;'>
						<div class='notes-par'><span class='notes-field-wrap'><span class='notes-field' data-field='KANJIKAN2' data-type='text' data-kind='editable'></span></span><span style='font-weight:bold;'>分：</span><span class='notes-field-wrap'><span class='notes-field' data-field='HDATE2' data-type='datetime' data-kind='editable'></span></span>
						</div>
					</td>
				</tr>
				<tr>
					<td style='border:1px solid #808080; padding:3px 6px; vertical-align:top; background:#e9f3ff; font-weight:bold; width:120px;'>
						<div class='notes-par'><span style='font-weight:bold;'>３</span>
						</div>
					</td>
					<td style='border:1px solid #808080; padding:3px 6px; vertical-align:top;'>
						<div class='notes-par'><span class='notes-field-wrap'><span class='notes-field' data-field='KANKEI3' data-type='text' data-kind='editable'></span></span>
						</div>
					</td>
					<td style='border:1px solid #808080; padding:3px 6px; vertical-align:top;'>
						<div class='notes-par'><span class='notes-field-wrap'><span class='notes-field' data-field='KANJIKAN3' data-type='text' data-kind='editable'></span></span><span style='font-weight:bold;'>分：</span><span class='notes-field-wrap'><span class='notes-field' data-field='HDATE3' data-type='datetime' data-kind='editable'></span></span>
						</div>
					</td>
				</tr>
			</table>
		</div>
	</div><br/>
	<div class='notes-section'>
		<div class='notes-section-body'>
			<table style='margin-top:1em; border-collapse:collapse; width:800px;'>
				<tr>
					<td style='background:#d9d9d9; padding:2px 6px; font-weight:bold;'>対応ﾒﾓ
					</td>
				</tr>
			</table><br/>
			<div class='notes-par'><span class='notes-field-wrap'><span class='notes-field' data-field='Memo' data-type='text' data-kind='editable'></span></span>
			</div>
		</div>
	</div><br/>
	<div class='notes-section' data-hidewhen='@Contains(@UserRoles;&quot;[JSOX]&quot;)'>
		<div class='notes-section-body'>
			<table style='margin-top:1em; border-collapse:collapse; width:800px;'>
				<tr>
					<td style='background:#d9d9d9; padding:2px 6px; font-weight:bold;'>添付資料
					</td>
				</tr>
			</table><br/>
			<div class='notes-par'><span style='font-weight:bold;'>PC修理 ・・・・：</span><span class='notes-field-wrap'><span class='notes-field' data-field='body_1' data-type='richtext' data-kind='editable'><p></p></span></span>
			</div><br/>
			<div class='notes-par'><span style='font-weight:bold;'>関連ｺｰﾙ</span><span style='font-weight:bold;'>・・・・：</span><span class='notes-field-wrap'><span class='notes-field' data-field='body' data-type='richtext' data-kind='editable'><div id='seg-001' data-id='seg-001'><div style='margin:8px 0; padding:10px; border:1px solid #e3e3e3; border-radius:10px;'><object data='name:p1' data-attachment='①.png' type='image/png'></object></div></div>
<div id='seg-002' data-id='seg-002'><div style='margin:8px 0; padding:10px; border:1px solid #e3e3e3; border-radius:10px;'><object data='name:p2' data-attachment='②.png' type='image/png'></object></div></div>
<div id='seg-003' data-id='seg-003'><span id='seg-003-anchor'>seg-003</span></div></span></span>
			</div>
		</div>
	</div><br/>
	<div class='notes-section' data-hidewhen='@Contains(@UserRoles;&quot;[JSOX]&quot;)'>
		<div class='notes-section-body'>
			<table style='margin-top:1em; border-collapse:collapse; width:800px;'>
				<tr>
					<td style='background:#d9d9d9; padding:2px 6px; font-weight:bold;'>履歴情報
					</td>
				</tr>
			</table><br/>
			<div class='notes-par'><span class='notes-field-wrap'><span class='notes-field' data-field='history' data-type='text' data-kind='computed' data-allowmultivalues='true'>2024/09/30 19:25 渡部 真由美 CLOSE<br/>2024/09/27 18:08 渡部 真由美 OPEN<br/>2024/09/27 17:21 渡部 真由美 CLOSE<br/>2024/09/27 12:52 渡部 真由美 CLOSE<br/>2024/09/27 9:13 渡部 真由美 CLOSE<br/>2024/09/27 8:35 渡部 真由美 OPEN<br/>2024/09/27 8:32 渡部 真由美 OPEN</span></span>
			</div>
		</div>
	</div>
</div>

        </body>
        </html>
2026-02-17 09:09:22 INFO [main.services.graph_client] Create OneNote page parts: count=2 parts=[{'part_name': 'p1', 'filename': '①.png', 'content_type': 'image/png', 'size': 414638}, {'part_name': 'p2', 'filename': '②.png', 'content_type': 'image/png', 'size': 421450}]
2026-02-17 09:09:22 DEBUG [main.services.graph_client] Graph request: POST https://graph.microsoft.com/v1.0/me/onenote/sections/1-44fb02cf-3b28-43ab-8129-5c7e65e3213f/pages headers={'Authorization': '***REDACTED***'} kwargs={'multipart_parts': [{'part': 'Presentation', 'filename': 'presentation.html', 'content_type': 'text/html', 'size': 82858}, {'part': 'p1', 'filename': '①.png', 'content_type': 'image/png', 'size': 414638}, {'part': 'p2', 'filename': '②.png', 'content_type': 'image/png', 'size': 421450}]}
2026-02-17 09:09:39 DEBUG [urllib3.connectionpool] https://graph.microsoft.com:443 "POST /v1.0/me/onenote/sections/1-44fb02cf-3b28-43ab-8129-5c7e65e3213f/pages HTTP/1.1" 201 None
2026-02-17 09:09:39 INFO [main.services.graph_client] Graph request success: POST https://graph.microsoft.com/v1.0/me/onenote/sections/1-44fb02cf-3b28-43ab-8129-5c7e65e3213f/pages status=201 elapsed=16598ms
2026-02-17 09:09:39 DEBUG [main.services.graph_client] Graph request: PATCH https://graph.microsoft.com/v1.0/me/onenote/pages/1-e4bbbfe086cc4633b537923dccdb18c1!11-44fb02cf-3b28-43ab-8129-5c7e65e3213f/content headers={'Authorization': '***REDACTED***'} kwargs={'multipart_parts': [{'part': 'p1', 'filename': '③.png', 'content_type': 'image/png', 'size': 399916}, {'part': 'Commands', 'filename': 'commands.json', 'content_type': 'application/json', 'size': 244}]}
2026-02-17 09:09:43 DEBUG [urllib3.connectionpool] https://graph.microsoft.com:443 "PATCH /v1.0/me/onenote/pages/1-e4bbbfe086cc4633b537923dccdb18c1!11-44fb02cf-3b28-43ab-8129-5c7e65e3213f/content HTTP/1.1" 400 None
2026-02-17 09:09:43 ERROR [main.services.graph_client] Graph request failed: PATCH https://graph.microsoft.com/v1.0/me/onenote/pages/1-e4bbbfe086cc4633b537923dccdb18c1!11-44fb02cf-3b28-43ab-8129-5c7e65e3213f/content status=400 elapsed=4676ms body={"error":{"code":"20120","message":"The PATCH target $#seg-003 cannot be located.","innerError":{"date":"2026-02-17T00:09:44","request-id":"317831b2-f9f9-4806-9a6c-5c8110ffad8b","client-request-id":"317831b2-f9f9-4806-9a6c-5c8110ffad8b"}}}
2026-02-17 09:13:59 DEBUG [main.services.graph_client] Graph request: GET https://graph.microsoft.com/v1.0/me/onenote/notebooks?$filter=displayName eq 'OHNO_Notes_to_OneNote'&$select=id,displayName headers={'Authorization': '***REDACTED***'} kwargs={}
2026-02-17 09:13:59 DEBUG [urllib3.connectionpool] Starting new HTTPS connection (1): graph.microsoft.com:443
2026-02-17 09:14:07 DEBUG [urllib3.connectionpool] https://graph.microsoft.com:443 "GET /v1.0/me/onenote/notebooks?$filter=displayName%20eq%20'OHNO_Notes_to_OneNote'&$select=id,displayName HTTP/1.1" 200 None
2026-02-17 09:14:07 INFO [main.services.graph_client] Graph request success: GET https://graph.microsoft.com/v1.0/me/onenote/notebooks?$filter=displayName eq 'OHNO_Notes_to_OneNote'&$select=id,displayName status=200 elapsed=7802ms
2026-02-17 09:14:07 DEBUG [main.services.graph_client] Graph request: GET https://graph.microsoft.com/v1.0/me/onenote/notebooks/1-2c806da6-c7ba-4813-8ea0-7de5801ec332/sections?$filter=displayName eq 'CallDB2024'&$select=id,displayName headers={'Authorization': '***REDACTED***'} kwargs={}
2026-02-17 09:14:08 DEBUG [urllib3.connectionpool] https://graph.microsoft.com:443 "GET /v1.0/me/onenote/notebooks/1-2c806da6-c7ba-4813-8ea0-7de5801ec332/sections?$filter=displayName%20eq%20'CallDB2024'&$select=id,displayName HTTP/1.1" 200 None
2026-02-17 09:14:08 INFO [main.services.graph_client] Graph request success: GET https://graph.microsoft.com/v1.0/me/onenote/notebooks/1-2c806da6-c7ba-4813-8ea0-7de5801ec332/sections?$filter=displayName eq 'CallDB2024'&$select=id,displayName status=200 elapsed=665ms
2026-02-17 09:14:08 INFO [main.services.graph_client] Create OneNote page XHTML:
<!DOCTYPE html>
        <html>
        <head>
        <title>【ﾒｰﾙ対応】【Prisma】Global Protect接続不良についてのご相談【NHフーズ・チリ 柴田】</title>
        </head>
        <body>
        <!-- source_dxl: C:\Users\SLY\Documents\Python実験\Python - OneNote\Git\Notes_to_OneNote_python\scripts\target_form\FORM_Call2024.nsf_Call4.dxl -->

<style>
.notes-form{font-family:MS PGothic,Meiryo,'Segoe UI',Arial,sans-serif;font-size:11pt;line-height:1.45;color:#222;}
.notes-form table{border-collapse:collapse; width:800px; table-layout:fixed;}
.notes-form td,.notes-form th{border:1px solid #808080; padding:3px 6px; vertical-align:top;}
.notes-form th{background:#efefef;font-weight:normal;}
.notes-form .notes-par{margin:2px 0;font-weight:bold;}
.notes-form .notes-unit{font-weight:normal;}
.notes-form .notes-field{display:inline-block;min-width:6em;min-height:1.2em;border:1px solid #666;background:#fff;padding:1px 4px;border-radius:2px;}
.notes-form .notes-field[data-kind='computed'],
.notes-form .notes-field[data-kind='computedfordisplay'],
.notes-form .notes-field[data-kind='computedwhencomposed']{background:#f7f7f7;color:#555;}
.notes-form .notes-link{color:#0645ad;text-decoration:underline;}
.notes-form .notes-subform{border:1px dashed #aaa;padding:6px;margin:6px 0;background:#fafafa;}
.notes-form .notes-subform-title{font-weight:bold;margin-bottom:4px;}
.notes-form .notes-section{border:1px solid #a0a0a0;margin:6px 0;}
.notes-form .notes-section-title{background:#d9d9d9;padding:2px 6px;font-weight:bold;}
.notes-form .notes-section-body{padding:4px 6px;}
.notes-form .notes-textlist{display:block;margin-left:1em;}

</style>
<div class='notes-form' data-design='コール受付(改4) (Call4)'>
	<div class='notes-section' data-hidewhen='@IsNewDoc'>
		<div class='notes-section-body'>

			<table style='margin-top:1em; border-collapse:collapse; width:800px;'>
				<tr>
					<td style='background:#d9d9d9; padding:2px 6px; font-weight:bold;'>一次対応</td>
				</tr>
			</table>
			<br/>
			<div class='notes-par'>
				<span class='notes-field-wrap'>
					<span class='notes-field' data-field='Title' data-type='text' data-kind='computedwhencomposed' style='font-weight:bold;'>新規コール受付（問題番号：409276083108）</span>
				</span>
			</div>
			<table style='border-collapse:collapse; width:800px; table-layout:fixed;' width='800' border='1' cellspacing='0' cellpadding='0'>
				<tr>
					<td style='border:1px solid #808080; padding:3px 6px; vertical-align:top; background:#e9f3ff; font-weight:bold; width:120px;'>
						<div class='notes-par'><span style='font-weight:bold;'>ユーザー番号</span>
						</div>
					</td>
					<td style='border:1px solid #808080; padding:3px 6px; vertical-align:top;'>
						<div class='notes-par'>
							<span class='notes-field-wrap'>
								<span class='notes-field' data-field='outline' data-type='text' data-kind='editable'>0828</span>
							</span>
						</div>
					</td>
					<td style='border:1px solid #808080; padding:3px 6px; vertical-align:top; background:#e9f3ff; font-weight:bold; width:120px;'>
						<div class='notes-par'><span style='font-weight:bold;'>会社CD</span>
						</div>
					</td>
					<td style='border:1px solid #808080; padding:3px 6px; vertical-align:top;'>
						<div class='notes-par'><span class='notes-field-wrap'><span class='notes-field' data-field='customercompanycd' data-type='text' data-kind='editable'>0828</span></span>
						</div>
					</td>
				</tr>
			</table>
			<table style= border-collapse:collapse; width:800px; table-layout:fixed;' width='800' border='1' cellspacing='0' cellpadding='0'>
				<tr>
					<td style='border:1px solid #808080; padding:3px 6px; vertical-align:top; background:#e9f3ff; font-weight:bold; width:120px;'>
						<div class='notes-par'><span style='font-weight:bold;'>問合せ発生時間</span>
						</div>
					</td>
					<td style='border:1px solid #808080; padding:3px 6px; vertical-align:top;' colspan='3'>
						<div class='notes-par'>
							<span class='notes-field-wrap'>
								<span class='notes-field' data-field='SDATE_Y' data-type='number' data-kind='editable'>2024</span>
							</span>
							<span style='font-weight:bold;'> 年</span>
							<span class='notes-field-wrap'>
								<span class='notes-field' data-field='SDATE_M' data-type='number' data-kind='editable'>9</span>
							</span>
							<span style='font-weight:bold;'> 月</span>
							<span class='notes-field-wrap'>
								<span class='notes-field' data-field='SDATE_D' data-type='number' data-kind='editable'>27</span>
							</span>
							<span style='font-weight:bold;'> 日（</span>
							<span class='notes-field-wrap'>
								<span class='notes-field' data-field='STIME_H' data-type='text' data-kind='editable'>7</span>
							</span>
							<span style='font-weight:bold;'> 時</span>
							<span class='notes-field-wrap'>
								<span class='notes-field' data-field='STIME_M' data-type='text' data-kind='editable'>48</span>
							</span>
							<span style='font-weight:bold;'> 分）</span>
						</div>
					</td>
				</tr>
				<tr>
					<td style='border:1px solid #808080; padding:3px 6px; vertical-align:top; background:#e9f3ff; font-weight:bold; width:120px;'>
						<div class='notes-par'><span style='font-weight:bold;'>対応開始時間</span>
						</div>
					</td>
					<td style='border:1px solid #808080; padding:3px 6px; vertical-align:top;' colspan='3'>
						<div class='notes-par'>
							<span class='notes-field-wrap'>
								<span class='notes-field' data-field='TDATE_Y' data-type='number' data-kind='editable'>2024</span>
							</span>
							<span style='font-weight:bold;'> 年</span>
							<span class='notes-field-wrap'>
								<span class='notes-field' data-field='TDATE_M' data-type='number' data-kind='editable'>9</span>
							</span>
							<span style='font-weight:bold;'> 月</span>
							<span class='notes-field-wrap'>
								<span class='notes-field' data-field='TDATE_D' data-type='number' data-kind='editable'>27</span>
							</span>
							<span style='font-weight:bold;'> 日（</span><span class='notes-field-wrap'>
								<span class='notes-field' data-field='TTIME_H' data-type='text' data-kind='editable'>8</span>
							</span>
							<span style='font-weight:bold;'> 時</span>
							<span class='notes-field-wrap'>
								<span class='notes-field' data-field='TTIME_M' data-type='text' data-kind='editable'>31</span>
							</span>
							<span style='font-weight:bold;'> 分）</span>
						</div>
					</td>
				</tr>
			</table>

			<table style='border-collapse:collapse; width:800px; table-layout:fixed;' width='800' border='1' cellspacing='0' cellpadding='0'>
				<tr>
					<td style='border:1px solid #808080; padding:3px 6px; vertical-align:top; background:#e9f3ff; font-weight:bold; width:120px;'>
						<div class='notes-par'><span style='font-weight:bold;'>事業所名</span>
						</div>
					</td>
					<td style='border:1px solid #808080; padding:3px 6px; vertical-align:top;'>
						<div class='notes-par'><span class='notes-field-wrap'><span class='notes-field' data-field='customername' data-type='text' data-kind='editable' data-allowmultivalues='true'>ＮＨフーズ・チリ</span></span>
						</div>
					</td>
					<td style='border:1px solid #808080; padding:3px 6px; vertical-align:top; background:#e9f3ff; font-weight:bold; width:120px;'>
						<div class='notes-par'><span style='font-weight:bold;'>事業所名（カナ）</span>
						</div>
					</td>
					<td style='border:1px solid #808080; padding:3px 6px; vertical-align:top;'>
						<div class='notes-par'><span class='notes-field-wrap'><span class='notes-field' data-field='kana' data-type='text' data-kind='editable'>NHﾌ-ｽﾞ･ﾁﾘ</span></span>
						</div>
					</td>
				</tr>
				<tr>
					<td style='border:1px solid #808080; padding:3px 6px; vertical-align:top; background:#e9f3ff; font-weight:bold; width:120px;'>
						<div class='notes-par'><span style='font-weight:bold;'>所属</span>
						</div>
					</td>
					<td style='border:1px solid #808080; padding:3px 6px; vertical-align:top;'>
						<div class='notes-par'><span class='notes-field-wrap'><span class='notes-field' data-field='SEC1' data-type='text' data-kind='editable'></span></span>
						</div>
					</td>
					<td style='border:1px solid #808080; padding:3px 6px; vertical-align:top;'>
						<div class='notes-par'><span class='notes-field-wrap'><span class='notes-field' data-field='SEC2' data-type='text' data-kind='editable'>海外事業本部</span></span>
						</div>
					</td>
					<td style='border:1px solid #808080; padding:3px 6px; vertical-align:top;'>
						<div class='notes-par'><span class='notes-field-wrap'><span class='notes-field' data-field='SEC3' data-type='text' data-kind='editable'>ＮＨフーズ・チリ</span></span>
						</div>
					</td>
				</tr>
				<tr>
					<td style='border:1px solid #808080; padding:3px 6px; vertical-align:top; background:#e9f3ff; font-weight:bold; width:120px;'>
						<div class='notes-par'><span style='font-weight:bold;'>住所</span>
						</div>
					</td>
					<td style='border:1px solid #808080; padding:3px 6px; vertical-align:top;'>
						<div class='notes-par'><span class='notes-field-wrap'><span class='notes-field' data-field='ADDRESS1' data-type='text' data-kind='editable'>－－</span></span>
						</div>
					</td>
					<td style='border:1px solid #808080; padding:3px 6px; vertical-align:top;'>
						<div class='notes-par'><span class='notes-field-wrap'><span class='notes-field' data-field='ADDRESS2' data-type='text' data-kind='editable'>－－－－－－</span></span>
						</div>
					</td>
					<td style='border:1px solid #808080; padding:3px 6px; vertical-align:top;'>
						<div class='notes-par'><span class='notes-field-wrap'><span class='notes-field' data-field='ADDRESS3' data-type='text' data-kind='editable'>－－－－－－ＡＶ．ＡＮＤＥＲＳＢＥＬＬＯ２６８７，ＯＦＩＣＩ</span></span>
						</div>
					</td>
				</tr>
				<tr>
					<td style='border:1px solid #808080; padding:3px 6px; vertical-align:top; background:#e9f3ff; font-weight:bold; width:120px;'>
						<div class='notes-par'><span style='font-weight:bold;'>電話</span>
						</div>
					</td>
					<td style='border:1px solid #808080; padding:3px 6px; vertical-align:top;'>
						<div class='notes-par'><span class='notes-field-wrap'><span class='notes-field' data-field='tel' data-type='text' data-kind='editable'>56-2-2438-68</span></span>
						</div>
					</td>
					<td style='border:1px solid #808080; padding:3px 6px; vertical-align:top; background:#e9f3ff; font-weight:bold; width:120px;'>
						<div class='notes-par'><span style='font-weight:bold;'>部門名</span>
						</div>
					</td>
					<td style='border:1px solid #808080; padding:3px 6px; vertical-align:top;'>
						<div class='notes-par'><span class='notes-field-wrap'><span class='notes-field' data-field='BUMON' data-type='text' data-kind='editable'>直轄</span></span>
						</div>
					</td>
				</tr>
				<tr>
					<td style='border:1px solid #808080; padding:3px 6px; vertical-align:top; background:#e9f3ff; font-weight:bold; width:120px;'>
						<div class='notes-par'><span style='font-weight:bold;'>ＦＡＸ</span>
						</div>
					</td>
					<td style='border:1px solid #808080; padding:3px 6px; vertical-align:top;'>
						<div class='notes-par'><span class='notes-field-wrap'><span class='notes-field' data-field='fax' data-type='text' data-kind='editable'></span></span>
						</div>
					</td>
					<td style='border:1px solid #808080; padding:3px 6px; vertical-align:top; background:#e9f3ff; font-weight:bold; width:120px;'>
						<div class='notes-par'><span style='font-weight:bold;'>会社区分</span>
						</div>
					</td>
					<td style='border:1px solid #808080; padding:3px 6px; vertical-align:top;'>
						<div class='notes-par'><span class='notes-field-wrap'><span class='notes-field' data-field='KAISHA' data-type='text' data-kind='editable'>商事会社（ＪＦ，イースタン）</span></span>
						</div>
					</td>
				</tr>
			</table><br/>
			<table style='margin-top:1em; border-collapse:collapse; width:800px; table-layout:fixed;' width='800' border='1' cellspacing='0' cellpadding='0' data-hidewhen='@Contains(@UserRoles;&quot;[JSOX]&quot;)'>
				<tr>
					<td style='border:1px solid #808080; padding:3px 6px; vertical-align:top; background:#e9f3ff; font-weight:bold; width:120px;'>
						<div class='notes-par'><span style='font-weight:bold;'>問合せ者氏名（漢字）</span>
						</div>
					</td>
					<td style='border:1px solid #808080; padding:3px 6px; vertical-align:top;'>
						<div class='notes-par'><span class='notes-field-wrap'><span class='notes-field' data-field='customername_1' data-type='text' data-kind='editable' data-allowmultivalues='true'>柴田.峻介</span></span>
						</div>
					</td>
					<td style='border:1px solid #808080; padding:3px 6px; vertical-align:top; background:#e9f3ff; font-weight:bold; width:120px;'>
						<div class='notes-par'><span style='font-weight:bold;'>問合せ者氏名（カナ）</span>
						</div>
					</td>
					<td style='border:1px solid #808080; padding:3px 6px; vertical-align:top;'>
						<div class='notes-par'><span class='notes-field-wrap'><span class='notes-field' data-field='customername_2' data-type='text' data-kind='editable' data-allowmultivalues='true'>ｼﾊﾞﾀ ｼｭﾝｽｹ</span></span>
						</div>
					</td>
				</tr>
				<tr data-hidewhen='@Contains(@UserRoles;&quot;[JSOX]&quot;)'>
					<td style='border:1px solid #808080; padding:3px 6px; vertical-align:top; background:#e9f3ff; font-weight:bold; width:120px;'>
						<div class='notes-par'><span style='font-weight:bold;'>問合せ者ユーザーID</span>
						</div>
					</td>
					<td style='border:1px solid #808080; padding:3px 6px; vertical-align:top;' data-hidewhen='@Contains(@UserRoles;&quot;[JSOX]&quot;)'>
						<div class='notes-par'><span class='notes-field-wrap'><span class='notes-field' data-field='customerID' data-type='text' data-kind='editable'>US0000443</span></span>
						</div>
					</td>
					<td style='border:1px solid #808080; padding:3px 6px; vertical-align:top; background:#e9f3ff; font-weight:bold; width:120px;'>
						<div class='notes-par'><span style='font-weight:bold;'>連絡先（携帯電話/内線番号）</span>
						</div>
					</td>
					<td style='border:1px solid #808080; padding:3px 6px; vertical-align:top;'>
						<div class='notes-par'><span class='notes-field-wrap'><span class='notes-field' data-field='customerkeitai' data-type='text' data-kind='editable' data-allowmultivalues='true'>+56-9-4075-1595</span></span>
						</div>
					</td>
				</tr>
			</table><br/>
			<div class='notes-par'><span style='font-weight:bold;'>一次　問い合わせ内容</span>
			</div>
			<table style='margin-top:1em; border-collapse:collapse; width:800px; table-layout:fixed;' width='800' border='1' cellspacing='0' cellpadding='0' data-hidewhen='!(@Contains(@UserRoles;&quot;[HELP]&quot;) | @Contains(@UserRoles;&quot;[二次]&quot;) | @Contains(@UserRoles;&quot;[関連]&quot;) | @Contains(@UserRoles;&quot;[携帯他]&quot;))'>
				<tr>
					<td style='border:1px solid #808080; padding:3px 6px; vertical-align:top; background:#e9f3ff; font-weight:bold; width:120px;'>
						<div class='notes-par'><span style='font-weight:bold;'>質問概要</span>
						</div>
					</td>
					<td style='border:1px solid #808080; padding:3px 6px; vertical-align:top;'>
						<div class='notes-par'><span class='notes-field-wrap'><span class='notes-field' data-field='outline' data-type='text' data-kind='editable'>【ﾒｰﾙ対応】【Prisma】Global Protect接続不良についてのご相談【NHフーズ・チリ 柴田】</span></span>
						</div>
					</td>
				</tr>
				<tr>
					<td style='border:1px solid #808080; padding:3px 6px; vertical-align:top; background:#e9f3ff; font-weight:bold; width:120px;'>
						<div class='notes-par'><span style='font-weight:bold;'>問合せ内容</span>
						</div>
						<div class='notes-par'><span style='font-weight:bold;'>（詳細）</span>
						</div>
					</td>
					<td style='border:1px solid #808080; padding:3px 6px; vertical-align:top;'>
						<div class='notes-par'><span class='notes-field-wrap'><span class='notes-field' data-field='inquiry' data-type='text' data-kind='editable'></span></span>
						</div>
					</td>
				</tr>
				<tr data-hidewhen='!(@Contains(@UserRoles;&quot;[HELP]&quot;) | @Contains(@UserRoles;&quot;[二次]&quot;) | @Contains(@UserRoles;&quot;[関連]&quot;) | @Contains(@UserRoles;&quot;[携帯他]&quot;))'>
					<td style='border:1px solid #808080; padding:3px 6px; vertical-align:top; background:#e9f3ff; font-weight:bold; width:120px;'>
						<div class='notes-par'><span style='font-weight:bold;'>対応内容</span>
						</div>
						<div class='notes-par'><span style='font-weight:bold;'>最終回答</span>
						</div>
					</td>
					<td style='border:1px solid #808080; padding:3px 6px; vertical-align:top;' data-hidewhen='!(@Contains(@UserRoles;&quot;[HELP]&quot;) | @Contains(@UserRoles;&quot;[二次]&quot;) | @Contains(@UserRoles;&quot;[関連]&quot;) | @Contains(@UserRoles;&quot;[携帯他]&quot;))'>
						<div class='notes-par'><span class='notes-field-wrap'><span class='notes-field' data-field='answer' data-type='text' data-kind='editable'></span></span>
						</div>
						<div class='notes-par'><span style='font-weight:bold;'>処理件数：</span><span class='notes-field-wrap'><span class='notes-field' data-field='Processing_number' data-type='text' data-kind='editable'></span></span>
						</div>
						<div class='notes-par'><span style='font-weight:bold;'>ﾊﾟｽﾜｰﾄﾞ</span><span style='font-weight:bold;'>ﾉｰﾂ：</span><span class='notes-field-wrap'><span class='notes-field' data-field='pass' data-type='text' data-kind='editable'></span></span><span style='font-weight:bold;'>AD：</span><span class='notes-field-wrap'><span class='notes-field' data-field='pass_1' data-type='text' data-kind='editable'></span></span><span style='font-weight:bold;'>その他：</span><span class='notes-field-wrap'><span class='notes-field' data-field='pass_2' data-type='text' data-kind='editable'></span></span>
						</div>
					</td>
				</tr>
				<tr>
					<td style='border:1px solid #808080; padding:3px 6px; vertical-align:top; background:#e9f3ff; font-weight:bold; width:120px;'>
						<div class='notes-par'><span style='font-weight:bold;'>対応時間</span>
						</div>
						<div class='notes-par'><span style='font-weight:bold;'>調査時間</span>
						</div>
					</td>
					<td style='border:1px solid #808080; padding:3px 6px; vertical-align:top;'>
						<div class='notes-par'><span class='notes-field-wrap'><span class='notes-field' data-field='JIKAN' data-type='number' data-kind='editable'>60</span></span><span style='font-weight:bold;'>分　【ログ送信日時</span><span style='font-weight:bold;'>】：</span><span class='notes-field-wrap'><span class='notes-field' data-field='JDATE_Y' data-type='text' data-kind='editable'></span></span><span style='font-weight:bold;'>年</span><span class='notes-field-wrap'><span class='notes-field' data-field='JDATE_M' data-type='text' data-kind='editable'></span></span><span style='font-weight:bold;'> 月</span><span class='notes-field-wrap'><span class='notes-field' data-field='JDATE_D' data-type='text' data-kind='editable'></span></span><span style='font-weight:bold;'>日（</span><span class='notes-field-wrap'><span class='notes-field' data-field='JTIME_H' data-type='text' data-kind='editable'></span></span><span style='font-weight:bold;'>時</span><span class='notes-field-wrap'><span class='notes-field' data-field='JTIME_M' data-type='text' data-kind='editable'></span></span><span style='font-weight:bold;'>分）</span>
						</div>
						<div class='notes-par'><span class='notes-field-wrap'><span class='notes-field' data-field='JIKAN2' data-type='number' data-kind='editable'>40</span></span><span style='font-weight:bold;'>分</span>
						</div>
						<div class='notes-par'><span style='font-weight:bold;'>追加対応者</span><span style='font-weight:bold;'>対応時間：</span><span class='notes-field-wrap'><span class='notes-field' data-field='JIKAN_3' data-type='number' data-kind='editable'></span></span><span style='font-weight:bold;'>分</span><span style='font-weight:bold;'>調査時間：</span><span class='notes-field-wrap'><span class='notes-field' data-field='JIKAN_4' data-type='number' data-kind='editable'></span></span><span style='font-weight:bold;'>分　　ログチェック：</span><span class='notes-field-wrap'><span class='notes-field' data-field='JIKAN_5' data-type='number' data-kind='editable'>1</span></span><span style='font-weight:bold;'> 分</span>
						</div>
					</td>
				</tr>
				<tr>
					<td style='border:1px solid #808080; padding:3px 6px; vertical-align:top; background:#e9f3ff; font-weight:bold; width:120px;'>
						<div class='notes-par'><span style='font-weight:bold;'>対応完了日時</span>
						</div>
					</td>
					<td style='border:1px solid #808080; padding:3px 6px; vertical-align:top;'>
						<div class='notes-par'><span class='notes-field-wrap'><span class='notes-field' data-field='EDATE_Y' data-type='number' data-kind='editable'>2024</span></span><span style='font-weight:bold;'> 年</span><span class='notes-field-wrap'><span class='notes-field' data-field='EDATE_M' data-type='number' data-kind='editable'>9</span></span><span style='font-weight:bold;'> 月</span><span class='notes-field-wrap'><span class='notes-field' data-field='EDATE_D' data-type='number' data-kind='editable'>27</span></span><span style='font-weight:bold;'> 日（</span><span class='notes-field-wrap'><span class='notes-field' data-field='ETIME_H' data-type='text' data-kind='editable'>11</span></span><span style='font-weight:bold;'> 時</span><span class='notes-field-wrap'><span class='notes-field' data-field='ETIME_M' data-type='text' data-kind='editable'>17</span></span><span style='font-weight:bold;'> 分）</span>
						</div>
					</td>
				</tr>
			</table><br/>
			<div class='notes-par'><span style='font-weight:bold;'>＜対象者情報＞</span>
			</div>
			<table style='margin-top:1em; border-collapse:collapse; width:800px; table-layout:fixed;' width='800' border='1' cellspacing='0' cellpadding='0' data-hidewhen='@Contains(@UserRoles;&quot;[JSOX]&quot;)'>
				<tr data-hidewhen='@Contains(@UserRoles;&quot;[JSOX]&quot;)'>
					<td style='border:1px solid #808080; padding:3px 6px; vertical-align:top; background:#e9f3ff; font-weight:bold; width:120px;' data-hidewhen='@Contains(@UserRoles;&quot;[JSOX]&quot;)'>
						<div class='notes-par'><span style='font-weight:bold;'>対象者氏名</span>
						</div>
					</td>
					<td style='border:1px solid #808080; padding:3px 6px; vertical-align:top;' data-hidewhen='@Contains(@UserRoles;&quot;[JSOX]&quot;)'>
						<div class='notes-par'><span class='notes-field-wrap'><span class='notes-field' data-field='name' data-type='text' data-kind='editable'></span></span>
						</div>
					</td>
					<td style='border:1px solid #808080; padding:3px 6px; vertical-align:top; background:#e9f3ff; font-weight:bold; width:120px;' data-hidewhen='@Contains(@UserRoles;&quot;[JSOX]&quot;)'>
						<div class='notes-par'><span style='font-weight:bold;'>ADユーザーID</span>
						</div>
					</td>
					<td style='border:1px solid #808080; padding:3px 6px; vertical-align:top;' data-hidewhen='@Contains(@UserRoles;&quot;[JSOX]&quot;)'>
						<div class='notes-par'><span class='notes-field-wrap'><span class='notes-field' data-field='ADID' data-type='text' data-kind='editable'></span></span>
						</div>
					</td>
				</tr>
				<tr>
					<td style='border:1px solid #808080; padding:3px 6px; vertical-align:top; background:#e9f3ff; font-weight:bold; width:120px;'>
						<div class='notes-par'><span style='font-weight:bold;'>コンピューター名</span>
						</div>
					</td>
					<td style='border:1px solid #808080; padding:3px 6px; vertical-align:top;'>
						<div class='notes-par'><span class='notes-field-wrap'><span class='notes-field' data-field='pc_name' data-type='text' data-kind='editable'></span></span>
						</div>
					</td>
					<td style='border:1px solid #808080; padding:3px 6px; vertical-align:top; background:#e9f3ff; font-weight:bold; width:120px;'>
						<div class='notes-par'><span style='font-weight:bold;'>メールアドレス</span>
						</div>
					</td>
					<td style='border:1px solid #808080; padding:3px 6px; vertical-align:top;'>
						<div class='notes-par'><span class='notes-field-wrap'><span class='notes-field' data-field='MailAddress' data-type='text' data-kind='editable'></span></span>
						</div>
					</td>
				</tr>
			</table><br/>
			<div class='notes-par'><span style='font-weight:bold;'>＜Office365情報＞</span>
			</div>
			<table style='margin-top:1em; border-collapse:collapse; width:800px; table-layout:fixed;' width='800' border='1' cellspacing='0' cellpadding='0' data-hidewhen='@Contains(@UserRoles;&quot;[JSOX]&quot;)'>
				<tr>
					<td style='border:1px solid #808080; padding:3px 6px; vertical-align:top; background:#e9f3ff; font-weight:bold; width:120px;'>
						<div class='notes-par'><span style='font-weight:bold;'>Offife365ライセンス</span>
						</div>
					</td>
					<td style='border:1px solid #808080; padding:3px 6px; vertical-align:top;'>
						<div class='notes-par'><span class='notes-field-wrap'><span class='notes-field' data-field='O365License' data-type='keyword' data-kind='editable'></span></span>
						</div>
					</td>
					<td style='border:1px solid #808080; padding:3px 6px; vertical-align:top; background:#e9f3ff; font-weight:bold; width:120px;'>
						<div class='notes-par'><span style='font-weight:bold;'>Outlook使用アプリ</span>
						</div>
					</td>
					<td style='border:1px solid #808080; padding:3px 6px; vertical-align:top;'>
						<div class='notes-par'><span class='notes-field-wrap'><span class='notes-field' data-field='OutlookApri' data-type='keyword' data-kind='editable'></span></span>
						</div>
					</td>
				</tr>
				<tr>
					<td style='border:1px solid #808080; padding:3px 6px; vertical-align:top; background:#e9f3ff; font-weight:bold; width:120px;'>
						<div class='notes-par'><span style='font-weight:bold;'>利用環境_端末</span>
						</div>
					</td>
					<td style='border:1px solid #808080; padding:3px 6px; vertical-align:top;'>
						<div class='notes-par'><span class='notes-field-wrap'><span class='notes-field' data-field='plathome' data-type='keyword' data-kind='editable'></span></span>
						</div>
					</td>
					<td style='border:1px solid #808080; padding:3px 6px; vertical-align:top; background:#e9f3ff; font-weight:bold; width:120px;'>
						<div class='notes-par'><span style='font-weight:bold;'>スマートデバイス回線番号</span>
						</div>
					</td>
					<td style='border:1px solid #808080; padding:3px 6px; vertical-align:top;'>
						<div class='notes-par'><span class='notes-field-wrap'><span class='notes-field' data-field='mobile_tel_no' data-type='text' data-kind='editable'></span></span>
						</div>
					</td>
				</tr>
			</table>

			<table style='border-collapse:collapse; width:800px; table-layout:fixed;' width='800' border='1' cellspacing='0' cellpadding='0' data-hidewhen='@Contains(@UserRoles;&quot;[JSOX]&quot;)'>
				<tr data-hidewhen='@Contains(@UserRoles;&quot;[JSOX]&quot;)'>
					<td style='border:1px solid #808080; padding:3px 6px; vertical-align:top; background:#e9f3ff; font-weight:bold; width:120px;' data-hidewhen='@Contains(@UserRoles;&quot;[JSOX]&quot;)'>
						<div class='notes-par'><span style='font-weight:bold;'>利用環境_種類</span>
						</div>
					</td>
					<td style='border:1px solid #808080; padding:3px 6px; vertical-align:top;' colspan='3' data-hidewhen='@Contains(@UserRoles;&quot;[JSOX]&quot;)'>
						<div class='notes-par'><span class='notes-field-wrap'><span class='notes-field' data-field='O365SYURUI' data-type='keyword' data-kind='editable' data-allowmultivalues='true'></span></span><span style='font-weight:bold;'>　(：</span><span class='notes-field-wrap'><span class='notes-field' data-field='BROWSER' data-type='keyword' data-kind='editable' data-allowmultivalues='true'></span></span><span style='font-weight:bold;'>)</span>
						</div>
					</td>
				</tr>
				<tr data-hidewhen='@Contains(@UserRoles;&quot;[JSOX]&quot;)'>
					<td style='border:1px solid #808080; padding:3px 6px; vertical-align:top; background:#e9f3ff; font-weight:bold; width:120px;'>
						<div class='notes-par'><span style='font-weight:bold;'>実施作業</span>
						</div>
					</td>
					<td style='border:1px solid #808080; padding:3px 6px; vertical-align:top;' colspan='3' data-hidewhen='@Contains(@UserRoles;&quot;[JSOX]&quot;)'>
						<div class='notes-par'><span class='notes-field-wrap'><span class='notes-field' data-field='SAGYO' data-type='keyword' data-kind='editable' data-allowmultivalues='true'></span></span>
						</div>
					</td>
				</tr>
			</table><br/>
			<table style='margin-top:1em; border-collapse:collapse; width:800px; table-layout:fixed;' width='800' border='1' cellspacing='0' cellpadding='0' data-hidewhen='@Contains(@UserRoles;&quot;[JSOX]&quot;)'>
				<tr>
					<td style='border:1px solid #808080; padding:3px 6px; vertical-align:top; background:#e9f3ff; font-weight:bold; width:120px;'>
						<div class='notes-par'><span style='font-weight:bold;'>問合せ種別</span>
						</div>
					</td>
					<td style='border:1px solid #808080; padding:3px 6px; vertical-align:top;'>
						<div class='notes-par'><span class='notes-field-wrap'><span class='notes-field' data-field='category1' data-type='keyword' data-kind='editable'>トラブル</span></span>
						</div>
					</td>
					<td style='border:1px solid #808080; padding:3px 6px; vertical-align:top; background:#e9f3ff; font-weight:bold; width:120px;'>
						<div class='notes-par'><span style='font-weight:bold;'>問合せチャネル</span>
						</div>
					</td>
					<td style='border:1px solid #808080; padding:3px 6px; vertical-align:top;'>
						<div class='notes-par'><span class='notes-field-wrap'><span class='notes-field' data-field='category5' data-type='keyword' data-kind='editable'>メール</span></span>
						</div>
					</td>
				</tr>
			</table>
			<table style='border-collapse:collapse; width:800px; table-layout:fixed;' width='800' border='1' cellspacing='0' cellpadding='0'>
				<tr>
					<td style='border:1px solid #808080; padding:3px 6px; vertical-align:top; background:#e9f3ff; font-weight:bold; width:120px;'>
						<div class='notes-par'><span style='font-weight:bold;'>問合せ内容</span>
						</div>
					</td>
					<td style='border:1px solid #808080; padding:3px 6px; vertical-align:top;'>
						<div class='notes-par'>
							<span class='notes-field-wrap'>
								<span class='notes-field' data-field='category3' data-type='text' data-kind='editable'>06.ネットワーク関連</span>
							</span>
						</div>
						<div class='notes-par'><span class='notes-field-wrap'><span class='notes-field' data-field='category4' data-type='text' data-kind='editable'>06.Prismaﾘﾓｰﾄｱｸｾｽ</span></span>
						</div>
						<div class='notes-par'><span class='notes-field-wrap'><span class='notes-field' data-field='category6' data-type='text' data-kind='editable'></span></span>
						</div>
					</td>
				</tr>
				<tr data-hidewhen='@Contains(@UserRoles;&quot;[JSOX]&quot;)'>
					<td style='border:1px solid #808080; padding:3px 6px; vertical-align:top; background:#e9f3ff; font-weight:bold; width:120px;' data-hidewhen='@Contains(@UserRoles;&quot;[JSOX]&quot;)'>
						<div class='notes-par'><span style='font-weight:bold;'>サポートデスクＤＢ</span>
						</div>
					</td>
					<td style='border:1px solid #808080; padding:3px 6px; vertical-align:top;' colspan='3' data-hidewhen='@Contains(@UserRoles;&quot;[JSOX]&quot;)'>
						<div class='notes-par'><span style='font-weight:bold;'>カテゴリ１：</span><span class='notes-field-wrap'><span class='notes-field' data-field='S_Category1' data-type='text' data-kind='editable'></span></span>
						</div>
						<div class='notes-par'><span style='font-weight:bold;'>カテゴリ２：</span><span class='notes-field-wrap'><span class='notes-field' data-field='S_Category2' data-type='text' data-kind='editable'></span></span>
						</div>
						<div class='notes-par'><span style='font-weight:bold;'>カテゴリ３：</span><span class='notes-field-wrap'><span class='notes-field' data-field='S_Category3' data-type='text' data-kind='editable'></span></span>
						</div>
						<div class='notes-par'><span style='font-weight:bold;'>件名：</span><span class='notes-field-wrap'><span class='notes-field' data-field='S_Outline' data-type='text' data-kind='editable'></span></span>
						</div>
					</td>
				</tr>
				<tr>
					<td style='border:1px solid #808080; padding:3px 6px; vertical-align:top; background:#e9f3ff; font-weight:bold; width:120px;'>
						<div class='notes-par'><span style='font-weight:bold;'>ヘルプマニュアル</span>
						</div>
					</td>
					<td style='border:1px solid #808080; padding:3px 6px; vertical-align:top;' colspan='3'>
						<div class='notes-par'><span style='font-weight:bold;'>カテゴリ１：</span><span class='notes-field-wrap'><span class='notes-field' data-field='H_Category1' data-type='text' data-kind='editable'></span></span>
						</div>
						<div class='notes-par'><span style='font-weight:bold;'>カテゴリ２：</span><span class='notes-field-wrap'><span class='notes-field' data-field='H_Category2' data-type='text' data-kind='editable'></span></span>
						</div>
						<div class='notes-par'><span style='font-weight:bold;'>件名：</span><span class='notes-field-wrap'><span class='notes-field' data-field='H_Outline' data-type='text' data-kind='editable'></span></span>
						</div>
					</td>
				</tr>
				<tr data-hidewhen='@Contains(@UserRoles;&quot;[JSOX]&quot;)'>
					<td style='border:1px solid #808080; padding:3px 6px; vertical-align:top; background:#e9f3ff; font-weight:bold; width:120px;' data-hidewhen='@Contains(@UserRoles;&quot;[JSOX]&quot;)'>
						<div class='notes-par'><span style='font-weight:bold;'>関連部門の</span>
						</div>
						<div class='notes-par'><span style='font-weight:bold;'>ｴｽｶﾚｰｼｮﾝ先</span>
						</div>
					</td>
					<td style='border:1px solid #808080; padding:3px 6px; vertical-align:top;' colspan='3' data-hidewhen='@Contains(@UserRoles;&quot;[JSOX]&quot;)'>
						<div class='notes-par'><span class='notes-field-wrap'><span class='notes-field' data-field='Escalation_1' data-type='text' data-kind='editable'></span></span><span style='font-weight:bold;'>※システム名</span>
						</div>
						<div class='notes-par'><span class='notes-field-wrap'><span class='notes-field' data-field='SSendTo_1' data-type='text' data-kind='editable'></span></span><span style='font-weight:bold;'>※送信先の宛先</span>
						</div>
						<div class='notes-par'><span class='notes-field-wrap'><span class='notes-field' data-field='SCC_1' data-type='text' data-kind='editable'></span></span><span style='font-weight:bold;'>※送信先のCC</span>
						</div>
					</td>
				</tr>
				<tr data-hidewhen='@Contains(@UserRoles;&quot;[JSOX]&quot;)'>
					<td style='border:1px solid #808080; padding:3px 6px; vertical-align:top; background:#e9f3ff; font-weight:bold; width:120px;' data-hidewhen='@Contains(@UserRoles;&quot;[JSOX]&quot;)'>
						<div class='notes-par'><span style='font-weight:bold;'>対応依頼先</span>
						</div>
					</td>
					<td style='border:1px solid #808080; padding:3px 6px; vertical-align:top;' colspan='3'>
						<div class='notes-par'><span class='notes-field-wrap'><span class='notes-field' data-field='Escalation_0_1' data-type='text' data-kind='editable'></span></span>
						</div>
					</td>
				</tr>
			</table><br/>
			<table style='margin-top:1em; border-collapse:collapse; width:800px; table-layout:fixed;' width='800' border='1' cellspacing='0' cellpadding='0' data-hidewhen='@Contains(@UserRoles;&quot;[JSOX]&quot;)'>
				<tr data-hidewhen='@Contains(@UserRoles;&quot;[JSOX]&quot;)'>
					<td style='border:1px solid #808080; padding:3px 6px; vertical-align:top; background:#f2f2f2; font-weight:bold; width:120px;' data-hidewhen='@Contains(@UserRoles;&quot;[JSOX]&quot;)'>
						<div class='notes-par'><span style='font-weight:bold;'>Hardware</span>
						</div>
					</td>
				</tr>
				<tr data-hidewhen='@Contains(@UserRoles;&quot;[JSOX]&quot;)'>
					<td style='border:1px solid #808080; padding:3px 6px; vertical-align:top; background:#e9f3ff; font-weight:bold; width:120px;' data-hidewhen='@Contains(@UserRoles;&quot;[JSOX]&quot;)'>
						<div class='notes-par'><span style='font-weight:bold;'>メーカー</span>
						</div>
					</td>
					<td style='border:1px solid #808080; padding:3px 6px; vertical-align:top;'>
						<div class='notes-par'><span class='notes-field-wrap'><span class='notes-field' data-field='HW' data-type='text' data-kind='editable'></span></span>
						</div>
					</td>
				</tr>
				<tr>
					<td style='border:1px solid #808080; padding:3px 6px; vertical-align:top; background:#e9f3ff; font-weight:bold; width:120px;'>
						<div class='notes-par'><span style='font-weight:bold;'>製品名</span>
						</div>
					</td>
					<td style='border:1px solid #808080; padding:3px 6px; vertical-align:top;'>
						<div class='notes-par'><span class='notes-field-wrap'><span class='notes-field' data-field='SEIHIN' data-type='text' data-kind='editable'></span></span>
						</div>
					</td>
				</tr>
				<tr>
					<td style='border:1px solid #808080; padding:3px 6px; vertical-align:top; background:#e9f3ff; font-weight:bold; width:120px;'>
						<div class='notes-par'><span style='font-weight:bold;'>製造番号</span>
						</div>
					</td>
					<td style='border:1px solid #808080; padding:3px 6px; vertical-align:top;'>
						<div class='notes-par'><span class='notes-field-wrap'><span class='notes-field' data-field='PCSN' data-type='text' data-kind='editable'></span></span>
						</div>
					</td>
				</tr>
			</table><br/>
			<div class='notes-par'><span class='notes-field-wrap'><span class='notes-field' data-field='TRWORK' data-type='text' data-kind='computed'>0</span></span>
			</div>
			<table style='margin-top:1em; border-collapse:collapse; width:800px; table-layout:fixed;' width='800' border='1' cellspacing='0' cellpadding='0' data-hidewhen='@Contains(@UserRoles;&quot;[JSOX]&quot;)'>
				<tr data-hidewhen='@Contains(@UserRoles;&quot;[JSOX]&quot;)'>
					<td style='border:1px solid #808080; padding:3px 6px; vertical-align:top; background:#e9f3ff; font-weight:bold; width:120px;' data-hidewhen='@Contains(@UserRoles;&quot;[JSOX]&quot;)'>
						<div class='notes-par'><span style='font-weight:bold;'>再ｲﾝｽﾄｰﾙ</span>
						</div>
					</td>
					<td style='border:1px solid #808080; padding:3px 6px; vertical-align:top;' data-hidewhen='@Contains(@UserRoles;&quot;[JSOX]&quot;)'>
						<div class='notes-par'>
							<span style='font-weight:bold;'>送付到着確認日：</span>
							<span class='notes-field-wrap'>
								<span class='notes-field' data-field='PCYY' data-type='number' data-kind='editable'></span>
							</span>
							<span style='font-weight:bold;'>年</span>
							<span class='notes-field-wrap'>
								<span class='notes-field' data-field='PCMY' data-type='number' data-kind='editable'></span>
							</span>
							<span style='font-weight:bold;'>月</span>
							<span class='notes-field-wrap'>
								<span class='notes-field' data-field='PCDY' data-type='number' data-kind='editable'></span>
							</span>
							<span style='font-weight:bold;'>日</span>
						</div>
						<div class='notes-par'>
							<span style='font-weight:bold;'>作業者：</span>
							<span class='notes-field' data-field='saitan' data-type='text' data-kind='editable'></span>
						</div>
					</td>
				</tr>
				<tr>
					<td style='border:1px solid #808080; padding:3px 6px; vertical-align:top; background:#e9f3ff; font-weight:bold; width:120px;'>
						<div class='notes-par'><span style='font-weight:bold;'>完了ﾀｲﾌﾟ</span>
						</div>
					</td>
					<td style='border:1px solid #808080; padding:3px 6px; vertical-align:top;'>
						<div class='notes-par'><span class='notes-field-wrap'><span class='notes-field' data-field='statusTYPE' data-type='keyword' data-kind='editable' data-allowmultivalues='true'>自己解決</span></span>
						</div>
						<div class='notes-par'><span class='notes-field-wrap'><span class='notes-field' data-field='MEKER_K' data-type='text' data-kind='editable'></span></span>
						</div>
					</td>
				</tr>
				<tr data-hidewhen='status!=&quot;引継ぎ依頼中&quot;'>
					<td style='border:1px solid #808080; padding:3px 6px; vertical-align:top; background:#e9f3ff; font-weight:bold; width:120px;'>
						<div class='notes-par'><span style='font-weight:bold;'>対応状況</span>
						</div>
					</td>
					<td style='border:1px solid #808080; padding:3px 6px; vertical-align:top;' data-hidewhen='status!=&quot;引継ぎ依頼中&quot;'>
						<div class='notes-par'><span class='notes-field-wrap'><span class='notes-field' data-field='status' data-type='keyword' data-kind='editable'>CLOSE</span></span>
						</div>
						<div class='notes-par'><span class='notes-field-wrap'><span class='notes-field' data-field='dispach' data-type='text' data-kind='computed'>引き継ぎ依頼先：</span></span>
						</div>
						<div class='notes-par'><span class='notes-field-wrap'><span class='notes-field' data-field='dispach_1' data-type='text' data-kind='computed'>調査依頼：　 -</span></span>
						</div>
						<div class='notes-par'><span style='font-weight:bold;'>依頼先担当者：</span><span class='notes-field-wrap'><span class='notes-field' data-field='SecondLineName' data-type='text' data-kind='editable'></span></span>
						</div>
					</td>
				</tr>
				<tr>
					<td style='border:1px solid #808080; padding:3px 6px; vertical-align:top; background:#e9f3ff; font-weight:bold; width:120px;'>
						<div class='notes-par'><span style='font-weight:bold;'>担当者</span>
						</div>
					</td>
					<td style='border:1px solid #808080; padding:3px 6px; vertical-align:top;'>
						<div class='notes-par'>
							<span class='notes-field-wrap'>
								<span class='notes-field' data-field='acc_main' data-type='keyword' data-kind='editable'>渡部 真由美</span>
							</span>
						</div>
						<div class='notes-par'>
							<span style='font-weight:bold;'>受付：</span>
							<span class='notes-field-wrap'>
								<span class='notes-field' data-field='create_name' data-type='text' data-kind='computedwhencomposed'>渡部 真由美</span>
							</span>
						</div>
						<div class='notes-par'>							
							<span style='font-weight:bold;'>前回対応：</span>
							<span class='notes-field-wrap'>
								<span class='notes-field' data-field='acc_name' data-type='text' data-kind='computed' data-allowmultivalues='true'>平田 幸恵</span>
							</span>
						</div>
					</td>
				</tr>
				<tr data-hidewhen='@Contains(@UserRoles;&quot;[JSOX]&quot;)'>
					<td style='border:1px solid #808080; padding:3px 6px; vertical-align:top; background:#e9f3ff; font-weight:bold; width:120px;' data-hidewhen='@Contains(@UserRoles;&quot;[JSOX]&quot;)'>
						<div class='notes-par'><span style='font-weight:bold;'>承認者</span>
						</div>
					</td>
					<td style='border:1px solid #808080; padding:3px 6px; vertical-align:top;' data-hidewhen='@Contains(@UserRoles;&quot;[JSOX]&quot;)'>
						<div class='notes-par'><span class='notes-field-wrap'><span class='notes-field' data-field='Escalation_Approve_1' data-type='text' data-kind='editable'></span></span>&nbsp;<span class='notes-field-wrap'><span class='notes-field' data-field='ESDATE_Y_1' data-type='number' data-kind='editable'></span></span><span style='font-weight:bold;'> 年</span><span class='notes-field-wrap'><span class='notes-field' data-field='ESDATE_M_1' data-type='number' data-kind='editable'></span></span><span style='font-weight:bold;'> 月</span><span class='notes-field-wrap'><span class='notes-field' data-field='ESDATE_D_1' data-type='number' data-kind='editable'></span></span><span style='font-weight:bold;'> 日（</span><span class='notes-field-wrap'><span class='notes-field' data-field='ESTIME_H_1' data-type='text' data-kind='editable'></span></span><span style='font-weight:bold;'>時</span><span class='notes-field-wrap'><span class='notes-field' data-field='ESTIME_M_1' data-type='text' data-kind='editable'></span></span><span style='font-weight:bold;'> 分）</span>
						</div>
					</td>
				</tr>
			</table>
		</div>
	</div><br/>
	<div class='notes-section' data-hidewhen='@Contains(@UserRoles;&quot;[JSOX]&quot;)'>
		<div class='notes-section-body'>
			<table style='margin-top:1em; border-collapse:collapse; width:800px;'>
				<tr>
					<td style='background:#d9d9d9; padding:2px 6px; font-weight:bold;'>関連部門
					</td>
				</tr>
			</table><br/>
			<div class='notes-par'><span style='font-weight:bold;'>区分：</span><span class='notes-field-wrap'><span class='notes-field' data-field='Third_Type' data-type='text' data-kind='editable'>不要</span></span>
			</div><br/>
			<div class='notes-par'><span style='font-weight:bold;'>関連部門　問い合わせ内容</span>
			</div>
			<table style='margin-top:1em; border-collapse:collapse; width:800px; table-layout:fixed;' width='800' border='1' cellspacing='0' cellpadding='0' data-hidewhen='@Contains(@UserRoles;&quot;[JSOX]&quot;)'>
				<tr data-hidewhen='Third_Type=&quot;不要&quot;'>
					<td style='border:1px solid #808080; padding:3px 6px; vertical-align:top; background:#e9f3ff; font-weight:bold; width:120px;' data-hidewhen='Third_Type=&quot;不要&quot;'>
						<div class='notes-par'><span style='font-weight:bold;'>担当者</span>
						</div>
					</td>
					<td style='border:1px solid #808080; padding:3px 6px; vertical-align:top;' data-hidewhen='Third_Type=&quot;不要&quot;'>
						<div class='notes-par'>
							<span class='notes-field-wrap'>
								<span class='notes-field' data-field='Third_Person' data-type='text' data-kind='editable'></span>
							</span>
						</div>
					</td>
				</tr>
				<tr data-hidewhen='Third_Type=&quot;不要&quot;'>
					<td style='border:1px solid #808080; padding:3px 6px; vertical-align:top; background:#e9f3ff; font-weight:bold; width:120px;'>
						<div class='notes-par'><span style='font-weight:bold;'>所属部署</span>
						</div>
					</td>
					<td style='border:1px solid #808080; padding:3px 6px; vertical-align:top;' data-hidewhen='Third_Type=&quot;不要&quot;'>
						<div class='notes-par'><span class='notes-field-wrap'><span class='notes-field' data-field='Third_Dept' data-type='text' data-kind='editable'></span></span>
						</div>
					</td>
				</tr>
				<tr data-hidewhen='Third_Type=&quot;不要&quot;'>
					<td style='border:1px solid #808080; padding:3px 6px; vertical-align:top; background:#e9f3ff; font-weight:bold; width:120px;' data-hidewhen='Third_Type=&quot;不要&quot;'>
						<div class='notes-par'><span style='font-weight:bold;'>連絡先</span>
						</div>
					</td>
					<td style='border:1px solid #808080; padding:3px 6px; vertical-align:top;' data-hidewhen='Third_Type=&quot;不要&quot;'>
						<div class='notes-par'><span class='notes-field-wrap'><span class='notes-field' data-field='Third_Contact' data-type='text' data-kind='editable'></span></span>
						</div>
					</td>
				</tr>
				<tr data-hidewhen='Third_Type=&quot;不要&quot;'>
					<td style='border:1px solid #808080; padding:3px 6px; vertical-align:top; background:#e9f3ff; font-weight:bold; width:120px;'>
						<div class='notes-par'><span style='font-weight:bold;'>受付日時</span>
						</div>
					</td>
					<td style='border:1px solid #808080; padding:3px 6px; vertical-align:top;' data-hidewhen='Third_Type=&quot;不要&quot;'>
						<div class='notes-par'><span class='notes-field-wrap'><span class='notes-field' data-field='SDATE_Y_2' data-type='number' data-kind='editable'></span></span><span style='font-weight:bold;'> 年</span><span class='notes-field-wrap'><span class='notes-field' data-field='SDATE_M_2' data-type='number' data-kind='editable'></span></span><span style='font-weight:bold;'> 月</span><span class='notes-field-wrap'><span class='notes-field' data-field='SDATE_D_2' data-type='number' data-kind='editable'></span></span><span style='font-weight:bold;'> 日（</span><span class='notes-field-wrap'><span class='notes-field' data-field='STIME_H_2' data-type='text' data-kind='editable'></span></span><span style='font-weight:bold;'> 時</span><span class='notes-field-wrap'><span class='notes-field' data-field='STIME_M_2' data-type='text' data-kind='editable'></span></span><span style='font-weight:bold;'> 分）</span>
						</div>
					</td>
				</tr>
				<tr>
					<td style='border:1px solid #808080; padding:3px 6px; vertical-align:top; background:#e9f3ff; font-weight:bold; width:120px;'>
						<div class='notes-par'><span style='font-weight:bold;'>中間回答日時</span>
						</div>
					</td>
					<td style='border:1px solid #808080; padding:3px 6px; vertical-align:top;' colspan='2'>
						<div class='notes-par'><span class='notes-field-wrap'><span class='notes-field' data-field='CDATE_Y_2' data-type='number' data-kind='editable'></span></span><span style='font-weight:bold;'> 年</span><span class='notes-field-wrap'><span class='notes-field' data-field='CDATE_M_2' data-type='number' data-kind='editable'></span></span><span style='font-weight:bold;'> 月</span><span class='notes-field-wrap'><span class='notes-field' data-field='CDATE_D_2' data-type='number' data-kind='editable'></span></span><span style='font-weight:bold;'> 日（</span><span class='notes-field-wrap'><span class='notes-field' data-field='CTIME_H_2' data-type='text' data-kind='editable'></span></span><span style='font-weight:bold;'> 時</span><span class='notes-field-wrap'><span class='notes-field' data-field='CTIME_M_2' data-type='text' data-kind='editable'></span></span><span style='font-weight:bold;'> 分）</span>
						</div>
					</td>
				</tr>
				<tr data-hidewhen='Third_Type=&quot;不要&quot;'>
					<td style='border:1px solid #808080; padding:3px 6px; vertical-align:top; background:#e9f3ff; font-weight:bold; width:120px;' data-hidewhen='Third_Type=&quot;不要&quot;'>
						<div class='notes-par'><span style='font-weight:bold;'>途中経過内容</span>
						</div>
						<div class='notes-par'><span style='font-weight:bold;'>（作業内容）</span>
						</div>
					</td>
					<td style='border:1px solid #808080; padding:3px 6px; vertical-align:top;' colspan='2'>
						<div class='notes-par'><span class='notes-field-wrap'><span class='notes-field' data-field='Third_half' data-type='text' data-kind='editable'></span></span>
						</div>
					</td>
				</tr>
				<tr>
					<td style='border:1px solid #808080; padding:3px 6px; vertical-align:top; background:#e9f3ff; font-weight:bold; width:120px;'>
						<div class='notes-par'><span style='font-weight:bold;'>最終回答日時</span>
						</div>
					</td>
					<td style='border:1px solid #808080; padding:3px 6px; vertical-align:top;' colspan='2'>
						<div class='notes-par'><span class='notes-field-wrap'><span class='notes-field' data-field='EDATE_Y_2' data-type='number' data-kind='editable'></span></span><span style='font-weight:bold;'> 年</span><span class='notes-field-wrap'><span class='notes-field' data-field='EDATE_M_2' data-type='number' data-kind='editable'></span></span><span style='font-weight:bold;'> 月</span><span class='notes-field-wrap'><span class='notes-field' data-field='EDATE_D_2' data-type='number' data-kind='editable'></span></span><span style='font-weight:bold;'> 日（</span><span class='notes-field-wrap'><span class='notes-field' data-field='ETIME_H_2' data-type='text' data-kind='editable'></span></span><span style='font-weight:bold;'> 時</span><span class='notes-field-wrap'><span class='notes-field' data-field='ETIME_M_2' data-type='text' data-kind='editable'></span></span><span style='font-weight:bold;'> 分）</span>
						</div>
					</td>
				</tr>
				<tr data-hidewhen='Third_Type=&quot;不要&quot; | (Third_Type=&quot;必要&quot; &amp; !(Escalation_1=&quot;UserID再作成&quot; | Escalation_1=&quot;ｾｷｭｱID PWﾘｾｯﾄ依頼&quot; | Escalation_1=&quot;ﾒｰﾙﾘｽﾄｱ依頼&quot;))'>
					<td style='border:1px solid #808080; padding:3px 6px; vertical-align:top; background:#e9f3ff; font-weight:bold; width:120px;'>
						<div class='notes-par'><span style='font-weight:bold;'>回答内容</span>
						</div>
					</td>
					<td style='border:1px solid #808080; padding:3px 6px; vertical-align:top;' data-hidewhen='Third_Type=&quot;不要&quot; | (Third_Type=&quot;必要&quot; &amp; !(Escalation_1=&quot;UserID再作成&quot; | Escalation_1=&quot;ｾｷｭｱID PWﾘｾｯﾄ依頼&quot; | Escalation_1=&quot;ﾒｰﾙﾘｽﾄｱ依頼&quot;))'>
						<div class='notes-par'><span class='notes-field-wrap'><span class='notes-field' data-field='Third_answer' data-type='text' data-kind='editable'></span></span>
						</div>
					</td>
				</tr>
				<tr>
					<td style='border:1px solid #808080; padding:3px 6px; vertical-align:top; background:#e9f3ff; font-weight:bold; width:120px;'>
						<div class='notes-par'><span style='font-weight:bold;'>問合せ種別</span>
						</div>
					</td>
					<td style='border:1px solid #808080; padding:3px 6px; vertical-align:top;' colspan='2'>
						<div class='notes-par'><span class='notes-field-wrap'><span class='notes-field' data-field='Second_category1' data-type='keyword' data-kind='editable'></span></span>
						</div>
					</td>
				</tr>
				<tr data-hidewhen='Third_Type=&quot;不要&quot;'>
					<td style='border:1px solid #808080; padding:3px 6px; vertical-align:top; background:#e9f3ff; font-weight:bold; width:120px;' data-hidewhen='Third_Type=&quot;不要&quot;'>
						<div class='notes-par'><span style='font-weight:bold;'>問合せ内容</span>
						</div>
					</td>
					<td style='border:1px solid #808080; padding:3px 6px; vertical-align:top;' data-hidewhen='Third_Type=&quot;不要&quot;'>
						<div class='notes-par'><span class='notes-field-wrap'><span class='notes-field' data-field='Second_category2' data-type='text' data-kind='computed'></span></span>
						</div>
						<div class='notes-par'><span class='notes-field-wrap'><span class='notes-field' data-field='Second_category3' data-type='text' data-kind='computed'></span></span>
						</div>
						<div class='notes-par'><span class='notes-field-wrap'><span class='notes-field' data-field='Second_category4' data-type='text' data-kind='computed'></span></span>
						</div>
					</td>
				</tr>
				<tr>
					<td style='border:1px solid #808080; padding:3px 6px; vertical-align:top; background:#e9f3ff; font-weight:bold; width:120px;'>
						<div class='notes-par'><span style='font-weight:bold;'>対応時間</span>
						</div>
						<div class='notes-par'><span style='font-weight:bold;'>調査時間</span>
						</div>
					</td>
					<td style='border:1px solid #808080; padding:3px 6px; vertical-align:top;' colspan='2'>
						<div class='notes-par'><span class='notes-field-wrap'><span class='notes-field' data-field='JIKAN_2_1' data-type='number' data-kind='editable'></span></span><span style='font-weight:bold;'>分</span>
						</div>
						<div class='notes-par'><span class='notes-field-wrap'><span class='notes-field' data-field='JIKAN_2_2' data-type='number' data-kind='editable'></span></span><span style='font-weight:bold;'>分</span>
						</div>
					</td>
				</tr>
				<tr>
					<td style='border:1px solid #808080; padding:3px 6px; vertical-align:top; background:#e9f3ff; font-weight:bold; width:120px;'>
						<div class='notes-par'><span style='font-weight:bold;'>障害</span>
						</div>
					</td>
					<td style='border:1px solid #808080; padding:3px 6px; vertical-align:top;' colspan='2'>
						<div class='notes-par'><span class='notes-field-wrap'><span class='notes-field' data-field='Trouble_2' data-type='keyword' data-kind='editable' data-allowmultivalues='true'></span></span>
						</div>
					</td>
				</tr>
				<tr>
					<td style='border:1px solid #808080; padding:3px 6px; vertical-align:top; background:#e9f3ff; font-weight:bold; width:120px;'>
						<div class='notes-par'><span style='font-weight:bold;'>上長コメント</span>
						</div>
					</td>
					<td style='border:1px solid #808080; padding:3px 6px; vertical-align:top;' colspan='2'>
						<div class='notes-par'><span class='notes-field-wrap'><span class='notes-field' data-field='Third_comment' data-type='text' data-kind='editable'></span></span>
						</div>
					</td>
				</tr>
				<tr>
					<td style='border:1px solid #808080; padding:3px 6px; vertical-align:top; background:#e9f3ff; font-weight:bold; width:120px;'>
						<div class='notes-par'><span style='font-weight:bold;'>上長承認</span>
						</div>
					</td>
					<td style='border:1px solid #808080; padding:3px 6px; vertical-align:top;' colspan='2'>
						<div class='notes-par'><span class='notes-field-wrap'><span class='notes-field' data-field='Trouble_Approve_2' data-type='text' data-kind='editable'></span></span>&nbsp;<span class='notes-field-wrap'><span class='notes-field' data-field='ADATE_Y_2' data-type='number' data-kind='editable'></span></span><span style='font-weight:bold;'> 年</span><span class='notes-field-wrap'><span class='notes-field' data-field='ADATE_M_2' data-type='number' data-kind='editable'></span></span><span style='font-weight:bold;'> 月</span><span class='notes-field-wrap'><span class='notes-field' data-field='ADATE_D_2' data-type='number' data-kind='editable'></span></span><span style='font-weight:bold;'> 日（</span><span class='notes-field-wrap'><span class='notes-field' data-field='ATIME_H_2' data-type='text' data-kind='editable'></span></span><span style='font-weight:bold;'> 時</span><span class='notes-field-wrap'><span class='notes-field' data-field='ATIME_M_2' data-type='text' data-kind='editable'></span></span><span style='font-weight:bold;'> 分）</span>
						</div>
					</td>
				</tr>
			</table>
		</div>
	</div><br/>
	<div class='notes-par'><span style='font-weight:bold;'>トラブルチケット</span><span style='font-weight:bold;'>(有無：</span><span class='notes-field-wrap'><span class='notes-field' data-field='TRUMU' data-type='keyword' data-kind='editable'>無</span></span><span style='font-weight:bold;'>）</span>
	</div>
	<table style='margin-top:1em; border-collapse:collapse; width:800px; table-layout:fixed;' width='800' border='1' cellspacing='0' cellpadding='0' data-hidewhen='@Contains(@UserRoles;&quot;[JSOX]&quot;)'>
		<tr data-hidewhen='@Contains(@UserRoles;&quot;[JSOX]&quot;)'>
			<td style='border:1px solid #808080; padding:3px 6px; vertical-align:top;' data-hidewhen='@Contains(@UserRoles;&quot;[JSOX]&quot;)'>
				<div class='notes-par'><span style='font-weight:bold;'>障害個所：</span><span class='notes-field-wrap'><span class='notes-field' data-field='KOSHO' data-type='keyword' data-kind='editable' data-allowmultivalues='true'></span></span>
				</div>
			</td>
		</tr>
	</table><br/>
	<div class='notes-section' data-hidewhen='@Contains(@UserRoles;&quot;[JSOX]&quot;)'>
		<div class='notes-section-body'>
			<div class='notes-par'><span style='font-weight:bold;'>（保守対応依頼）</span>
			</div>
			<table style='margin-top:1em; border-collapse:collapse; width:800px; table-layout:fixed;' width='800' border='1' cellspacing='0' cellpadding='0' data-hidewhen='@Contains(@UserRoles;&quot;[JSOX]&quot;)'>
				<tr data-hidewhen='@Contains(@UserRoles;&quot;[JSOX]&quot;)'>
					<td style='border:1px solid #808080; padding:3px 6px; vertical-align:top; background:#e9f3ff; font-weight:bold; width:120px;' data-hidewhen='@Contains(@UserRoles;&quot;[JSOX]&quot;)'>
						<div class='notes-par'><span style='font-weight:bold;'>会社名</span>
						</div>
					</td>
					<td style='border:1px solid #808080; padding:3px 6px; vertical-align:top;' data-hidewhen='@Contains(@UserRoles;&quot;[JSOX]&quot;)'>
						<div class='notes-par'><span class='notes-field-wrap'><span class='notes-field' data-field='TRMAKER' data-type='text' data-kind='editable'></span></span>
						</div>
					</td>
				</tr>
				<tr>
					<td style='border:1px solid #808080; padding:3px 6px; vertical-align:top; background:#e9f3ff; font-weight:bold; width:120px;'>
						<div class='notes-par'><span style='font-weight:bold;'>部署名</span>
						</div>
					</td>
					<td style='border:1px solid #808080; padding:3px 6px; vertical-align:top;'>
						<div class='notes-par'><span class='notes-field-wrap'><span class='notes-field' data-field='TRKBUSYO' data-type='text' data-kind='editable'></span></span>
						</div>
					</td>
				</tr>
				<tr>
					<td style='border:1px solid #808080; padding:3px 6px; vertical-align:top; background:#e9f3ff; font-weight:bold; width:120px;'>
						<div class='notes-par'><span style='font-weight:bold;'>担当者名</span>
						</div>
					</td>
					<td style='border:1px solid #808080; padding:3px 6px; vertical-align:top;'>
						<div class='notes-par'><span class='notes-field-wrap'><span class='notes-field' data-field='TRTANTO' data-type='text' data-kind='editable'></span></span><span style='font-weight:bold;'>　様</span>
						</div>
					</td>
				</tr>
				<tr>
					<td style='border:1px solid #808080; padding:3px 6px; vertical-align:top; background:#e9f3ff; font-weight:bold; width:120px;'>
						<div class='notes-par'><span style='font-weight:bold;'>ＦＡＸ</span>
						</div>
					</td>
					<td style='border:1px solid #808080; padding:3px 6px; vertical-align:top;'>
						<div class='notes-par'><span class='notes-field-wrap'><span class='notes-field' data-field='TRFAX' data-type='text' data-kind='editable'></span></span>
						</div>
					</td>
				</tr>
				<tr>
					<td style='border:1px solid #808080; padding:3px 6px; vertical-align:top; background:#e9f3ff; font-weight:bold; width:120px;'>
						<div class='notes-par'><span style='font-weight:bold;'>ＴＥＬ</span>
						</div>
					</td>
					<td style='border:1px solid #808080; padding:3px 6px; vertical-align:top;'>
						<div class='notes-par'><span class='notes-field-wrap'><span class='notes-field' data-field='TRTEL' data-type='text' data-kind='editable'></span></span>
						</div>
					</td>
				</tr>
			</table><br/>
			<table style='margin-top:1em; border-collapse:collapse; width:800px; table-layout:fixed;' width='800' border='1' cellspacing='0' cellpadding='0' data-hidewhen='@Contains(@UserRoles;&quot;[JSOX]&quot;)'>
				<tr data-hidewhen='@Contains(@UserRoles;&quot;[JSOX]&quot;)'>
					<td style='border:1px solid #808080; padding:3px 6px; vertical-align:top; background:#e9f3ff; font-weight:bold; width:120px;'>
						<div class='notes-par'><span style='font-weight:bold;'>チケット№</span>
						</div>
					</td>
					<td style='border:1px solid #808080; padding:3px 6px; vertical-align:top;'>
						<div class='notes-par'><span class='notes-field-wrap'><span class='notes-field' data-field='TRNO' data-type='text' data-kind='editable'></span></span>
						</div>
					</td>
					<td style='border:1px solid #808080; padding:3px 6px; vertical-align:top; background:#e9f3ff; font-weight:bold; width:120px;' data-hidewhen='@Contains(@UserRoles;&quot;[JSOX]&quot;)'>
						<div class='notes-par'><span style='font-weight:bold;'>ＯＳ</span>
						</div>
					</td>
					<td style='border:1px solid #808080; padding:3px 6px; vertical-align:top;' data-hidewhen='@Contains(@UserRoles;&quot;[JSOX]&quot;)'>
						<div class='notes-par'><span class='notes-field-wrap'><span class='notes-field' data-field='TROS' data-type='text' data-kind='editable'></span></span>
						</div>
					</td>
				</tr>
				<tr>
					<td style='border:1px solid #808080; padding:3px 6px; vertical-align:top; background:#e9f3ff; font-weight:bold; width:120px;'>
						<div class='notes-par'><span style='font-weight:bold;'>対象機種名</span>
						</div>
					</td>
					<td style='border:1px solid #808080; padding:3px 6px; vertical-align:top;'>
						<div class='notes-par'><span class='notes-field-wrap'><span class='notes-field' data-field='TRKISYU' data-type='text' data-kind='editable'></span></span>
						</div>
					</td>
					<td style='border:1px solid #808080; padding:3px 6px; vertical-align:top; background:#e9f3ff; font-weight:bold; width:120px;'>
						<div class='notes-par'><span style='font-weight:bold;'>品番(S/N)</span>
						</div>
					</td>
					<td style='border:1px solid #808080; padding:3px 6px; vertical-align:top;'>
						<div class='notes-par'><span class='notes-field-wrap'><span class='notes-field' data-field='TRSN' data-type='text' data-kind='editable'></span></span>
						</div>
					</td>
				</tr>
				<tr>
					<td style='border:1px solid #808080; padding:3px 6px; vertical-align:top; background:#e9f3ff; font-weight:bold; width:120px;'>
						<div class='notes-par'><span style='font-weight:bold;'>導入時期</span>
						</div>
					</td>
					<td style='border:1px solid #808080; padding:3px 6px; vertical-align:top;'>
						<div class='notes-par'><span class='notes-field-wrap'><span class='notes-field' data-field='TRJIKI' data-type='text' data-kind='editable'></span></span>
						</div>
					</td>
					<td style='border:1px solid #808080; padding:3px 6px; vertical-align:top; background:#e9f3ff; font-weight:bold; width:120px;'>
						<div class='notes-par'><span style='font-weight:bold;'>備考</span>
						</div>
					</td>
					<td style='border:1px solid #808080; padding:3px 6px; vertical-align:top;'>
						<div class='notes-par'><span class='notes-field-wrap'><span class='notes-field' data-field='TRBIKOU' data-type='text' data-kind='editable'></span></span>
						</div>
					</td>
				</tr>
			</table><br/>
			<div class='notes-par'><span style='font-weight:bold;'>（ユーザー情報）</span>
			</div>
			<table style='margin-top:1em; border-collapse:collapse; width:800px; table-layout:fixed;' width='800' border='1' cellspacing='0' cellpadding='0' data-hidewhen='@Contains(@UserRoles;&quot;[JSOX]&quot;)'>
				<tr data-hidewhen='@Contains(@UserRoles;&quot;[JSOX]&quot;)'>
					<td style='border:1px solid #808080; padding:3px 6px; vertical-align:top; background:#e9f3ff; font-weight:bold; width:120px;' data-hidewhen='@Contains(@UserRoles;&quot;[JSOX]&quot;)'>
						<div class='notes-par'><span style='font-weight:bold;'>氏名</span>
						</div>
					</td>
					<td style='border:1px solid #808080; padding:3px 6px; vertical-align:top;' data-hidewhen='@Contains(@UserRoles;&quot;[JSOX]&quot;)'>
						<div class='notes-par'><span class='notes-field-wrap'><span class='notes-field' data-field='TRYNAME' data-type='text' data-kind='editable'></span></span>
						</div>
					</td>
				</tr>
				<tr>
					<td style='border:1px solid #808080; padding:3px 6px; vertical-align:top; background:#e9f3ff; font-weight:bold; width:120px;'>
						<div class='notes-par'><span style='font-weight:bold;'>ＴＥＬ</span>
						</div>
					</td>
					<td style='border:1px solid #808080; padding:3px 6px; vertical-align:top;'>
						<div class='notes-par'><span class='notes-field-wrap'><span class='notes-field' data-field='TRYTEL' data-type='text' data-kind='editable'></span></span>
						</div>
					</td>
				</tr>
				<tr>
					<td style='border:1px solid #808080; padding:3px 6px; vertical-align:top; background:#e9f3ff; font-weight:bold; width:120px;'>
						<div class='notes-par'><span style='font-weight:bold;'>会社名</span>
						</div>
					</td>
					<td style='border:1px solid #808080; padding:3px 6px; vertical-align:top;'>
						<div class='notes-par'><span class='notes-field-wrap'><span class='notes-field' data-field='TRYKAISHA' data-type='text' data-kind='editable'></span></span>
						</div>
					</td>
				</tr>
				<tr>
					<td style='border:1px solid #808080; padding:3px 6px; vertical-align:top; background:#e9f3ff; font-weight:bold; width:120px;'>
						<div class='notes-par'><span style='font-weight:bold;'>事業所名</span>
						</div>
					</td>
					<td style='border:1px solid #808080; padding:3px 6px; vertical-align:top;'>
						<div class='notes-par'><span class='notes-field-wrap'><span class='notes-field' data-field='TRYJIGYOU' data-type='text' data-kind='editable'></span></span>
						</div>
					</td>
				</tr>
				<tr>
					<td style='border:1px solid #808080; padding:3px 6px; vertical-align:top; background:#e9f3ff; font-weight:bold; width:120px;'>
						<div class='notes-par'><span style='font-weight:bold;'>住所</span>
						</div>
					</td>
					<td style='border:1px solid #808080; padding:3px 6px; vertical-align:top;'>
						<div class='notes-par'><span class='notes-field-wrap'><span class='notes-field' data-field='TRYADDRESS' data-type='text' data-kind='editable'></span></span>
						</div>
					</td>
				</tr>
				<tr>
					<td style='border:1px solid #808080; padding:3px 6px; vertical-align:top; background:#e9f3ff; font-weight:bold; width:120px;'>
						<div class='notes-par'><span style='font-weight:bold;'>障害内容</span>
						</div>
					</td>
					<td style='border:1px solid #808080; padding:3px 6px; vertical-align:top;'>
						<div class='notes-par'><span class='notes-field-wrap'><span class='notes-field' data-field='TRYNAIYO' data-type='text' data-kind='editable'></span></span>
						</div>
					</td>
				</tr>
				<tr>
					<td style='border:1px solid #808080; padding:3px 6px; vertical-align:top; background:#e9f3ff; font-weight:bold; width:120px;'>
						<div class='notes-par'><span style='font-weight:bold;'>備考</span>
						</div>
					</td>
					<td style='border:1px solid #808080; padding:3px 6px; vertical-align:top;'>
						<div class='notes-par'><span class='notes-field-wrap'><span class='notes-field' data-field='TRYBIKOU' data-type='text' data-kind='editable'></span></span>
						</div>
					</td>
				</tr>
			</table>
		</div>
	</div><br/>
	<div class='notes-par'><span style='font-weight:bold;'>ＰＣ再セットアップ</span><span style='font-weight:bold;'>(</span><span style='font-weight:bold;'>有無：</span><span class='notes-field-wrap'><span class='notes-field' data-field='PCUMU' data-type='keyword' data-kind='editable'>無</span></span><span style='font-weight:bold;'>）</span>
	</div>
	<div class='notes-section' data-hidewhen='@Contains(@UserRoles;&quot;[JSOX]&quot;)'>
		<div class='notes-section-body'>
			<div class='notes-par'><span style='font-weight:bold;'>（ＰＣユーザー）</span>
			</div>
			<table style='margin-top:1em; border-collapse:collapse; width:800px; table-layout:fixed;' width='800' border='1' cellspacing='0' cellpadding='0'>
				<tr>
					<td style='border:1px solid #808080; padding:3px 6px; vertical-align:top; background:#e9f3ff; font-weight:bold; width:120px;'>
						<div class='notes-par'><span style='font-weight:bold;'>氏名</span>
						</div>
					</td>
					<td style='border:1px solid #808080; padding:3px 6px; vertical-align:top;'>
						<div class='notes-par'><span class='notes-field-wrap'><span class='notes-field' data-field='PCNAME' data-type='text' data-kind='editable'></span></span><span style='font-weight:bold;'>様</span>
						</div>
					</td>
				</tr>
				<tr>
					<td style='border:1px solid #808080; padding:3px 6px; vertical-align:top; background:#e9f3ff; font-weight:bold; width:120px;'>
						<div class='notes-par'><span style='font-weight:bold;'>会社名</span>
						</div>
					</td>
					<td style='border:1px solid #808080; padding:3px 6px; vertical-align:top;'>
						<div class='notes-par'><span class='notes-field-wrap'><span class='notes-field' data-field='PCKAISHA' data-type='text' data-kind='editable'></span></span>
						</div>
					</td>
				</tr>
				<tr>
					<td style='border:1px solid #808080; padding:3px 6px; vertical-align:top; background:#e9f3ff; font-weight:bold; width:120px;'>
						<div class='notes-par'><span style='font-weight:bold;'>事業所名</span>
						</div>
					</td>
					<td style='border:1px solid #808080; padding:3px 6px; vertical-align:top;'>
						<div class='notes-par'><span class='notes-field-wrap'><span class='notes-field' data-field='PCJIGYOU' data-type='text' data-kind='editable'></span></span>
						</div>
					</td>
				</tr>
				<tr>
					<td style='border:1px solid #808080; padding:3px 6px; vertical-align:top; background:#e9f3ff; font-weight:bold; width:120px;'>
						<div class='notes-par'><span style='font-weight:bold;'>住所</span>
						</div>
					</td>
					<td style='border:1px solid #808080; padding:3px 6px; vertical-align:top;'>
						<div class='notes-par'><span class='notes-field-wrap'><span class='notes-field' data-field='PCADDRESS' data-type='text' data-kind='editable'></span></span>
						</div>
					</td>
				</tr>
				<tr>
					<td style='border:1px solid #808080; padding:3px 6px; vertical-align:top; background:#e9f3ff; font-weight:bold; width:120px;'>
						<div class='notes-par'><span style='font-weight:bold;'>ＴＥＬ</span>
						</div>
					</td>
					<td style='border:1px solid #808080; padding:3px 6px; vertical-align:top;'>
						<div class='notes-par'><span class='notes-field-wrap'><span class='notes-field' data-field='PCTEL' data-type='text' data-kind='editable'></span></span>
						</div>
					</td>
				</tr>
				<tr>
					<td style='border:1px solid #808080; padding:3px 6px; vertical-align:top; background:#e9f3ff; font-weight:bold; width:120px;'>
						<div class='notes-par'><span style='font-weight:bold;'>ＦＡＸ</span>
						</div>
					</td>
					<td style='border:1px solid #808080; padding:3px 6px; vertical-align:top;'>
						<div class='notes-par'><span class='notes-field-wrap'><span class='notes-field' data-field='PCFAX' data-type='text' data-kind='editable'></span></span>
						</div>
					</td>
				</tr>
			</table><br/>
			<div class='notes-par'><span style='font-weight:bold;'>（使用ツール）</span>
			</div>
			<table style='margin-top:1em; border-collapse:collapse; width:800px; table-layout:fixed;' width='800' border='1' cellspacing='0' cellpadding='0' data-hidewhen='@Contains(@UserRoles;&quot;[JSOX]&quot;)'>
				<tr data-hidewhen='@Contains(@UserRoles;&quot;[JSOX]&quot;)'>
					<td style='border:1px solid #808080; padding:3px 6px; vertical-align:top;' data-hidewhen='@Contains(@UserRoles;&quot;[JSOX]&quot;)'>
						<div class='notes-par'><span class='notes-field-wrap'><span class='notes-field' data-field='TOOL' data-type='keyword' data-kind='editable' data-allowmultivalues='true'></span></span>
						</div>
					</td>
				</tr>
			</table><br/>
			<div class='notes-par'><span style='font-weight:bold;'>備考：</span><span class='notes-field-wrap'><span class='notes-field' data-field='BIKOU' data-type='text' data-kind='editable'></span></span>
			</div>
			<table style='margin-top:1em; border-collapse:collapse; width:800px; table-layout:fixed;' width='800' border='1' cellspacing='0' cellpadding='0' data-hidewhen='@Contains(@UserRoles;&quot;[JSOX]&quot;)'>
				<tr data-hidewhen='@Contains(@UserRoles;&quot;[JSOX]&quot;)'>
					<td style='border:1px solid #808080; padding:3px 6px; vertical-align:top; background:#e9f3ff; font-weight:bold; width:120px;' data-hidewhen='@Contains(@UserRoles;&quot;[JSOX]&quot;)'>
						<div class='notes-par'><span style='font-weight:bold;'>パソコン返送日</span>
						</div>
					</td>
					<td style='border:1px solid #808080; padding:3px 6px; vertical-align:top;' data-hidewhen='@Contains(@UserRoles;&quot;[JSOX]&quot;)'>
						<div class='notes-par'><span class='notes-field-wrap'><span class='notes-field' data-field='PCYH' data-type='number' data-kind='editable'></span></span><span style='font-weight:bold;'>年</span><span class='notes-field-wrap'><span class='notes-field' data-field='PCMH' data-type='number' data-kind='editable'></span></span><span style='font-weight:bold;'>月</span><span class='notes-field-wrap'><span class='notes-field' data-field='PCDH' data-type='number' data-kind='editable'></span></span><span style='font-weight:bold;'>日</span>
						</div>
					</td>
				</tr>
			</table><br/>
			<div class='notes-par'><span style='font-weight:bold;'>（再セットアップ関係者)</span>
			</div>
			<table style='margin-top:1em; border-collapse:collapse; width:800px; table-layout:fixed;' width='800' border='1' cellspacing='0' cellpadding='0' data-hidewhen='@Contains(@UserRoles;&quot;[JSOX]&quot;)'>
				<tr data-hidewhen='@Contains(@UserRoles;&quot;[JSOX]&quot;)'>
					<td style='border:1px solid #808080; padding:3px 6px; vertical-align:top; background:#e9f3ff; font-weight:bold; width:120px;' data-hidewhen='@Contains(@UserRoles;&quot;[JSOX]&quot;)'>
						<div class='notes-par'><span style='font-weight:bold;'>１</span>
						</div>
					</td>
					<td style='border:1px solid #808080; padding:3px 6px; vertical-align:top;' data-hidewhen='@Contains(@UserRoles;&quot;[JSOX]&quot;)'>
						<div class='notes-par'><span class='notes-field-wrap'><span class='notes-field' data-field='KANKEI1' data-type='text' data-kind='editable'></span></span>
						</div>
					</td>
					<td style='border:1px solid #808080; padding:3px 6px; vertical-align:top;' data-hidewhen='@Contains(@UserRoles;&quot;[JSOX]&quot;)'>
						<div class='notes-par'><span class='notes-field-wrap'><span class='notes-field' data-field='KANJIKAN1' data-type='text' data-kind='editable'></span></span><span style='font-weight:bold;'>分：</span><span class='notes-field-wrap'><span class='notes-field' data-field='HDATE1' data-type='datetime' data-kind='editable'></span></span>
						</div>
					</td>
				</tr>
				<tr>
					<td style='border:1px solid #808080; padding:3px 6px; vertical-align:top; background:#e9f3ff; font-weight:bold; width:120px;'>
						<div class='notes-par'><span style='font-weight:bold;'>２</span>
						</div>
					</td>
					<td style='border:1px solid #808080; padding:3px 6px; vertical-align:top;'>
						<div class='notes-par'><span class='notes-field-wrap'><span class='notes-field' data-field='KANKEI2' data-type='text' data-kind='editable'></span></span>
						</div>
					</td>
					<td style='border:1px solid #808080; padding:3px 6px; vertical-align:top;'>
						<div class='notes-par'><span class='notes-field-wrap'><span class='notes-field' data-field='KANJIKAN2' data-type='text' data-kind='editable'></span></span><span style='font-weight:bold;'>分：</span><span class='notes-field-wrap'><span class='notes-field' data-field='HDATE2' data-type='datetime' data-kind='editable'></span></span>
						</div>
					</td>
				</tr>
				<tr>
					<td style='border:1px solid #808080; padding:3px 6px; vertical-align:top; background:#e9f3ff; font-weight:bold; width:120px;'>
						<div class='notes-par'><span style='font-weight:bold;'>３</span>
						</div>
					</td>
					<td style='border:1px solid #808080; padding:3px 6px; vertical-align:top;'>
						<div class='notes-par'><span class='notes-field-wrap'><span class='notes-field' data-field='KANKEI3' data-type='text' data-kind='editable'></span></span>
						</div>
					</td>
					<td style='border:1px solid #808080; padding:3px 6px; vertical-align:top;'>
						<div class='notes-par'><span class='notes-field-wrap'><span class='notes-field' data-field='KANJIKAN3' data-type='text' data-kind='editable'></span></span><span style='font-weight:bold;'>分：</span><span class='notes-field-wrap'><span class='notes-field' data-field='HDATE3' data-type='datetime' data-kind='editable'></span></span>
						</div>
					</td>
				</tr>
			</table>
		</div>
	</div><br/>
	<div class='notes-section'>
		<div class='notes-section-body'>
			<table style='margin-top:1em; border-collapse:collapse; width:800px;'>
				<tr>
					<td style='background:#d9d9d9; padding:2px 6px; font-weight:bold;'>対応ﾒﾓ
					</td>
				</tr>
			</table><br/>
			<div class='notes-par'><span class='notes-field-wrap'><span class='notes-field' data-field='Memo' data-type='text' data-kind='editable'></span></span>
			</div>
		</div>
	</div><br/>
	<div class='notes-section' data-hidewhen='@Contains(@UserRoles;&quot;[JSOX]&quot;)'>
		<div class='notes-section-body'>
			<table style='margin-top:1em; border-collapse:collapse; width:800px;'>
				<tr>
					<td style='background:#d9d9d9; padding:2px 6px; font-weight:bold;'>添付資料
					</td>
				</tr>
			</table><br/>
			<div class='notes-par'><span style='font-weight:bold;'>PC修理 ・・・・：</span><span class='notes-field-wrap'><span class='notes-field' data-field='body_1' data-type='richtext' data-kind='editable'><p></p></span></span>
			</div><br/>
			<div class='notes-par'><span style='font-weight:bold;'>関連ｺｰﾙ</span><span style='font-weight:bold;'>・・・・：</span><span class='notes-field-wrap'><span class='notes-field' data-field='body' data-type='richtext' data-kind='editable'><div id='seg-001' data-id='seg-001'><div style='margin:8px 0; padding:10px; border:1px solid #e3e3e3; border-radius:10px;'><object data='name:p1' data-attachment='①.png' type='image/png'></object></div></div>
<div id='seg-002' data-id='seg-002'><div style='margin:8px 0; padding:10px; border:1px solid #e3e3e3; border-radius:10px;'><object data='name:p2' data-attachment='②.png' type='image/png'></object></div></div>
<div id='seg-003' data-id='seg-003'>seg-003</div></span></span>
			</div>
		</div>
	</div><br/>
	<div class='notes-section' data-hidewhen='@Contains(@UserRoles;&quot;[JSOX]&quot;)'>
		<div class='notes-section-body'>
			<table style='margin-top:1em; border-collapse:collapse; width:800px;'>
				<tr>
					<td style='background:#d9d9d9; padding:2px 6px; font-weight:bold;'>履歴情報
					</td>
				</tr>
			</table><br/>
			<div class='notes-par'><span class='notes-field-wrap'><span class='notes-field' data-field='history' data-type='text' data-kind='computed' data-allowmultivalues='true'>2024/09/30 19:25 渡部 真由美 CLOSE<br/>2024/09/27 18:08 渡部 真由美 OPEN<br/>2024/09/27 17:21 渡部 真由美 CLOSE<br/>2024/09/27 12:52 渡部 真由美 CLOSE<br/>2024/09/27 9:13 渡部 真由美 CLOSE<br/>2024/09/27 8:35 渡部 真由美 OPEN<br/>2024/09/27 8:32 渡部 真由美 OPEN</span></span>
			</div>
		</div>
	</div>
</div>

        </body>
        </html>
2026-02-17 09:14:08 INFO [main.services.graph_client] Create OneNote page parts: count=2 parts=[{'part_name': 'p1', 'filename': '①.png', 'content_type': 'image/png', 'size': 414638}, {'part_name': 'p2', 'filename': '②.png', 'content_type': 'image/png', 'size': 421450}]
2026-02-17 09:14:08 DEBUG [main.services.graph_client] Graph request: POST https://graph.microsoft.com/v1.0/me/onenote/sections/1-44fb02cf-3b28-43ab-8129-5c7e65e3213f/pages headers={'Authorization': '***REDACTED***'} kwargs={'multipart_parts': [{'part': 'Presentation', 'filename': 'presentation.html', 'content_type': 'text/html', 'size': 82825}, {'part': 'p1', 'filename': '①.png', 'content_type': 'image/png', 'size': 414638}, {'part': 'p2', 'filename': '②.png', 'content_type': 'image/png', 'size': 421450}]}
2026-02-17 09:14:30 DEBUG [urllib3.connectionpool] https://graph.microsoft.com:443 "POST /v1.0/me/onenote/sections/1-44fb02cf-3b28-43ab-8129-5c7e65e3213f/pages HTTP/1.1" 201 None
2026-02-17 09:14:30 INFO [main.services.graph_client] Graph request success: POST https://graph.microsoft.com/v1.0/me/onenote/sections/1-44fb02cf-3b28-43ab-8129-5c7e65e3213f/pages status=201 elapsed=21745ms
2026-02-17 09:14:30 DEBUG [main.services.graph_client] Graph request: PATCH https://graph.microsoft.com/v1.0/me/onenote/pages/1-82896c4a01b04e6c9f273b48cb496db0!219-44fb02cf-3b28-43ab-8129-5c7e65e3213f/content headers={'Authorization': '***REDACTED***'} kwargs={'multipart_parts': [{'part': 'p1', 'filename': '③.png', 'content_type': 'image/png', 'size': 399916}, {'part': 'Commands', 'filename': 'commands.json', 'content_type': 'application/json', 'size': 244}]}
2026-02-17 09:14:33 DEBUG [urllib3.connectionpool] https://graph.microsoft.com:443 "PATCH /v1.0/me/onenote/pages/1-82896c4a01b04e6c9f273b48cb496db0!219-44fb02cf-3b28-43ab-8129-5c7e65e3213f/content HTTP/1.1" 204 0
2026-02-17 09:14:33 INFO [main.services.graph_client] Graph request success: PATCH https://graph.microsoft.com/v1.0/me/onenote/pages/1-82896c4a01b04e6c9f273b48cb496db0!219-44fb02cf-3b28-43ab-8129-5c7e65e3213f/content status=204 elapsed=3018ms
